dsh: reasoning:
Let me start by exploring the workspace and reading the contract.
dsh: reasoning:
Let me read the environment-task.md, model-task.md, and pipeline-research.md.
dsh: reasoning:
Let me continue reading the pipeline research file.
dsh: reasoning:
Now let me look at the existing old experiment's builder, since it likely already built an underwater scene with reused Aeschna assets. This will be very helpful. Note: I must not modify old experiment files, but I can read them. Let me look at LadyLakeLabBuilder.cs, LadyLakeLabMaterials.cs, LadyLakeLabTextures.cs, and the provenance.

Also I need to read production DynamicCardEffects/SourceControllers/AnimatedMaterialProperty and catalog semantics.

Let me check what's in the Environment directory currently, plus existing premium card assets.

Let me delegate some exploration to subagents to save time? Actually, I need to be efficient. Let me do parallel reads.

First, check the current state of Assets/Experiments/LadyLakePremium.
dsh: reasoning:
Now let me look at the production DynamicCardEffects/SourceControllers/AnimatedMaterialProperty scripts and the catalog semantics. Also I should look at the old experiment's textures provenance to see reused Aeschna textures. And importantly I need to find a suitable audio source directory.

Let me set up a broad parallel exploration. I'll use subagents for some research tasks to save time, while I read key files myself.

Actually, let me be strategic. The task has many parts:
1. Environment builder C# (Editor) producing Environment.prefab
2. Underwater scene: waterbed mesh, foreground plants, sun rays, caustics, bubbles, volume depth
3. Reuse original shaders/materials/textures from Aeschna 15010100 and other premiums
4. Audio: 12s stereo loop wav with provenance, peak, no clipping. Sources from project audio dirs.
5. Effect timing 12s with Animator + production events
6. Report

Let me first explore key directories:
- Assets/DynamicCards/Runtime/DynamicCardEffects.cs
- DynamicCardSourceControllers.cs
- DynamicCardAnimatedMaterialProperty.cs
- DynamicCardCatalog.cs
- Assets/Experiments/LadyLake/Textures/PROVENANCE.md
- Aeschna 15010100 prefab and materials
- Audio dirs: Assets/DynamicCards/Content/*/Audio, and premium card audio

Let me do a bunch of reads in parallel.
dsh: reasoning:
Now I understand production runtime. Note there is no AudioListener duplication. Now let me look at old experiment PROVENANCE.md, the Aeschna assets and materials, and the DynamicCardView for audio handling.

Let me also check the DynamicCardView.cs for how audio is played, to know how Environment.prefab should provide the wav... Actually the contract says Integration owns the prefab assembly, which will put our Environment.prefab under Card/Pivot. The environment builder needs to create an AudioSource that plays LadyLakeLoop.wav. But we're told "do not add separateAudioListener or duplicate audioSource". So exactly one AudioSource in the environment prefab. The catalog audio field points at Environment/Audio/LadyLakeLoop.wav.

Let me read DynamicCardView.cs to understand audio.
dsh: reasoning:
Now I have a good understanding. Let me now:

1. Inspect the actual Aeschna assets: materials, meshes, textures. I need to know:
   - The mesh assets (Riverbed, RiverbedCaustics, FoliageFront, FoliageBack, WaterSurface, Shafts)
   - The material assets and shaders
   - Which shaders are used and whether they are Legacy2017 style (do they compile in built-in RP without URP? They're likely fine)

2. Find audio sources in the project — the contract says "Sourceaudio directories discover (read only project)". The DynamicCards Content Audio dirs contain voice wavs. But we need "Atmosphere+gentle fallingblade water movement/catchglint/lift magical swell" 12s stereo. Hmm. We need to find project audio that fits: water ambience, sword, magic swell. Let me search the Audio dirs of DynamicCards and other project audio (Assets/Audio, etc.).

Actually the task says: "Provide 12s stereo audio Atmosphere+gentle fallingblade water movement/catchglint/lift magical swell sources from project, actualwavloop with provenance/peak/no clipping." and "State if no fit projectaudiofound, no random unrelatedspeech."

So we need to find ambient water sounds and magic/sword sounds in the project. Let me search.

Let me think about scope/time. This is a big task. ~25 minutes autonomous. I should:
- Explore quickly (parallel subagents for audio discovery and asset discovery).
- Write the C# builder.
- Do audio processing with Python (numpy/wave).
- Write report.

Let me delegate audio source discovery to a subagent while I explore the visual assets.

Actually, I need to be careful: subagents work in separate contexts and can't necessarily help with writing the main file. But they can do discovery. Let me launch a background subagent to find audio candidates, and one to catalog the Aeschna/e premium material+mesh+shader assets. Meanwhile I read key files.

Actually I can do the discovery faster myself with targeted grep/glob. Let me do that but maybe use subagents for the heavy audio audit since it involves many wav files and I'd need to analyze.

Let me first check the audio directories quickly.
dsh: reasoning:
Good. Now I need to understand the actual mesh assets. Are these Unity Mesh assets importable? Yes, .asset files with `!u!43 &4300000 Mesh`. Those are YAML with m_VertexData possibly binary-serialized? Let me check header.

Actually, in the old experiment, meshes were generated procedurally; the textures were copied from Aeschna. The task now says "Can use Unitynativeproceduralmeshesasset creation, not new runtime proceduralrender system." Hmm, "Unitynativeproceduralmeshesasset creation" means we can create meshes as Unity native assets (AssetDatabase.CreateAsset). Original shaders preferred.

Important: The Environment prefab should be self-contained in Assets/Experiments/LadyLakePremium/Environment/. Referencing DynamicCards Content assets directly from the prefab is possible but those assets are in Content/ which is git-ignored/local external content. Hmm. The contract says "Use original underwater premium shader/texture/particle/audio sources and runtime component paths where possible." and task says "Sourcetextures can referenced directly/copied unchanged." So referencing directly is allowed. But the Content directory is gitignored & ~43GB, and Integration bundles via root. Actually the catalog prefab would be in Content in the production pipeline... but here root handles integration and bundling.

However, risk: if I reference `Assets/DynamicCards/Content/Old/Thronebreaker/Shared/15010100_*.mat`, those materials use shaders from Assets/DynamicCards/Shaders/... which is in the repo. The textures referenced by those materials are in Content/Shared and Content/OriginalTextures. If root bundles the prefab, dependencies get pulled in. That's fine and is actually "parity with actual imported premium cards".

But there's a subtlety: the Content assets are extracted from source and might have broken references (e.g., material _MainTex pointing at an atlas in OriginalTextures). Let's inspect the actual .mat files.

Let me read the key .mat files and check the shaders they use. Also inspect the mesh .asset format to decide whether I can reference original meshes (they're SkinnedMeshRenderer meshes with bones — for env layers they're static-ish meshes but stored as Mesh assets; I can use MeshFilter).

Actually the Riverbed mesh is a Mesh asset (`!u!43`). I can reference it as a Mesh directly! That gives real original geometry. Let me check if the mesh asset is human-readable or binary. Let me look.

Let me read the materials and header of a mesh asset.
dsh: reasoning:
Good. The materials use shader GUIDs:
- bf937aefa4775c81b49f7f11dde52a7c = VFX/Common/AlphaBlended_moveInDirection_VertexColor_UVNoise
- 38d0ccbb85ed13ff853e5325da0cd8e9 = ? (used for caustics and shafts) - likely Additive_moveInDirection_VertexColor_UVNoise

Let me confirm shader names and the shader file content to know property names / whether they work in built-in RP.

Let me check shaders and also the mesh asset format. Also read the WaterSurface and FoliageFront materials. And find the textures by GUID.

Let me do a batch.
dsh: reasoning:
Good. Now I know the shaders. Let me check the shader source to confirm properties and whether they are surface shaders requiring specific setup, and if they use `_MainTex` from the atlas.

Key issue: the materials reference `_MainTex` guid `66b0c6c0449d46b42b4dac6e54da999f`. Let me resolve that GUID. It might be the atlas `15010100_23464_15010100.png`. Let's check.

Also need textures for caustics (74809d...), bubbles (963cbb...). Let me resolve them.

Also the .asset meshes — check format.

Let me batch these.
dsh: reasoning:
The mesh is a YAML mesh (Human-readable but vertex data possibly base64 in m_VertexData). Wait, `serializedVersion: 11` — vertex data is stored in `m_VertexData: serializedVersion: 3 ... _typelessdata: <base64>`. This asset is 88KB, so likely has readable vertex data with base64. It's a valid Unity Mesh asset. I can reference it directly in the prefab as a Mesh (MeshFilter). Since these are skinned meshes with bindpose, using them as a static MeshFilter would render at bind pose (which is roughly the scene layout). That's actually ideal for riverbed/foliage: bind pose = scene world layout.

Actually wait: these are SkinnedMeshRenderer meshes whose vertex positions are in the "root bone" space and get transformed by bones. At bind pose, skinning is identity-ish, so the mesh renders at its authored position. Using MeshFilter would render the mesh in its raw vertex space which equals the bind-pose world layout if the bindpose transform chain is identity at root. Given the localAABB center ~ (0.3, 0.7, 13), the riverbed is at z~13 in source scene space. That's fine — I'll wrap in a container and scale/position.

Hmm, but referencing original mesh assets directly could be risky: if those .asset files are treated as Mesh with hideFlags? They have `m_IsReadable` maybe 0. As long as referenced as sharedMesh in a MeshFilter, that's fine (no read needed).

However: the Content directory is huge and local (43GB). The root handles bundling. But our deliverable prefab at Assets/Experiments/LadyLakePremium/Environment/Environment.prefab would reference assets under Assets/DynamicCards/Content/... That's acceptable per "Use original underwater premium shader/texture/particle/audio sources". And "Sourcetextures can referenced directly/copied unchanged."

But wait — is Content actually present? It's 43.76 GiB and git-ignored, but present locally. Yes.

Yet there's a significant risk: these extracted meshes are SkinnedMeshRenderer meshes with `m_BindPose` and vertex data possibly in a space requiring bones. Let me check what the vertex data actually contains — are the positions in local space of the renderer root? For Aeschna, the `_0_Riverbed` node probably has a transform, and mesh vertices are in that local space. Using a MeshFilter on the same transform should reproduce it.

Actually, better approach: Instead of referencing these skinned meshes directly, I could reference the original mesh AND also build my own procedural waterbed/lily/kelp meshes. The task requires "real 3D scene modelling" — "actual 3D waterbed and lilies/kelp meshes, volume depth". And "Can use Unitynativeproceduralmeshesasset creation, not new runtime proceduralrender system." So it's fine to build procedural meshes as Unity assets. But "Use original underwater premium shader/texture/particle/audio sources and runtime component paths where possible."

I think the strongest approach: Reference the original Aeschna mesh assets + original materials for the environment layers (riverbed, caustics, water surface, foliage back/front) — that's maximum parity. Plus add procedurally-authored waterbed/kelp/lily geometry using original shaders. Plus particle systems using original bubble/shaft materials and textures.

But there's a complication: the original meshes are SkinnedMeshRenderer meshes; when used with MeshFilter, the mesh vertices include the full scene layout. Multiple layers would be in the same source space and thus align with each other. Good. The character (model worker) is in card coordinate space, whereas Aeschna layers are in Aeschna's coordinate space. I'd need to transform them to fit the card frame.

Hmm. Let's think about the coordinate space carefully.

Contract coordinate: World P(px,py,z)=((px-248.5)/100,(355-py)/100,z), camera looks +Z. Effective art 497x710. So the visible frame at z=0 spans x from (0-248.5)/100=-2.485 to (496-248.5)/100=2.475, y from (355-0)/100=3.55 down to (355-709)/100=-3.54. Camera FOV 35 per integration ($fov35, cameraDistance ~ -11.5). Hmm, at distance 11.5 with fov 35 vertical, visible height = 2*11.5*tan(17.5°)=7.25. Our frame height is 7.09. Close. Width = 7.25 (square aspect 1:1 per DynamicCardFraming forcing aspect=1)... Actually camera aspect is forced to 1. Square. So visible at z=0 is 7.25x7.25. Our frame is 4.97 wide x 7.09 tall — the art region is a portrait subregion of the square (ArtRegion x 0.166..0.849, y 0.0036..0.985). So art occupies center-ish.

Wait, in DynamicCardFraming, `ArtRegion = Rect(0.16602942, 0.0035620682, 0.68260696, 0.98114324)`. That's the UV region of the square RT. Width fraction 0.6826 * 7.25 = 4.95 → matches 4.97. Height 0.9811*7.25=7.11 → matches 7.09. So the square camera captures 7.25 world units, art = central 4.95 wide region. Good, consistent.

So environment geometry should be laid out in this same coordinate frame, matching the contract. Since the model worker places the figure at contract coordinates, the environment must be behind it (z >= 0.3 except foreground edges).

Now, since we're using the same source premium assets, the best is to *scale/reposition* the original Aeschna layers into our frame. But that's complex and might look wrong. Alternative: use original materials + textures but author our own geometry (waterbed plane with displacement, kelp, lilies) in contract coordinates. That gives "same source shader/effect path" (original shaders + textures) while fitting the frame. The task explicitly allows "Unitynativeproceduralmeshesasset creation".

Given the 25-minute budget and risk, I'll do a hybrid:
- Author real 3D geometry (waterbed with rolling dunes, back kelp, front kelp/lily pads, floating particles) in contract coordinates.
- Assign ORIGINAL Aeschna materials (referenced directly or copied into Environment/Materials as unchanged copies? Materials can't be "copied unchanged" easily via text since .mat references textures by GUID; copying the .mat file to our folder keeps GUID refs to Content textures, which works). Actually, referencing original .mat directly is simplest and strongest parity. But careful: original materials' `_MainTex` is the Aeschna atlas which has specific UV layout; our procedural meshes would need UVs mapping into the atlas regions for riverbed/foliage. Hard.

Better: Use the original shaders directly, create NEW materials in Environment/Materials that use those original shaders, and assign the ORIGINAL texture assets (Aeschna caustics, bubbles, noise) as _MainTex / _NoiseTex. This is "same source shader/effect path" with original textures. The only difference: shader parameters tuned for our layout. This is honest and defensible.

Actually even better for parity: the Aeschna shaders are UVNoise + MoveInDirection shaders designed for particle/quad use. Let me read them to understand. Let me read the Native VFX shaders.

Also I should check if the "OriginalTextures" folder has the caustics PNG etc. The glob search timed out because scanning Content recursively is expensive. Let me do targeted lookups instead.

Let me read the shader files.
dsh: reasoning:
These shaders are HLSL (DX11 style `Texture2D`/`SamplerState`) with `CGPROGRAM`. In Unity built-in RP with `#pragma target 3.5`, `Texture2D<float4>` and `SamplerState` are legal in HLSL for platforms using DX11 (d3d11). But `CGPROGRAM` with HLSL syntax... Unity compiles CGPROGRAM blocks as HLSL on d3d11 for target 3.5. This presumably works because the project uses it. OK.

Important: the vertex shader uses v1.w as a "vertex lifetime" parameter (vertex color alpha and uv w). For particle meshes. For static quads, w=0 likely.

Now for waterbed and foliage, using these shaders is possible but they only do UV-noise + moveInDirection and sampling _MainTex. The `_MainTex` for riverbed is the atlas (guid 66b0c6...). Let me confirm that's the atlas. Actually `15010100_23464_15010100.png` is the atlas. Let me resolve its guid quickly with a targeted grep of its .meta.

Let me now check the key textures. Targeted approach: grep for guid in specific meta files.

Also I need to find the OriginalTextures for caustics and bubbles. Let me grep specific directories.

Let me also check the AlphaBlended_moveInDirection_VertexColor_Water shader and the "TwoWaves"/"Wavey_2Sided" shaders for foliage. And check the FoliageBack shader GUID efe7cfce.

Time is limited. Let me be efficient: I'll build the environment using:
1. Original Aeschna mesh assets (Riverbed, RiverbedCaustics, WaterSurface, FoliageBack, FoliageFront) as MeshFilter/MeshRenderer with COPIES of original materials (or the originals) — this gives true original geometry + original shaders + original atlas textures. This is maximum parity.
2. Additional procedural meshes (kelp ribbons, lily pads, foreground fronds) with original shaders and original FX textures.
3. Particle systems using original bubble/shaft materials.
4. Backdrop: selected customart background.png (preserved) — a large quad at z far, with the old backdrop painting preserved. The contract says "preserve backdrop painting but model waterbed and plants depth". The old experiment had background.png which was generated (AI) — not from c10000000 directly. Wait: "preserve backdrop painting" — the user wants the old background.png (the AI-extracted underwater backdrop) preserved. The task says "Need visual tasteful atmosphere matching old background.png selected customart, preserve backdrop painting". So use Assets/Experiments/LadyLake/Textures/background.png (read-only reference, can reference directly or copy unchanged). Old experiment is read-only but referencing its texture asset is allowed ("Sourcetextures can referenced directly/copied unchanged").

Hmm, "No running Unity or touching integration/model/old experiment/production files." — "touching" means modifying. Referencing is fine. But safer to COPY unchanged into Environment/Textures/ so our prefab is self-contained and doesn't depend on the old experiment (which is being replaced). Actually copying an unchanged PNG loses nothing. But then GUID changes; that's fine since our material will reference the copy.

Wait — but the contract says old experiment is "read-only comparison, not acceptable final architecture". Referencing its textures is okay but copying is cleaner. I'll copy unchanged into Environment/Textures/ (byte-identical copies) and document provenance.

Hmm, but the model worker owns the figure; environment should provide backdrop painting from background.png. Yes.

Let me reconsider the atlas-based original meshes. Their UVs map into the Aeschna atlas `15010100_23464_15010100.png` (a card art atlas, 1024x1024 containing the Aeschna card art). If I use the original mesh + original material, the riverbed will look exactly like Aeschna's riverbed, but positioned in Aeschna's scene space which is a different composition than the Lady Lake art. That could look wrong — it would show Aeschna's riverbed across our frame. But underwater bed is fairly generic; the atlas region for riverbed would be stretched over the mesh.

Hmm, risk: the atlas has a specific layout; the mesh UVs sample specific sub-rectangles. Since both mesh and material come from the same original source, it's consistent and will look like the original Aeschna riverbed. Positioning: the mesh's local AABB is centered near z=12.96 (world-ish). In the Aeschna prefab, `_0_Riverbed` node has a transform. I'd need to replicate that transform. I can read the prefab to get the transform of each `_N_` node. That's doable!

Let me extract from the 15010100 Card.prefab: the transforms of _0_ ... _8_, Sky, Shafts, pCone1, pCone2, and particle nodes. The prefab is 1.7MB YAML. I could grep for the named nodes and their Transform components. That's some work but very high parity.

Given time constraints (~25 min total, I've used maybe 8), let me decide a pragmatic but non-placeholder design:

**Environment.prefab hierarchy:**
```
Environment (root, Animator with 12s Intro/Loop controller + LadyLakeEnvironmentTimeline)
├── Backdrop            (large quad/curved shell, portrait backdrop painting background.png, original shader? use LadyLake backdrop-style? Must avoid new shader unless justified)
├── LayerBack           (original Aeschna _5_FoliageBack mesh+material)  -- optional
├── Waterbed            (procedural displaced grid mesh, 3D dunes, original Aeschna riverbed material or caustics)
├── WaterbedCaustics    (original Aeschna _1_ mesh+material, or procedural plane with caustics material)
├── KelpBack            (procedural kelp ribbons, original Aeschna FoliageBack material)
├── SunRays             (procedural beam meshes using original Aeschna Shafts additive material + original noise texture)
├── Bubbles             (ParticleSystems using original Aeschna bubble material)
├── Motes               (ParticleSystem FloatingDirt material)
├── KelpFront           (procedural kelp, original FoliageFront material)
├── Lilies              (procedural lily pad meshes, fol
├── Audio               (single AudioSource, LadyLakeLoop.wav, loop, playOnAwake)
└── FX timeline / events
```

But wait: original materials from Content directory are the actual shared assets. If I assign them directly, then the environment prefab depends on Content assets. That's OK. But the materials' custom render queue and shader are set; good.

However, there's a catch: The original Aeschna riverbed/foliage shaders are particle-style shaders that use vertex color and UV.w; they don't do lighting. Using them with MeshFilter meshes is exactly what the source does with SkinnedMeshRenderer, so fine.

The bigger problem is the atlas. If I use the original mesh, its UVs point to the atlas, giving original appearance. Good. But my procedural meshes can't easily use the atlas meaningfully. For procedural meshes I'll instead use the copied original FX textures (caustics noise, bubbles, flow noise) with the original shaders, which are tileable textures — good for procedural kelp/rays.

Hold on. Do the original materials for caustics/shafts reference tileable textures? Yes: caustics `_MainTex` = guid 74809d... (OriginalTextures), scale (4,3). Shafts `_MainTex` = guid 9fc0f47e... Foliage uses atlas.

OK here's my refined plan to maximize parity and minimize risk:

**Use original Aeschna layered meshes + original materials for the layered background**: `_0_Riverbed`, `_1_RiverbedCaustics`, `_5_FoliageBack`, `_8_FoliageFront`, `_2_WaterSurface` (maybe skip water surface as it covers figure - but it's z-ordered; the "no opaque waterplane covering figure" rule. WaterSurface material is alpha blended; but might cover. I'll place it high above/behind).

Actually simpler and safer: the contract says keep geometry behind figure z>=.3 except foreground edges; no opaque waterplane covering figure.

Given the risk of the original Aeschna meshes being in a weird space, I think the most robust path is:

**Author the geometry procedurally in contract coordinates** (waterbed dunes grid, kelp ribbons, lily pads, sun-ray beams, bubble particles, caustic plane), and **use original premium shaders + original premium textures** (copied unchanged into Environment/Textures) for materials. This guarantees the frame fits and the figure isn't covered, while keeping "same source shader/effect path".

Additionally, I can include the original Aeschna meshes as optional/reference? That adds risk. Hmm, "real 3D scene modelling" is satisfied by procedural 3D meshes. "Use original underwater premium shader/texture/particle/audio sources" satisfied by shaders+textures+materials.

But "parity with actual imported premium cards" — using the original shaders and textures is the key parity. I'll also COPY the original materials unchanged into Environment/Materials (rename to avoid collisions) so we use the exact original material configurations (queues, params). That way the shader+params are literally the premium card's. Then I only change `_MainTex`/`_NoiseTex` to our textures where beneficial. Hmm, but if I copy the .mat unchanged, its `_MainTex` still points at the Aeschna atlas (guid) which is fine (we still have it). For caustics, `_MainTex` = the caustics tile texture, directly usable.

So: copy these .mat files byte-for-byte (they're text; but copying doesn't change GUID references) into Environment/Materials/:
- Aeschna_RiverbedCaustics (additive, caustics texture) -> for waterbed caustics overlay
- Aeschna_Shafts (additive, shafts texture) -> sun rays
- Aeschna_FX_Bubbles (alpha blend, bubble texture) -> bubbles
- Aeschna_FX_FloatingDirt -> motes
- Aeschna_FoliageFront (wavey foliage shader) -> foreground plants
- Aeschna_FoliageBack (two-wave shader) -> back kelp
- Aeschna_WaterSurface -> optional distant surface

Wait, but .mat copies keep the same internal GUID references (to textures in Content). Copying the file is fine — Unity generates a new GUID for the .mat itself, but internal references stay. The material name inside stays the same, creating duplicate material names (fine).

But does copying a .mat file with a new .meta break? Unity will import it and create a fresh meta. Since I'm not running Unity, I need to write .meta files myself? Actually AssetDatabase.Refresh during Build will generate metas. But the prefab (also an asset created by the builder) must reference these materials by GUID — and the builder loads them via AssetDatabase.LoadAssetAtPath, so GUIDs will be whatever Unity assigned at import. Fine, as long as the files exist before the builder runs and Unity imports them. Since root will run Unity, it will import them first. Good.

Hmm, but I need to be careful: if I copy `.mat` files without `.meta`, and the builder runs, Unity imports them → generates metas → builder loads → OK.

Actually — a cleaner approach that avoids depending on Content being present at build/bundle time: copy the source textures unchanged into Environment/Textures, and create NEW materials via the builder that use the ORIGINAL shaders and copied textures. This is fully self-contained. The downside is "not the identical material parameters", but I copy the exact parameter values from the originals (documented). I'll do this. It's the most robust and still uses original shader path + original textures.

Actually the task says "Source textures can referenced directly/copied unchanged." That's the hint: copy textures unchanged. And create materials referencing original shaders + copied textures. 

But WAIT: the original shaders are in Assets/DynamicCards/Shaders/... which is in the repo (not Content). So our materials reference repo shaders. Good — no giant Content dependency for shaders.

Hmm, but there's the atlas for foliage. If I use Aeschna_FoliageFront shader with a copied tileable texture (e.g., the FXMap or noise), it works since the shader just samples _MainTex with UV + turbulence. I need a foliage-looking texture. Options:
- Use the Aeschna atlas `15010100_23464_15010100.png` copied unchanged (contains the actual Aeschna underwater art including foliage). Then my procedural kelp UVs can sample a region of the atlas that contains foliage. That's clever but requires knowing UV regions.
- Or the original `15010100_164312__15010300_Aeschna_FXMap.png` (62KB) — that's the FX map (probably bubbles/particles atlas).

Let me check the FXMap and see. Actually, for foliage I could use the old experiment's `foreground.png` (the extracted lily/kelp leaves with real alpha from the Lady Lake art!) — that's exactly "foregroundplants" matching the painting. That's a great fit: copy `LadyLake/Textures/foreground.png` (497x710-ish transparent foreground plants) and use the original Aeschna FoliageFront shader (UV noise + wave) with alpha cutoff. Combined with procedural 3D depth (multiple receding copies at different z with parallax/sway), that gives "foreground plants" with real 3D depth and matching art. 

Similarly, background.png for backdrop, and I model the waterbed with procedural dunes + caustics.

That's tasteful and matches the painting. 

For sun rays: procedural beam ribbon meshes (3D, curved) with the original Aeschna Shafts additive material (copied texture = shafts texture 9fc0f47e). Need to resolve which file that is.

Let me resolve the textures by GUID in specific directories quickly (avoiding the recursive 43GB scan). I'll grep the specific dirs.

Let me look for the textures:
- 66b0c6c0449d46b42b4dac6e54da999f (atlas?) -> in Content/Old/Thronebreaker/Shared (15010100_23464_15010100.png.meta)
- 74809d523530d3f7696d6e455aeca9dd -> Content/Old/Thronebreaker/OriginalTextures
- 963cbb367e53ed41e9e55e8a50c83fc5 -> OriginalTextures
- 9fc0f47eaffcb437f12633105906e41b -> OriginalTextures or Shared
- ec4cb6d440ef6624fb6dfe66bf38a654 -> Shared (TilingNoise3D_small_uncompressed?)
- bd879a34fe0146147a8002f8f14f076e
- 270f59c35a5f6c5428aa13c84f9a93cb

Let me grep those specific directories.
dsh: reasoning:
Good. Now let me check audio. I need to find project audio that fits: underwater atmosphere, water movement, sword blade falling/clink, magical swell.

The DynamicCards Audio dirs contain card voice wavs (voice lines) — "no random unrelated speech". We need non-speech audio. Let me inspect the wav files: check sizes/durations and possibly content. There may be SFX from card scenes. Let's list the audio files with sizes, and look for names. Since names are fileIds (numeric), we can't tell content from names. We'd need to analyze waveforms.

Let me check Assets/Script/Audio and Assets/Resources/Music too.

Approach: Write a Python script to scan wav files in the candidate audio dirs, report duration/channels/sample rate/peak/RMS/spectral centroid. Then I can pick candidates with broadband/ambient characteristics vs speech. Speech detection heuristics: spectral flux, formants... Simpler: pick long files (>4s) with high stereo/ambient and moderate crest factor. Hmm.

Actually, a better idea: The Aeschna card (15010100) has an associated audio file in catalog: `Assets\DynamicCards\Content\Old\Thronebreaker\Audio\537737864.wav`. That's the Aeschna card's audio — the underwater ambience! Wait, in Gwent premium cards, the `audio` field in catalog is usually the *card's sound effect* (the ambient/scene audio), not voice. Let me check: research says `audio=Assets\DynamicCards\Content\Old\Thronebreaker\Audio\537737864.wav`. Let me check its duration. If it's ~6-10s, it's likely the Aeschna ambient sound (water). That would be a perfect atmosphere source!

Let me write a Python script to analyze candidate wavs. First check Python availability.

Let me check python and numpy.
dsh: reasoning:
No numpy. I can pip install? "Local Python processing for audio OK (wave/numpy)". No network guaranteed. Let me check if pip install numpy works offline (maybe already cached). Or I can do pure-python DSP with `wave` + `array` + `struct`. That's feasible for resampling/mixing 12s stereo at 44.1kHz — ~1M samples, pure python loops would be slow but manageable (a few seconds to tens of seconds). Actually mixing 12s * 44100 * 2 channels = ~1.06M samples; pure python operations per sample ~10 → 10M ops, maybe 5-15s. Acceptable.

Let me try pip install numpy first quickly (with short timeout). If it fails, use pure python.

Also the audio files list: the Script/Audio dir listing lost names. Let me list names properly.

Let me check the Aeschna wav: 1.93MB. If 16-bit stereo 44.1k, that's ~5.5s. If mono 44.1k 16-bit, ~11s. Let's analyze.

Let me write a Python analysis script to scan the DynamicCards Audio directories and report metadata + simple features (duration, channels, samplerate, peak, rms, zero-crossing rate, spectral flatness via a crude DFT on a few frames). Then choose.

Actually since these audio files are voice lines for cards, most will be speech. But some cards' audio is ambient scene sound. Aeschna's 537737864.wav is likely the scene ambience (underwater). Let me verify with features: speech has high ZCR modulation, silence gaps. Ambient water is broadband.

Let me first do a quick metadata scan of all three Audio dirs. Write to a temp file and read.

Let me set up the Environment directory structure and the Python script.

Plan of files:
- Assets/Experiments/LadyLakePremium/Environment/Editor/LadyLakeEnvironmentBuilder.cs (main builder)
- Assets/Experiments/LadyLakePremium/Environment/Editor/LadyLakeEnvironmentAudio.cs (audio processing? No, audio done in Python)
- Maybe additional runtime components: Environment/Runtime/... e.g., a timeline driver component? The task says "Need effect timing12s with Animator and production events allowed." So use Animator with Intro/Loop clips + production components (DynamicCardAnimatedMaterialProperty) for material animation. Since Environment is a prefab instantiated by DynamicCardView, Animator on the prefab root will be found by `model.GetComponentsInChildren<Animator>(true)`. Good — the builder can create an AnimatorController with Intro/Loop states and animation clips that animate material properties via DynamicCardAnimatedMaterialProperty? Actually animation clips can animate `DynamicCardAnimatedMaterialProperty.m_Color` etc. Hmm, but production's DynamicCardTextureUV / ... Let me keep it simpler and robust:

Effect timing 12s: create Animator on Environment root with controller: Intro (12s) -> Loop (12s), both looping seamlessly. Clips animate:
- SunRays material color/alpha via a component property, or the transform rotation of ray group.
- Bubble particle systems: use production `DynamicCardEffects`? That requires a catalog entry (particleEvents), which Integration owns. The task says "Expose catalog fragment when needed." So I should produce an Environment/catalog-fragment.json with uvMotions/particleEvents that the root can merge into the catalog entry. Good.
- Also a runtime component `LadyLakeEnvironmentPulse` that drives the sword-catch pulse at 3.2s and lifted glow 5.6-8.3. But the "swordcatch luminous pulse" concerns the sword glow which model worker owns... The environment can provide a light/glow effect at the catch point. Hmm, "tasteful bubbles/sun caustics, swordcatch luminous pulse at3.2 and lifted glow5.6-8.3". So environment should include a glow element that pulses at 3.2 and glows 5.6-8.3. I'll add an additive "SwordGlowField" (light shaft/halo quad) that follows the sword grip zone and pulses, and a caustics brightness modulation synchronized to the 12s cycle.

Given the model worker owns the sword and its exact animation, the environment's glow should be at the sword's catch/lift location in world space — the contract gives anchors: grip (380,543) px, guard (364,529), tip (107,308), pommel (420,583). At 3.2s the catch is near the floor (lowest hand about -2.5). Actually the choreography: sword falls and at 3.2 fingers close around hilt before floor. So catch point ≈ where hilt is at 3.2s — near the lower area. I'll place the pulse halo around a point derived from the contract: the catch position perhaps grip near y=-2.0, x≈? Grip pixel (380,543) → x=(380-248.5)/100=1.315, y=(355-543)/100=-1.88. Hmm that's the final resting grasp. But during fall the sword is elsewhere. Without the model's animation, I can't know exactly. I'll place the pulse at the contract grip anchor (1.315, -1.88, ~0.5) and the lift glow along the blade path from tip(107,308) to pommel(420,583) i.e., from (-1.415,0.47) to (1.715,-2.28). Hmm.

Alternative: Instead of guessing, make the glow follow a marker if present: the runtime component looks for a child named `GripSocket`/`Grip` on the figure (model worker exposes `GripSocket` on palm and marker `Grip` under Sword) and parents the pulse to it. That's elegant: environment glow is a child that attaches to the sword grip marker at runtime. But the environment prefab is a sibling of FigureRig under Pivot (Integration combines both prefabs under Card/Pivot). So at runtime the environment can find the sword grip by searching the parent pivot for `GripSocket` or `Grip`. I'll implement a small runtime MonoBehaviour `LadyLakeSwordGlowFollower` that:
- On Start, searches transform.root for a Transform named "GripSocket" (or "Grip"), and follows it.
- Drives a 12s cycle: dim; sharp pulse at t=3.2; sustained glow 5.6-8.3; then fade.
- Uses `Time.unscaledDeltaTime` age-based timing and material property blocks (production-compatible path).

That's honest and robust: "same source effect path" using additive original shader material, driven by production-style event timing.

But careful: contract says Environment worker only environment; no new runtime proceduralrender system. A small follower MonoBehaviour is fine (it's not a procedural render system). But it must compile under Assets/Experiments/LadyLakePremium/Environment/**. And it must not be in an Editor folder. Also `Avoid static Application.dataPath field init in runtime classes`.

Wait — do I even need a runtime component? The task says "Need effect timing12s with Animator and production events allowed." So Animator is the primary. I'll use Animator for the base 12s material/transform animation, plus production components (`DynamicCardAnimatedMaterialProperty`) for material properties animated by the clips, plus a small runtime driver for the sword-follow glow (needs to track a moving bone → can't be baked). I'll implement it carefully.

Hmm, but the "catalog fragment" can specify `uvMotions` and `particleEvents` which production's DynamicCardEffects handles with the 12s intro/loop. That's the "production events" path. Since Integration owns the catalog entry, I'll emit `Environment/catalog-fragment.json` containing:
- `particleEvents`, `uvMotions`, `materialValues`, `transformPairs`
And note that root merges.

Given the constraints, my plan for effects:
1. Animator on Environment root: controller with `Intro` (12s) and `Loop` (12s) states, transition Intro->Loop. Clips animate:
   - Environment root child transforms (ray group sway, kelp group sway) — keyed 0..12 with seamless loop.
   - DynamicCardAnimatedMaterialProperty fields (m_Float / m_Color) on components attached to renderers, so material animation uses the production component path.
2. Particle systems (bubbles, motes) with `playOnAwake` and looping, plus catalog particleEvents for the production tick path (so they restart at 3.2 etc.).
3. Runtime `LadyLakeEffectTimeline` component: drives the sword glow pulse at 3.2 and lift glow 5.6–8.3, and optional caustics intensity. Uses only per-frame property blocks (no allocations).

Actually to reduce risk, maybe simpler: one runtime component `LadyLakeEnvironmentCycle` that handles the 12s timing for glow + attaches to grip. And also make the Animator. Good.

Let's now check: does the AnimatorController creation API work in Unity 2019 without the Animation module? Yes, UnityEditor.Animations.

Let's make sure about assembly definitions: Is there an asmdef in Assets/Experiments? Probably not; scripts compile into Assembly-CSharp / Assembly-CSharp-Editor if in an "Editor" folder. My builder goes in `Environment/Editor/` → compiled into Assembly-CSharp-Editor. My runtime component in `Environment/Runtime/` → Assembly-CSharp. Good. Namespace `LegacyGwent.LadyLakePremium`.

Now regarding referencing `Assets.Script.DynamicCards.DynamicCardAnimatedMaterialProperty` from a runtime script in Assembly-CSharp: The DynamicCards runtime scripts are in Assets/DynamicCards/Runtime — do they have an asmdef? Let me check. If they're in the default Assembly-CSharp too, fine. If they have an asmdef, I need to reference it. Let me check for asmdef files.

Also, my Editor builder may need to add `DynamicCardAnimatedMaterialProperty` to GameObjects in the prefab. If DynamicCards runtime is Assembly-CSharp and my Editor is Assembly-CSharp-Editor, that's fine (Editor references runtime).

Let me check asmdefs.
dsh: reasoning:
No asmdefs in Assets (all in Library/PackageCache). Good — everything in Assets is Assembly-CSharp / Assembly-CSharp-Editor.

Music files are MP3 — music, not SFX. Not ideal for "atmosphere" but could be a source. Better: the card `audio` wavs in DynamicCards Content — these are the premium card scene sounds, exactly "actual imported premium cards" audio. The Aeschna one (537737864.wav, 1.93MB) is likely the Aeschna scene ambient. Let me analyze.

There might also be non-speech SFX in the Content Audio dirs. Let me scan all 1334 wav files' metadata and pick candidates.

Let me write a Python analyzer. Pure python, no numpy. I'll compute:
- channels, sample rate, frames, duration
- peak, rms, DC offset
- zero crossing rate
- a crude "speech-likeness": ratio of energy in 300-3000Hz band vs total; ambient water is broadband/low-frequency; speech has strong 300-3400 modulation. Also syllable rate.

Actually, most robust: I know the Aeschna card's audio is likely the water ambience. Let me just analyze that one first plus a handful of water/magic-related card scene audios. But I don't know which fileIds map to which cards. I could parse catalog.json to get the audio path for each card id — then I can find cards with underwater/magic theme. That's a lot.

Better idea: The catalog entry for 15010100 has audio 537737864.wav. Let me analyze it. Also, I can query catalog.json for audio paths of cards like water scenes. But let's first check 537737864.wav.

Also: I need "catchglint" (metallic clink), "lift magical swell". Those are harder to find as separate SFX. Options: The project has many card scene audios that include magic/sword SFX. Or use Music MP3s? No, those are full songs.

Alternative approach that's honest and high quality: Build the 12s audio from a small set of project sources:
1. Atmosphere bed: Aeschna scene audio (underwater ambience) — loop a 12s segment.
2. Falling blade water movement: use a second underwater/scene audio segment (e.g., a water splash/sword card) filtered.
3. Catch glint: use a short metallic/ting source — maybe from a card scene audio. Or derive from the sword-related card's audio (Seltkirk 20161801). Let me find its audio in catalog.
4. Lift magical swell: use a magic card scene audio (e.g., a spell card) or a reversed/rising filtered segment.

Actually, catalog.json has audio for each card. Let me search catalog for cards with names like "sword"/"Seltkirk". But catalog.json is 1.1MB JSON with 677 entries. I can parse it in python (json module). I can map card id → audio path. But I don't have card names in catalog. However I know from research: Seltkirk = 20161801, Aeschna = 15010100, Tempest=16550101, Ulfhedinn=20010401.

Let me get their audio paths from catalog.json, then analyze those wavs.

Let me do it. Also I want to find other card scene audio that are purely SFX. Actually, many premium card audios ARE the card's sound effect (like a whoosh), typically 1-3s. Let me analyze a bunch.

Plan: python script that:
- loads catalog.json
- for a list of interesting ids, prints audio path
- scans those wav files' features

Then listen... I can't listen. So I'll rely on features + provenance reasoning.

Hmm. Risk: picking voice lines. The task says "no random unrelatedspeech". So I must verify selected sources are non-speech. Heuristic: compute spectral flatness and speech-band energy; also detect if it's a "SAY" voice. Actually the DynamicCards Audio dir holds both card ambience and possibly voice. But catalog `audio` field is the card's sound; voice lines are separate (audiomap.csv SAY events).

Let me check: is 537737864.wav ~5.5s or 11s? Let me analyze.

Let me write the analysis script now. Also check pip install numpy attempt.

Let me create the working directory and the analysis script. I'll put temp scripts in the Environment folder? Better keep the project clean: put processing script in Environment/Tools/ (allowed, it's in our dir) so provenance is reproducible. Good idea: `Environment/Tools/build_lady_lake_audio.py`.

Let me first do a quick analysis.
dsh: reasoning:
pip timed out (probably no network). I'll use pure Python. wave module + array + math. Let me write the analysis script.

Let me create the directory and script.

Actually, let me be careful with the sandbox: workspace-write allows writing under the session workspace. C:\UnityProjects\LegacyGwent\src\... is the workspace root. Good.

Let me write a pure-python WAV feature analyzer. For 1.9MB wav (≈ 480k samples mono 16-bit), computing FFT in pure python is too slow. But I can compute:
- peak, rms, zcr, and band energies via Goertzel on a few frequencies or a simple biquad filter. 
- Better: compute a simple DFT at a few bins using precomputed tables over 1024-sample windows — for ~470 windows × 1024 samples × maybe 6 frequencies = 3M ops. OK.

Actually a simpler discriminator: speech has lots of silence + high ZCR bursts. Water ambience has steady broadband. Let me compute:
- duration, rms, peak, zcr overall
- "modulation depth": RMS in 50ms blocks; compute std/mean. Speech → high variability (>0.8). Steady ambience → low (<0.4).
- fraction of near-silent blocks.

That's cheap and effective. Let me do that.

Let me write it.
dsh: reasoning:
Two problems: ROOT path computation. __file__ is Assets/Experiments/LadyLakePremium/Environment/Tools/analyze_audio.py. To get project root: Tools -> Environment -> LadyLakePremium -> Experiments -> Assets -> project root. That's 5 levels up, not 4. Let me fix: dirname 4 times from file = Environment. Actually:
- dirname(file) = .../Environment/Tools
- .. = Environment
- ../.. = LadyLakePremium
- ../../.. = Experiments
- ../../../.. = Assets
- ../../../../.. = project root

So need 5. Fix by going up from Assets: os.path.join(dirname, '..','..','..','..','..'). Let me instead compute the path containing 'Assets' and go up one more.

Also the first command produced no output — because read_wav maybe failed silently? No, it printed nothing; the file path was correct. Hmm, `files` mode: `if not os.path.isfile(p): continue` silently. The path join with ROOT was wrong too, so it skipped. Right.

Let me fix ROOT.
dsh: reasoning:
The Aeschna audio: 10.06s, stereo 48kHz, peak -2.04dBFS, rms -19.17, crest 7.18, mod 0.70, quiet 12%, zcr 796. This looks like a scene ambience/music-ish loop with some dynamics. mod 0.70 suggests some variation (could be music/voice mixed). It's the Aeschna card audio, which per Gwent premium cards is typically the *music/ambience* loop for the card. Good candidate for atmosphere.

Now I need more sources: "gentle fallingblade water movement/catchglint/lift magical swell". Let me find card audios related to sword/magic. I can search catalog for cards whose id corresponds to known sword cards: 20161801 (Seltkirk), 20020901 (Saskia), 20052001 (Hattori), 16200101 (Vandergrift's Blade), 13680101 (Syanna). And water: 16550101 (Tempest), 20010401 (Ulfhedinn), 22500101 (Will of the wisps), 56180101 (DIY).

Let me analyze their audios. Also maybe find a "glint/ting" from a short card audio.

Let me get the audio paths for specific ids. I'll write a quick mode: print id->audio for given ids.

Actually simpler: add mode 'idfile' that prints for a list of ids. Or just grep catalog.json. Let me modify the script quickly? Instead, use python inline: but inline command quoting is tricky. Let me add a mode.

Actually the 'ids' listing gives all. Let me just grep catalog.json for the ids. Let me use findstr-like: python not needed. Use Select-String.

Let me do a targeted approach: write a small python one-liner via a temporary script? The `edit` tool can add a mode. Let me just add mode 'some' taking ids as args.
dsh: reasoning:
Now analyze these.
dsh: reasoning:
These are the card scene audio loops. All stereo 48kHz. Good candidates:
- 15010100 (Aeschna) 10.06s — underwater ambience (primary atmosphere)
- 16550101 (Tempest) 13.81s, mod 0.53, quiet 0.13, zcr 1709 — water/wave scene, good "water movement"
- 22041709 (56180101 DIY) 12.09s mod 0.49 quiet 0.13 — water scene, very steady → great atmosphere bed
- 409841224 (Syanna) 11.97s mod 0.51 — sword flare scene
- 1035499252 (Will of the wisps) 11.27s mod 0.81 crest 15.1 — magic sparkles
- 780488915 (Ulfhedinn) 8.92s mod 1.11 — bubbles/underwater with dynamics

I need "catchglint" — a short metallic ting. None of these are short SFX. But I can derive a glint from a transient-rich source: extract the sharpest transient and shape it. Hmm, "Provide 12s stereo audio Atmosphere+gentle fallingblade water movement/catchglint/lift magical swell sources from project".

So I need 4 elements:
1. Atmosphere (underwater bed) — from Aeschna 537737864 + DIY water 22041709.
2. Gentle falling-blade water movement — from Tempest water 6644576 (filtered/slowed).
3. Catch glint — a short bright transient. From Syanna sword flare 409841224 (sword scene) — take a transient and shape it into a glint using band-pass + exponential decay. That's "sword catch" derived from a sword card's field recording. Honest provenance.
4. Lift magical swell — from Will of the Wisps (1035499252, magic sparkle) or Ulfhedinn, pitch-limited swell using envelope.

I'm doing synthesis/processing from project sources, no random speech. I must verify no speech. The features: zcr 700-1700, mod, crest. Speech might be present within these card audios if they include voice. Let me do a more careful check for the selected ones: compute per-block ZCR variability and energy in 300-3400 Hz vs total, plus check for the presence of long "silence then burst" patterns typical of speech. Actually, premium card audio typically does NOT include the card's voice line (that's separate SAY events). The catalog `audio` field is the looping scene sound. I'll state that as an assumption and mark unverified.

Hmm, actually let me reconsider. In Gwent premium cards, the "audio" is the card's *soundtrack* — music. Listen: 10s loops at -19dBFS RMS. These are likely the card's ambient music tracks from the game (each premium card plays a short music loop). That's exactly "atmosphere". 

For "catchglint" — deriving from music could sound odd but with heavy band-pass + short exponential decay it becomes a shimmer. Alternatively, I can synthesize a pure glint (bell-like FM) — but the task says "sources from project". Deriving from project material is better. I'll take a high-frequency-dense transient from the sword scene audio and shape it.

Honestly, the exact aesthetic can't be validated without listening. I'll do a defensible job: 
- Make a 12.000s stereo 48kHz 16-bit WAV (Unity-friendly), seamless loop (crossfade the tail into the head), peak ≤ -1.5 dBFS (no clipping), with stereo width.
- Document each source, the mixing gains, and the derived glint/swell.

Let me now write the audio build script. Pure Python.

Design of the 12s mix (t = 0..12):
- Atmosphere bed: loop segment from 22041709 (56180101 water, 12.09s → take exactly 12s with tiny crossfade) at -22 dB, stereo widened. Plus Aeschna 537737864 (10.06s) time-stretched by looping to 12s at -24 dB, panned/LP-filtered.
Actually to make a good bed: sum the two with low-pass to keep it "underwater".
- Falling blade water movement (1.0–3.4s): Tempest water 6644576 excerpt, high-passed, envelope swell fall, slight pitch-down via resampling.
- Catch glint at 3.2s: derived transient from Syanna 409841224 — take a 0.35s window around the loudest transient, band-pass 2.5k–8k, exponential decay envelope, short attack.
- Lift magical swell (5.6–8.3s): Will of the Wisps 1035499252 excerpt, envelope rising then falling, plus a shimmer.
- Return 8.3–12: decay to bed only, matching start for seamless loop.

Loop seamlessness: ensure the final sample value and the start align. Since bed is a continuous loop, we need the bed loop to be seamless: pick a 12s excerpt and apply crossfade of first/last 0.25s. That makes the loop continuous but the crossfade region has both. Fine.

Then the events (falling, glint, swell) must not be active near t=0 or t=12 so the seam is clean.

Let me implement pure python:
- read_wav → int16 stereo
- convert to float lists
- helper: resample by linear interpolation for pitch shift
- biquad filters (low-pass, high-pass, band-pass) — implement simple one-pole or biquad.
- envelope functions
- mix and write.

Performance: 12s * 48000 * 2 = 1.152M samples. For each source we process ~0.5M-1.2M samples with a few ops. Pure python biquad over 1.15M samples * ~3 sources = ~3.5M iterations with ~10 flops → maybe 20-40s. Acceptable. Let me keep filter operations minimal (one-pole low-pass/high-pass and a simple band-pass as difference of two one-poles).

Let me write the script. I need to be careful about the 120s command timeout; I'll run with a longer timeoutMs.

Also need to double check: does the workspace-write sandbox allow writing to Environment/Audio/? Yes.

Let me now also handle the visual side. But first, finish audio since it's self-contained.

Actually — time. Let me parallelize: launch a subagent to write the audio build script? Hmm, subagents can write files. But coordination risk. The audio script is well-defined; I'll write it myself, it's mostly mechanical.

Let me write it now.

One more consideration: Unity 2019 importing a WAV — default import settings will make it a clip. For looping, the AudioSource has loop=true. Fine. Peak/no clipping documented.

Also "stereo" required. Good, 48kHz stereo 16-bit.

Let me write the audio script.

For extracting a glint from Syanna audio: find the max-abs sample in the file, take a window starting 20ms before, 400ms long. Band-pass. Then envelope: attack 3ms, decay to 0 over 350ms. This yields a "ting". Provenance: derived from sword-flare premium card audio.

For the "falling blade water movement": Tempest water 6644576 — take a 2.6s window, resample to ~1.15x slower (pitch down), apply low-pass at 3kHz, envelope: fade in from 0 at t=1.0 to peak at t=2.9, fade out by 3.4. Add a "drag" wobble.

For "lift magical swell": 1035499252, take a 3.0s window, band-pass 400-6000, envelope rise 5.6→7.0 peak, fall to 8.3. Also add a slow upward pitch shift via resampling (1.0→1.06) to suggest lift.

Background bed composed of Aeschna + 56180101 water:
- bed A: 56180101 (22041709) 12.0s at gain
- bed B: Aeschna (537737864) 10.06s looped to 12.0 with crossfade
Sum, low-pass at ~4kHz (underwater muffling), stereo.

Total gain normalize: scale so peak = 0.84 (-1.5 dBFS). Ensure no clipping: clip check.

Loop seam: apply a 0.35s crossfade between the end and the beginning for the *bed* only. But events already fade to 0 well before 12. Implement: final[n] for n in [N-W, N): out = mix[n]*(1-fadeout) + mix[n-(N-W)]*fade... Hmm. Standard crossfade loop: out[n] = mix[n] for n<N-W; for the last W samples, blend with the first W samples so that out[N-1] ≈ mix[W-1]... Actually to make the loop seamless, the last W samples should transition to the beginning. Simple: for n in [N-W, N): a = (n-(N-W))/W; out[n] = mix[n]*(1-a) + mix[n-(N-W)]*a. Then at n=N, out would be mix[0] (since n-(N-W)=W → mix[W])... hmm not exactly mix[0]. Let me do: out[N-W+i] = mix[N-W+i]*(1-t) + mix[i]*t, t=i/W. At the loop point, playing continues from out[0]=mix[0], and out[N-1] = mix[N-1]*(1/W)+mix[W-1]*(W-1)/W ≈ mix[W-1]. Discontinuity between mix[W-1] and mix[0] is small if the bed is smooth. Good enough and standard.

Actually better: build the bed already looping by taking source bed and crossfading within it. Then apply events on top. Then do a final tiny crossfade only on the bed. I'll just do the final crossfade on the whole mix (events are silent there anyway).

Fine.

Now let me write it.
dsh: reasoning:
The glint window: window(sf, start, 0.42) → 0.42*48000=20160 samples. gl_total = 0.45*48000 = 21600 > 20160. Fix: use at_least padding. Let me pad gl arrays to gl_total.

Also note: `band_pass(list(gl_l), ...)` — gl_l derived from window gives length 20160. Let me pad both to gl_total after filtering.

Let me fix.
dsh: reasoning:
Audio built: 12.000s, stereo 48kHz, peak -1.50 dBFS, 0 clipped samples.

Now the visual environment. Let me look at the old experiment's meshes/materials to reuse approach, and check the Aeschna prefab transforms for the layers so I can reuse original meshes. Actually, let me reconsider: given time, I'll go with procedural meshes + original shaders + copied original textures.

Let me decide the texture set to copy unchanged into Environment/Textures/:
1. `background.png` (old experiment) → backdrop painting. 497x710-ish. Copy unchanged.
2. `foreground.png` (old experiment) → foreground plants with alpha. Copy unchanged.
3. Aeschna caustics texture: `OriginalTextures/74809d523530d3f7696d6e455aeca9dd.png` → waterbed caustics.
4. Aeschna bubbles texture: `OriginalTextures/963cbb367e53ed41e9e55e8a50c83fc5.png` → bubbles.
5. Aeschna shafts texture: `OriginalTextures/9fc0f47eaffcb437f12633105906e41b.png` → sun rays.
6. Noise3D_ForceTiling (bd879a34...) → caustics noise (original Aeschna caustics noise).
7. TilingNoise3D_small_uncompressed (ec4cb6d4...) → bubble noise + water surface noise.
8. Aeschna atlas `15010100_23464_15010100.png` → maybe for kelp/foliage. Hmm, large 986KB. Could use for waterbed color. Actually let me use it for the riverbed color since it IS the original Aeschna riverbed texture (the riverbed material's _MainTex = atlas, UVs point somewhere). But without knowing UV region, risky. Skip.

Let me check the sizes/formats of these textures to make sure they're reasonable.

Also need the FoliageFront shader (da781ae119833c7e8ae63030a9d4234e) and FoliageBack shader (efe7cfceee69a5caeb2f18c9a6ed5ee2) names. Let me resolve.

And the AlphaBlended_moveInDirection_VertexColor_Wavey_2Sided and wavey_TwoWaves from the Legacy shaders folder. Let me find shader names by GUID.

Let me batch resolve shader GUIDs.
dsh: reasoning:
All 256x256 tileable textures. 

Now let's design the visual builder. I need to be pragmatic. Let me define the coordinate frame:
- Art frame: x ∈ [-2.485, 2.475], y ∈ [-3.54, 3.55], camera looks +Z from z ≈ -11.5 with fov 35. But wait, the camera position is determined by Integration: catalog cameraDistance ≈ -11.5, and DynamicCardView places camera at `stagingRoot + (0,0,CameraDistance)`. Plus appearance offset (0,2,0) applied to appearanceRoot. So the camera is at world (0,-0,+(-11.5)) relative to pivot? Let me recompute: stagingRoot at origin, appearanceRoot local (0,2,0), model instantiated under appearanceRoot. Camera at stagingRoot.position + (0,0,cameraDistance) = (0,0,-11.5). Model content is at y+2 offset. And the pivot node (e.g. "Pivot") rotates.

Hmm, the contract coordinate P(px,py,z) is relative to the art frame before appearance offset. The model worker authors at those coordinates. Then DynamicCardView adds appearanceRoot offset (0,2,0). So actual world y = contract y + 2. Camera at (0,0,-11.5) → but pivot is at... Let's look at catalog pivot for reference: pivot path "15010100/Pivot". In our case "Pivot". DynamicCardFraming.Apply — let me check if pivot is repositioned. Actually the appearance anchor at y=2 and camera at z=-11.5... the art frame center is contract y=0 → world y=2. Hmm, so the camera looks at y=2? Camera position y=0, looking +Z, so it sees y=0 at center.

This is getting complicated. Let me check DynamicCardFraming.cs and DynamicCardView camera math more carefully.

Actually the research says: camera position = stagingRoot + (0,0,CameraDistance); appearanceRoot offset (0,2,0). And `CameraValuesChanger` only changes Z and FOV. So for a source scene, the content is authored such that with the +2 Y offset it's centered. Hmm, but appearanceOffset is added, and the camera y=0. So the visible center is world y=0 while content is shifted +2. So source content must be authored with its visual center at y=-2? That seems odd. Let me actually read DynamicCardFraming.cs.

This matters a lot for our environment placement. But note: Integration worker owns framing: "combining two prefabs under Card/Pivot (camera framing handles appearance+2)". So the integration worker will handle the +2. Our Environment builder just receives "same coordinate frame" as the model. So I author in contract coordinates (art frame) with y centered around 0 (frame y from -3.54 to +3.55), and integration handles the +2 offset. Good — I should follow the contract coordinate frame exactly and not worry about appearance offset.

Hmm wait, but if camera looks +Z from z=-11.5, and the art frame is centered at y=0 with height 7.09 and fov 35 → visible height at z=0 is 2*11.5*tan(17.5)=7.25. So the art frame (height 7.09) at y from -3.54 to +3.55 maps to the view. And "appearance offset +2" would shift it up out of frame... unless the model is authored centered at y=-2. Hmm. Let me actually read DynamicCardFraming to be sure. Because if the environment must be centered at y=-2, that changes everything.

Let me read DynamicCardFraming.cs.
dsh: reasoning:
Good. Now the contract coordinate frame: P(px,py,z)=((px-248.5)/100,(355-py)/100,z). So x center 248.5, y center 355. Effective art 497x710. So world y from (355-0)/100=3.55 to (355-709)/100=-3.54. Camera looks +Z. This exactly matches the old experiment's frame (they used 497x710, 100px/unit, center 0).

Now, in DynamicCardView, the camera is placed at stagingRoot + (0,0,cameraDistance) with cameraDistance ≈ -11.5, and the model under appearanceRoot at local (0,2,0). So model content at contract y=0 is at world y=2, but camera looks along +Z at y=0 → the content would appear 2 units above center. Unless the integration worker sets the Pivot so content is centered. Contract says Integration "combining two prefabs under Card/Pivot (camera framing handles appearance+2)". So Integration handles it — probably by placing Pivot at y=-2 so content lands at contract coordinates relative to camera. Fine. Our Environment builder authors in contract coordinates; Integration handles the offset. Good.

So environment: 
- Frame x ∈ [-2.485, 2.475] (use -2.485..2.485), y ∈ [-3.55, 3.55].
- Camera at z=-11.5, fov 35 → visible half-height at z=0: 11.5*tan(17.5°)=3.626. Half-width same (square aspect) = 3.626. Art width half = 2.485, so horizontal margin exists; vertical 3.55 < 3.626 so art height is just inside. Good.
- Camera near clip default 1? catalog nearClip default 1. With camera at z=-11.5, near=1 → z>-10.5. So foreground at z=-0.3 is fine.

Wait, but the pivot rotation for drag: environment is under Pivot, so it rotates together with the figure. Good, that's desired (parallax).

Now design the environment with z depth:
- Sky/backdrop far: z = +6.0 (backdrop painting) — but must be within far clip (300). Also perspective compensation: at z=6, scale = 1+6/11.5 = 1.522, so it must be enlarged to fill the frame visually. Let me implement the PerspectiveCompensation so layers keep their painted composition. Actually for a backdrop we don't need exact registration — just fill the frame. I'll size it to cover: visible half-height at z=6 is (11.5+6)*tan(17.5°) = 5.52; half-width same. So backdrop quad must be at least 11.05 x 11.05 to fill the square, and to cover the art region 4.97x7.09 the vertical extent needed is 7.09*(17.5/11.5)=... let me compute: at depth z, the world size that maps to the art frame = art_frame_size * (11.5+z)/11.5. Art height 7.09 → at z=6: 7.09*17.5/11.5=10.79. So backdrop quad 11.0 tall to be safe. Width: art width 4.97 → 7.57. I'll make backdrop 12x12 to fully cover the square view.

Hmm, but the old experiment's backdrop was at z=+2.0 with size 22x12 (in their frame where camera distance 12.4). Different. Let me just compute properly in my builder.

Better approach: Build layers as meshes directly in world coordinates using a helper `LayerPoint(xFrameNorm, yFrameNorm, z)` that applies perspective compensation: 
worldX = frameX * (1 + z/D_cam) where D_cam = 11.5.
This makes each layer's projected appearance match the art frame at z=0. This is exactly what the old experiment did. I'll adopt it — it's the honest way to keep the painted composition across depth layers.

So define: D = 11.5 (camera distance). CAM_Z = -D.
Frame: x in [-2.485, 2.485], y in [-3.55, 3.55] at z=0.

Layout plan (z from far to near):
1. `Backdrop` — z=+6.0, a large curved shell (not flat) carrying `background.png`. To preserve the painting and add depth, I'll build a curved grid (slight concave) covering the frame, using an original Aeschna shader? The backdrop should be the painting. Use the AlphaBlended_moveInDirection shader with the background texture? That shader applies noise UV distortion and alpha-power. Nice subtle water wobble. But the painting has no alpha (RGB24). The AlphaBlended shader computes alpha from `_MainTex.a` which would be 1 → opaque. Actually with alpha=1, output alpha = saturate(_AlphaMult * 1 * _TintColor.a) = 1 → opaque. Good, but it writes alpha=1 into the RT... and DynamicCardSurface shader uses rgb only with alpha 1. Fine. And Blend SrcAlpha OneMinusSrcAlpha → effectively opaque blend. ZWrite Off though. Fine.

But hold on: an opaque backdrop must cover the whole square so we don't see through to clear color. A curved shell quad covering 12x12 at z=6 works.

Hmm, but actually the painting background.png is 497x710 (portrait) — if stretched over a 12x12 square it'd distort. I should map it to the art frame region (4.97 x 7.09 aspect ≈ 0.7) and extend/blur outside. Simpler: build the backdrop as a grid covering the *art frame region* scaled by (1+z/D) — i.e., exactly the art frame at that depth — and set the camera background color to a deep water color so areas outside the painting are dark water. But then the square view outside art region would be flat dark. That's acceptable since the visible art region is what matters (art occupies 98% of vertical and 68% of horizontal). Actually the horizontal margins (x beyond ±2.485) would show dark — and the card art region is x∈[-2.485,2.475] so the margins are outside the visible card art. Wait: the ArtRegion UV is (0.166, 0.0036, 0.6826, 0.9811) of the square. So the card art samples the central 68% horizontally → corresponds to world x ∈ [-0.166*7.25.. hmm.

Let me compute: square view spans [-3.626, 3.626] in both axes at z=0 (fov 35, D=11.5: half = 11.5*tan(17.5)=3.626). ArtRegion x from 0.166 to 0.8486 of the square → world x from -3.626+0.166*7.252=-2.423 to -3.626+0.8486*7.252=2.528. Hmm, that gives art width 4.95, centered at 0.05. Close to contract x∈[-2.485,2.475]. There's a slight offset due to the 248.5 vs 497/2=248.5 — same. And 0.166*7.252=1.204 → -3.626+1.204=-2.422. Hmm, contract wants -2.485. Small discrepancy (~0.06) because the real camera distance may differ slightly. Fine, not my concern.

ArtRegion y from 0.00356 to 0.9847 → world y from -3.626+0.00356*7.252=-3.600 to -3.626+0.9847*7.252=3.515. So art vertical world ≈ [-3.60, 3.52], height 7.11. Contract y∈[-3.54,3.55]. Slight offset ~0.05. Again fine.

So the visible content region is about x∈[-2.42,2.53], y∈[-3.60,3.52]. I'll author the environment to cover x∈[-2.6,2.6], y∈[-3.7,3.7] to be safe, and it's fine if a bit is outside.

2. `Waterbed` — real 3D bed: a displaced grid at z from +2.5 to +5.5 (a rolling dune surface), using the ORIGINAL Aeschna riverbed material (riverbed shader + atlas) OR the caustics material? The riverbed material's _MainTex is the Aeschna atlas → UV region mismatch. Better: use the original Aeschna `RiverbedCaustics` material (additive, _MainTex = caustics tile 256x256) as the *caustics* overlay on the bed, and for the bed body use a material with the Aeschna `FoliageBack` "wavey_TwoWaves" shader (alpha blended) with the background texture or a mossy texture. Hmm.

Let me simplify and be tasteful:
- `Waterbed` mesh: rolling dune grid, z from +3.0 (far) to +2.0 (near bottom), material = original Aeschna FoliageBack shader (`VFX_Common_AlphaBlended_wavey_TwoWaves`) with `_MainTex` = copied Aeschna atlas? or with a green-tinted copy of the backdrop's bottom region? 

Hmm. Actually let me use the ORIGINAL Aeschna material `Aeschna_Riverbed` on my waterbed mesh. Its _MainTex is the Aeschna atlas; my mesh UVs can be chosen to sample a region of the atlas that is riverbed-like. But which region? I can't easily inspect the atlas visually... actually I could read the atlas image with image tools? I have read_image. Let me look at the Aeschna atlas to find a soil/rock region. That's a good idea — but adds time. 

Alternative simpler & safe: use `background.png` (the extracted underwater backdrop painting) as the waterbed texture too, sampling its bottom ~25% region (which in the painting is the lake bed). That gives a bed that matches the painting's palette exactly. This is tasteful and honest: "waterbed modelled in 3D from the selected art's own bed region". Combined with the original Aeschna caustics material overlay (additive, original texture) for the premium caustics look.

That's a good plan:
- `Waterbed`: rolling dune grid (real 3D volume), UV maps into background.png's lower band, using the original Aeschna FoliageBack wavey shader (so it undulates like the original premium foliage/water shader). Hmm, wavey shader uses UV wave offsets — good for underwater bed movement.
- `WaterbedCaustics`: a second grid slightly above the bed with the original Aeschna `RiverbedCaustics` material (additive caustics, tiling) — exactly the premium caustics path.

- `KelpBack`: procedural kelp ribbon meshes at z 1.5..3.5, material = original Aeschna FoliageBack material (wavey two waves) with UVs sampling the foreground.png leaf regions... hmm, foreground.png is the *front* plants. For back kelp use a green-tinted material with the caustics/noise texture? 

Let me instead use the foreground.png for BOTH back and front foliage instances at different scales/colors/opacities — real 3D depth (multiple ribbons at different z with sway). That preserves the painting's plants. `foreground.png` contains lily pads and long stems with alpha. 

So:
- `KelpBack`: 5-6 receding curved ribbon meshes, UV sampling foreground.png's stem regions, tinted darker/desaturated (fog) → reads as background weeds.
- `LilyCanopy`: a canopy of lily pads near the top (y 2.6..3.6), curved 3D pads, material = original FoliageFront shader (Wavey_2Sided) with foreground.png pad regions.
- `KelpFront`: 3 foreground fronds at z=-0.35..-0.6 (foreground edges allowed), tinted brighter, using original FoliageFront/2Sided shader.

- `SunRays`: 5-7 long tapered ribbon meshes from top-left going down-right, additive, material = original Aeschna `Shafts` material (copied params) with copied shafts texture. Real 3D (each ribbon is a curved 3D surface at varying z).
- `Bubbles`: ParticleSystem with original Aeschna bubble material + copied bubble texture. Real particles rising.
- `Motes`: ParticleSystem with original Aeschna FloatingDirt material.
- `CausticSheen`: a large additive plane at z=+1.0 with caustics material, subtle.
- `SwordGlowField`: additive halo + trailing glow that follows the grip socket; pulses at 3.2, glows 5.6-8.3. Uses original Seltkirk SwordGlow material (Legacy additive UVNoise) — the best sword-light sample. 

- `Audio`: single AudioSource with the loop.

Effects timing 12s: Animator on root with Intro/Loop clips (both 12s). Clips animate:
- SunRays group rotation/position (slow sway)
- Kelp transform sway
- The glow component's float fields (so it goes through DynamicCardAnimatedMaterialProperty path)
Plus catalog fragment with particleEvents/uvMotions.

Hmm — but a subtlety: the Animator on the Environment root will be picked up by DynamicCardView's `model.GetComponentsInChildren<Animator>(true)` and `animator.Rebind(); animator.Update(0)`. But the FigureRig also has an Animator. Both exist; DynamicCardView iterates all Animators and calls Rebind/Update(0). Multiple Animators are fine as long as they don't animate the same transforms.

But careful: Animator with `applyRootMotion=false` and an AnimatorController — when DynamicCardView calls `animator.Rebind()`, the Animator resets to default state (Intro) and plays. Good.

Also, DynamicCardEffects.Tick(age) drives material/particles via catalog. Our catalog fragment will list uvMotions + particleEvents with paths relative to the model root. But the model root passed to Initialize is the Environment prefab instance root ("Environment"). Paths must be relative to that root. Since Integration nests the Environment prefab under Card/Pivot, the root for DynamicCardEffects is `model` = the instantiated prefab root, and paths are computed relative to it. Wait — no! DynamicCardView instantiates the WHOLE catalog prefab (Integration/Card.prefab) as `model`, then `effects = model.AddComponent<DynamicCardEffects>()`. So paths in the catalog are relative to Card.prefab root, e.g. "Card/Pivot/Environment/...". Hmm, integration will handle merging the catalog entry. Since I can't know exactly how Integration nests things, I'll provide the catalog fragment with paths relative to the Environment prefab root and clearly document that Integration must prefix with the actual path to the Environment instance. That's honest and useful.

Hmm, "Expose catalog fragment when needed." OK.

Actually — simpler and more robust: instead of relying on catalog particleEvents for particle timing, make the ParticleSystems loop on their own with `playOnAwake` and durations that divide 12s. DynamicCardView plays all ParticleSystems with `playOnAwake` after stopping them. And the runtime cycle component handles the 12s glow timing. The catalog fragment then only adds optional `uvMotions`/`particleEvents`. I'll include it but with clearly documented relative paths.

Now, the runtime component: Let me write `LadyLakeEnvironmentCycle.cs`:
- public float duration = 12f
- public Renderer glowRenderer; public Transform glowRoot;
- public Transform gripSocket; (assigned at runtime by searching root)
- fields: catchTime=3.2, liftStart=5.6, liftEnd=8.3
- Start: search `transform.root` for "GripSocket"/"Grip" and follow.
- Update: age += Time.unscaledDeltaTime; age %= duration (seamless). Compute intensity: base 0.12; pulse = gaussian around 3.2 with sharp attack; lift ramp 5.6→6.4 to 1.0 hold to 8.0 fade to 0.35 by 8.3; then decay to base by 9.6.
- Apply via MaterialPropertyBlock to glowRenderer(s): set `_TintColor` alpha / `_AlphaMult`.
- Also drive caustics `_AlphaMult`.
- Also slowly rotate the rays group and sway kelp groups? The Animator does that. Hmm, but I said Animator. Let me use Animator for the base 12s transform animation (rays, kelp) and this component for glow pulse + material intensity. Both are "12s cycle".

Actually, having both an Animator with clips AND a runtime cycle is fine and matches "effect timing12s with Animator and production events allowed".

But wait: Animator clips in Unity animate properties; to animate material properties through `DynamicCardAnimatedMaterialProperty`, the clip must animate the component's public fields (m_Float, m_Color, m_Vector, m_Offset, m_Scale). That works with Animator (it can animate MonoBehaviour public fields as "Generic" bindings). Actually for a generic AnimatorController without an Avatar, clips with `AnimationUtility.SetEditorCurve` on a MonoBehaviour property use type "MonoBehaviour" with propertyName like "m_Float". Animator on a GameObject with no Avatar → "Generic" rig. This works if the clip's binding path targets the child GameObject.

Hmm, complexity. Simpler: I'll animate transforms in the Animator (rays, kelp sway, bubble drift) and use DynamicCardAnimatedMaterialProperty driven by the runtime cycle component instead of Animator for materials. But the task wants "effect timing12s with Animator and production events allowed" — I think having an Animator with Intro/Loop 12s clips + DynamicCardAnimatedMaterialProperty components + catalog events satisfies this.

Let me actually make the clips animate Transform properties (localPosition/localRotation/localScale) of the ray/kelp/canopy groups + the DynamicCardAnimatedMaterialProperty `m_Float` fields on the caustics/glow. That's doable via AnimationUtility.SetEditorCurve with EditorCurveBinding.FloatCurve(path, typeof(DynamicCardAnimatedMaterialProperty), "m_Float").

Wait: for a MonoBehaviour in a prefab animated by an Animator, the clip binding uses the type of the component. Animator supports animating any component's serialized properties. Yes.

But there's a catch: `DynamicCardAnimatedMaterialProperty` is `[DefaultExecutionOrder(-10)]` and applies in LateUpdate. If the Animator sets m_Float each frame, LateUpdate applies it. Good, that's exactly the production path (used by imported premium cards which animate these fields).

So: attach DynamicCardAnimatedMaterialProperty to the Environment root or a dedicated "MaterialAnimators" GameObject, with `Targets` = renderer array, `Name` = "_AlphaMult" (or "_TintColor"), `Type`=2 (float), `Slot`=0. Then the Animator clip animates m_Float over 12s. 

However — the `Targets` array must reference renderers inside the prefab. Since the prefab is built at edit time, I can assign them. Good.

I'll create:
- `CausticsIntensity` DynamicCardAnimatedMaterialProperty targeting the caustics renderers with Name "_AlphaMult", Type=2. Clip animates m_Float 0.55→0.95→0.55 over 12s (subtle swell), with a bump at 3.2.

Hmm, Animator clips on prefab-instantiated objects: the DynamicCardView calls `animator.Rebind(); animator.Update(0)`; the clip will then be evaluated each frame by Unity's Animator automatically (since Animator is enabled). Yes — Animator updates automatically each frame. But note DynamicCardView doesn't call animator.Update each frame; Unity does internally. Good.

One risk: The Animator needs an Avatar? No, no avatar = generic, works.

Another risk: `Animator.Rebind()` with a controller whose default state is Intro and transitions on exit time to Loop. Fine.

I also want the Intro and Loop clips to both be 12s and contain the SAME seamless cycle (like the contract says for the model). I'll make Intro and Loop identical 12s clips with loop time set. Actually for environment, I'll make Intro 12s (rays fade in during first 1.3s) and Loop 12s seamless. To keep it simple and robust: both clips identical 12s seamless, named `LadyLakeEnv_Intro` and `LadyLakeEnv_Loop`, controller with states Intro→Loop on exit time 12s (no conditions), plus Loop→Loop self loop. Actually simpler: one state "Loop" with the clip looping; and "Intro" same. I'll create both to match the contract pattern.

Now, Animator clips animating transforms of children: binding paths relative to the Animator's GameObject (the Environment root). Good.

Now let's think about what the Animator animates:
1. `SunRays` group: localRotation z from -1.2° to +1.2° over 6s (2 cycles over 12s → seamless), plus localPosition.x sway ±0.06 with 2 cycles.
2. `KelpBack` group: localRotation z ±1.5° with 2 cycles.
3. `KelpFront` group: localRotation z ±2.5° with 3 cycles (integer → seamless).
4. `LilyCanopy` group: localPosition.y ±0.05 with 2 cycles.
5. `CausticsIntensity.m_Float`: 0.55 + 0.35*sin(2π t/12 * 2) + bump at 3.2.
6. `GlowIntensity.m_Float`: handled by runtime cycle (needs to follow grip), so skip in Animator.

Sine-based keyframes with integer cycles guarantee seamless loop.

Now, "Do not settle for placeholder stubs" — the meshes must be real 3D. I'll write careful procedural mesh generators:
- `BuildDuneBed(...)`: grid NxM with height = sum of sines (dunes) + noise; vertices in world with perspective compensation; normals computed; UV mapped to the bed band of background.png.
- `BuildRibbon(...)`: a curved vertical ribbon (kelp frond) with N segments, width taper, slight twist; UV maps to a stem region of foreground.png.
- `BuildLilyPad(...)`: a disc with a notch, slight doming and edge curl.
- `BuildSunShaft(...)`: a long tapered ribbon from top to bottom with width profile and slight curve; ribbon crosses z for volume.
- `BuildBubbleField` via ParticleSystem (shape box, rising, original material).

All meshes saved as .asset via AssetDatabase.CreateAsset in Environment/Meshes/.

Also need "volume depth": multiple layers at different z with fog tinting.

Let me now check the foreground.png and background.png dimensions and content to choose good UV regions. Let me read the images.

Actually let me check their .meta dimensions. background.png meta may have sprite info. Let me just read the PNG headers.

Let me check dimensions and view them.
dsh: reasoning:
foreground.png: 1049x1499, transparent center, lily pads at top, long stems, and a bottom-right grass tuft. Perfect for foreground plants. Note: the displayed image is normalized (white background shown for transparency).

Regions in normalized (u from left, v from top):
- Top lily pads: y 0..0.12, x 0..1
- Left stems: x 0..0.35, y 0..0.55
- Right stem + leaves: x 0.55..1.0, y 0.15..0.75
- Bottom-right grass tuft: x 0.45..0.8, y 0.75..1.0

Great. I can sample sub-regions for lily pads, kelp fronds, and the grass tuft.

Now background.png.
dsh: reasoning:
background.png is a beautiful underwater scene: surface with gold reflections at top-right, sun rays, green water, bubbles, and a bright caustic-lit lakebed in the lower third with a rocky/sandy texture. 

This is perfect:
- The painting's lower band (v ~0.62..1.0) contains the lakebed with caustics → perfect for the 3D waterbed texture.
- The upper band (v 0..0.65) is the water column with rays → backdrop.
- Bubbles baked in the painting already, but we add real 3D particles.

So plan:
- `Backdrop`: curved 3D shell at z=+6, textured with background.png's water column region (v from 0 to ~0.70) — or the whole image, and the waterbed 3D mesh covers the lower part in front of it. Better: backdrop uses the whole background.png mapped to the frame; then the 3D waterbed sits in front of it at z=+3..+2 covering the bottom band, replacing the painted flat bed with a modelled 3D bed that uses the bed region's texture. This preserves the painting AND adds real depth. 

Let me do:
- `Backdrop` curved shell: full 1049x1499 image mapped across the frame (x -2.6..2.6, y -3.7..3.7), at z=+6.0 (with perspective compensation). Slight curvature (edges pull forward) for volume.
- `Waterbed`: dune grid at z=+3.2 (far edge) to +1.6 (near front), covering y from -3.7 down, textured with the bed band of background.png (v from 0.60 to 1.0) tiled a bit. Since the bed must occlude the painted bed behind it, place it in front (lower z = closer). Its near edge at y=-3.0 z=+1.6, far edge y=-1.2 z=+3.2, so it recedes. Actually a lakebed slopes up toward the viewer? In the painting, the bed occupies the bottom and slopes. Let me make the bed surface: y from -3.8 to -0.8, with z from +1.2 (near, bottom of frame) to +3.0 (far). Height variation via dunes. Good — it will overlay the painted bed.

- `WaterbedCaustics`: same grid +0.05 z offset, additive original Aeschna caustics material, animated UV.
- `CausticSheen`: a large additive plane at z=+1.0 with caustics material projected over the whole frame (subtle, alpha low) — gives premium caustic shimmer across the scene.

- `SunRays`: 6 tapered ribbons from top-left descending right, at z ranging +2.5..+5.5, additive original Shafts material.
- `KelpBack`: 7 fronds at z +2.0..+3.5, sampling foreground.png left-stem region, dark green tint.
- `KelpMid`: 4 fronds at z +0.8..+1.6.
- `KelpFront`: 3 fronds at z -0.15..-0.5 (foreground edges only, at the left/right/bottom edges so they don't cover the figure). Contract: geometry behind figure z>=.3 except foreground edges. So front fronds must be at frame edges. I'll place them at x<-1.8 or x>1.8 or bottom y<-2.8, at z=-0.3..-0.6.
- `LilyCanopy`: 5 lily pads + stems near y 2.4..3.6 spanning x, at z +0.5..+1.8. Using foreground.png pad regions. The figure's raised hand is around (203,97) px → world x=(203-248.5)/100=-0.455, y=(355-97)/100=2.58. So the canopy must not cover the face/hand: pads at y>3.0 or at x edges. I'll place pads mostly at top edge y 3.0..3.6 and at the sides.
- `Bubbles`: particle systems, 3 groups (back z 2.5, mid z 1.0, front z -0.2), original bubble material.
- `Motes`: particle system, original FloatingDirt material.
- `SwordGlowField`: additive glow that follows the grip; uses original Seltkirk SwordGlow-style material (Legacy Additive UVNoise) with the copied swords texture (9fc0f47e) — or use a dedicated radial glow. I'll build a small 3D "halo" made of 2 crossed ribbons + a disc, additive, tinted pale cyan. It gets a runtime follower.

Wait: the model worker owns the sword. Environment must not duplicate character or sword. The "swordcatch luminous pulse" is an environment effect (light/glow at the catch), which is environment atmosphere, not the sword mesh. I'll implement it as a light-shaft/halo burst — clearly an environmental effect, not a sword. Good, and it follows the GripSocket marker so it reads as the sword catching light.

- `Audio`: one AudioSource.

Now the material set (created by builder, saved in Environment/Materials):
1. `LadyLake_Backdrop.mat` — shader `DynamicCards/Native/VFX_Common_AlphaBlended_moveInDirection_VertexColor_UVNoise` with _MainTex=background copy, _NoiseTex=noise copy, subtle noise, alpha 1... but wait, the vertex color of my mesh must be white (v2) else color multiplies. I'll set vertex colors to white. And `_AlphaPower=1, _AlphaMult=1`, `_TintColor=white`. Since background has no alpha (colorType=2 → RGB), Unity imports it as opaque alpha=1. So output alpha 1 → opaque. 

Hmm, but `_AlphaMult * r0.w` where r0.w = tex alpha=1 → alpha=1. Blend SrcAlpha OneMinusSrcAlpha → opaque. Good. ZWrite Off means it won't occlude; but since it's drawn first (queue low), and DynamicCardView camera clear is transparent black... Actually the RT clear color is Color.clear (0,0,0,0). If backdrop alpha=1 and blending is SrcAlpha OneMinusSrcAlpha = 1*src + 0*dst, the RGB gets the backdrop color. Good, opaque coverage.

2. `LadyLake_Waterbed.mat` — shader `DynamicCards/Native/VFX_Common_AlphaBlended_wavey_TwoWaves`? Its properties: _Cutoff, _Elementwidth, ... and _MainTex. Hmm, that shader is complex and vertex-color driven with `_VColourOn`. Risky. Let me instead use `DynamicCards/Legacy/VFX_Common_AlphaBlended_moveInDirection_VertexColor_Wavey_2Sided` for the bed? That's "wavey 2 sided" — good for plants.

Hmm. Let me look at the waterbed material: the original Aeschna Riverbed material uses "AlphaBlended_moveInDirection_VertexColor_UVNoise" with _MainTex = atlas. So the riverbed in the original uses the same simple UVNoise shader! Great — so I can use that shader for the waterbed with my bed texture. Simple and original. I'll use:
- Waterbed: `AlphaBlended_moveInDirection_VertexColor_UVNoise`, _MainTex = bed band of background (I'll copy background.png and sample UV subregion in the mesh), _NoiseTex = TilingNoise (original Aeschna), _NoiseMult small, _NoiseU/_NoiseV slow drift, _AlphaMult=1, _AlphaPower=1, _TintColor slightly desaturated green. 
- Caustics over bed: `Additive_moveInDirection_VertexColor_UVNoise` with _MainTex = copied Aeschna caustics texture (74809d), tiling (4,3), _TintColor (1,1,0.42) like original, _AlphaMult 0.75.
- Sun rays: `Additive_moveInDirection_VertexColor_UVNoise` with _MainTex = copied shafts texture (9fc0f47e), _TintColor pale green-yellow like original (0.99,0.99,0.58), _AlphaMult 0.9.
- Bubbles: `AlphaBlended_moveInDirection_VertexColor_UVNoise` with _MainTex = copied bubble texture, _NoiseTex = tiling noise, params from original (AlphaMult 2, AlphaPower 2, NoiseMult 0.1, NoiseU 0.6, NoiseV 0.5).
- Motes/dirt: same with FloatingDirt params (need to read that material). Let me just use bubble shader with a dirt texture (TilingNoise) — or read the FloatingDirt mat. I'll approximate using the caustics noise texture with low alpha, documented.
- Foliage (kelp/lily): `Legacy/VFX_Common_AlphaBlended_moveInDirection_VertexColor_Wavey_2Sided` with _MainTex = foreground.png copy, `_Cutoff` ~0.35, tint dark/light. Need to read that shader's properties to set correctly.
- SwordGlow: `Legacy/Assets_PremiumCards_Neutral__GeraltSwordmaster_Sword_Blink.shader`? Or the Seltkirk SwordGlow material's shader = `VFX/Common/Additive_moveInDirection_VertexColor_UVNoise` (Legacy) with _MainTex from a glow texture. Let me use the Legacy additive UVNoise with the copied shafts/caustics texture and pale cyan tint. Simple.

Let me read the Wavey_2Sided shader to know its properties.

Also need to check the AlphaBlended_moveInDirection_VertexColor_UVNoise shader handles vertex color: `r0.xyz = v2.xyz * r0.xyz` and `o0.w = v2.w * r0.w`. So vertex color alpha controls opacity! My meshes must set vertex colors appropriately (alpha = fade). Good, I'll set vertex color RGB=white and A = desired opacity. Note the shader ignores `_Cutoff`? Looking at the fragment: it doesn't use _Cutoff. It uses alpha blend only. So for the foliage with alpha-cutout texture (foreground.png has real alpha), the alpha blend handles edges nicely (soft). But overlapping quads with alpha blending without depth write → sorting issues. With Cull Back it's fine-ish. Foliage needs Cull Off? The shader has `Cull Back` fixed. My ribbons are single-sided; if the camera sees the back, they'd be culled. The old client's foliage used `Wavey_2Sided` for front foliage (2-sided). So use the 2Sided shader for foliage. Let me read it.

Let me read the two foliage shaders.
dsh: reasoning:
The `Wavey_2Sided` shader is perfect for foliage: Cull Off, alpha blended, _MainTex + _Turbulence + _WaveyMask, _Cutoff, _VertexOffset, _AlphaPower, _AlphaMult, _MainU/_MainV, _TurbU/_TurbV.

Let me look at its fragment to see how the vertex color and alpha work. Let me read further, specifically the fragment output.

Actually, I'll not over-engineer. Let me read lines 140-203 to see the fragment.
dsh: reasoning:
The Wavey_2Sided fragment uses `_MainU,_MainV` for UV scroll (moveInDirection) and vertex color RGB multiply, alpha = vertexColor.a * texAlpha, then _AlphaMult * pow(alpha, _AlphaPower). Turbulence/WaveyMask aren't actually used in the fragment (cb0[5..7] are zeroed). So it's effectively the same as UVNoise but Cull Off and with color tint. Simple.

So I can use this shader for foliage with foreground.png (which has real alpha). 

Now, given time (I've used ~20 min of my budget already by my estimate, but let's keep going efficiently), let me write the C# builder. It's a big file but I'll be careful.

Key components of the builder:

```csharp
namespace LegacyGwent.LadyLakePremium.Editor
{
    public static class LadyLakeEnvironmentBuilder
    {
        public const string EnvironmentFolder = "Assets/Experiments/LadyLakePremium/Environment";
        ...
        [MenuItem("Tools/Lady Lake Premium/Build Environment")]
        public static void Build() { ... }
    }
}
```

Steps in Build():
1. Ensure folders: Environment/Meshes, Environment/Materials, Environment/Textures, Environment/Audio (Audio already exists from python), Environment/Prefabs.
2. Copy source textures unchanged (File.Copy only if not exists / always overwrite) into Environment/Textures:
   - background.png from LadyLake/Textures/background.png
   - foreground.png from LadyLake/Textures/foreground.png
   - AeschnaCaustics.png from Content/.../OriginalTextures/74809d...png
   - AeschnaBubbles.png from Content/.../OriginalTextures/963cbb...png
   - AeschnaShafts.png from Content/.../OriginalTextures/9fc0f47e...png
   - AeschnaNoiseTiling.png from Content/.../Shared/13890100_105470_TilingNoise3D_small_uncompressed.png
   - AeschnaNoiseForceTiling.png from Content/.../Shared/14990100_163662_Noise3D_ForceTiling.png
   Set import settings to readable? Not needed; we only use them as textures. But we DO need `alphaIsTransparency` for foreground.png — the copy will get default import (alphaIsTransparency=0). For alpha-blended shaders it doesn't matter (we sample alpha directly). Actually `alphaIsTransparency` only affects color dilation at import; for alpha blending it's better to set it. I'll set it via TextureImporter in the builder for our copies. Also set wrapMode Repeat for the tiling ones and Clamp for background/foreground, mipmaps on.
   
   Note: TextureImporter settings require the asset to be imported first (AssetDatabase.ImportAsset) then modify then SaveAndReimport. Fine.

3. Load textures via AssetDatabase.LoadAssetAtPath<Texture2D>.
4. Create materials (AssetDatabase.CreateAsset) with the original shaders loaded via Shader.Find("DynamicCards/Native/...") — need the exact shader names. Use Shader.Find with full name; if null, log error and throw.
5. Build meshes procedurally and save as assets.
6. Build the hierarchy, add components, ParticleSystems, Animator, AudioSource, runtime cycle component.
7. Save prefab via PrefabUtility.SaveAsPrefabAsset.
8. Write report data (Environment/environment-build.json) with mesh stats, shader names, catalogue fragment.

Console/texture creation via C#: meshes are built in code; that's "Unity native procedural mesh asset creation" — allowed and not a runtime procedural render system (the meshes are baked assets).

Now write the runtime component first (Environment/Runtime/LadyLakeEnvironmentCycle.cs). It must be Unity2019 compatible and not use Application.dataPath static init.

```csharp
using UnityEngine;

namespace LegacyGwent.LadyLakePremium
{
    [DisallowMultipleComponent]
    public sealed class LadyLakeEnvironmentCycle : MonoBehaviour
    {
        public float duration = 12f;
        public float catchTime = 3.2f;
        public float liftStart = 5.6f;
        public float liftEnd = 8.3f;
        public Renderer[] glowRenderers;
        public Renderer[] causticRenderers;
        public Transform[] swayRoots;
        public Transform followTarget;
        public string followName = "GripSocket";
        public float followFallbackX = 1.315f;
        public float followFallbackY = -1.88f;
        public float followFallbackZ = 0.35f;
        private MaterialPropertyBlock block;
        private float age;
        ...
    }
}
```

Update():
- age = Mathf.Repeat(age + Time.unscaledDeltaTime, duration);
- resolve follow target lazily: if null, search transform.root.GetComponentsInChildren<Transform>(true) for name followName, else "Grip".
- if found, position the glow root at that world position (or set follow transform).
- intensity = EvaluateGlow(age).
- apply `_AlphaMult` and `_TintColor` via property block to glowRenderers; `_AlphaMult` to causticRenderers (scaled).
- sway: apply small localRotation to swayRoots based on sin(age/duration * 2π * cycles) — redundant with Animator; skip to avoid conflict. Actually I'll let the runtime component do the base sway (simpler than Animator clips for transforms?) But task explicitly wants Animator. I'll do Animator for sway and runtime for glow. Keep them non-overlapping.

Hmm, actually if the Animator animates the sway transforms and the runtime component ALSO writes them, conflict. So: Animator animates `Sway_Rays`, `Sway_KelpBack`, `Sway_KelpFront`, `Sway_Canopy` localRotation/localPosition. Runtime component only writes material properties + the glow transform position (glow root is NOT animated by Animator). Good.

Now: does the Animator need to be re-bound when the prefab is instantiated and moved? DynamicCardView calls animator.Rebind() and Update(0). Good.

Potential conflict: DynamicCardView sets `foreach (Transform child in model.transform) if (child.localPosition.sqrMagnitude > 1000000) child.localPosition = Vector3.zero;` — our children are near origin. Fine.

Another: `Model.SetActive(true)` etc. Fine.

Now the catalog fragment. I'll produce `Environment/catalog-fragment.json`:
```json
{
  "note": "...paths are relative to the Environment prefab root; prefix with the actual instance path inside Card.prefab",
  "particleEvents": [ {"path":"Bubbles_Back","time":1.3,"loop":true,"sourceTiming":true,"phaseStart":12,"period":12}, ... ],
  "uvMotions": [],
  "materialValues": []
}
```
Hmm, particleEvents `sourceTiming=true` uses phaseStart/period. In DynamicCardEffects, trigger = time + (sourceTiming ? phaseStart : ...). Actually with sourceTiming, phaseStart is added but period used. The research says for source timing events, `phaseStart` equals introDuration. So the event triggers at time+phaseStart, then every `period`. For a 12s cycle with intro=12 and loop=12, set trigger time=0 and phaseStart=12? That would delay to 12s. Hmm. I want bubbles to loop continuously anyway, which they do via ParticleSystem looping. So particleEvents are only needed to (re)start them at cycle boundaries. I'll set: time = 0, loop = true, sourceTiming = false → trigger = 0 + 0 = 0, period = loopDuration = 12. Then it plays at 0 and every 12s. Combined with looping particle systems this is harmless.

Actually there's a subtlety: DynamicCardEffects.Initialize stops all listed particle systems. So if we list them, they'll be stopped at init and then played at age 0 (trigger=0, previous=-0.0001 < 0 and time=0>=0 → play). Good.

Let me include particleEvents for the 3 bubble groups + motes with time 0, loop true, sourceTiming false.

Hmm, but `sourceTiming:false` + `loop:true` → trigger = 0 + introDuration? Re-read:
```
float trigger = item.time + (item.sourceTiming ? item.phaseStart : item.loop ? entry.introDuration : 0);
```
So if sourceTiming=false and loop=true → trigger = time + introDuration = 0 + 12 = 12. That's wrong for us. If sourceTiming=true → trigger = time + phaseStart. Set time=0, phaseStart=0, period=12: trigger=0, period=12. But research says phaseStart is normally introDuration. We can set explicit values in our fragment since it's our own catalog entry. Set `sourceTiming: true, phaseStart: 0, period: 12, time: 0, loop: true`. Then play at 0 and every 12s. 

But careful: `play |= floor((time - trigger)/period) > floor((previous-trigger)/period)` — at time≈0, (0-0)/12=0, previous (-0.0001-0)/12 = -0.0000083 → floor = -1. So 0 > -1 true → play. And the first condition previous<trigger && time>=trigger: -0.0001<0 && 0>=0 → true. Good.

OK. I'll supply that.

Also `uvMotions` for the caustics: path + property "_MainTex" + speed. But uvMotions are applied to the renderer's material via property block, bypassing our DynamicCardAnimatedMaterialProperty. That's fine but redundant. I'll include one uvMotion for waterbed and one for caustics to show the production path, but note the builder also sets material _MainU/_MainV (shader-level scroll). Actually including both could double-scroll. I'll include uvMotions only for the caustics overlay material with a modest speed. Hmm — but uvMotions writes `_MainTex_ST` while the shader samples `_MainTex` with `_MainTex_ST` and adds `_MainU/_MainV * _Time.y`. If I also set _MainU/_MainV, it double scrolls. That's fine visually (caustics scroll) but let me keep it clean: set _MainU/_MainV=0 in material and let the production uvMotion scroll via _ST. That's the "production events" path. 

Wait, but DynamicCardEffects is only added if the catalog entry exists AND Integration wires it. If root doesn't merge, the uvMotion won't happen. To be safe, set a small _MainU/_MainV in the material AND provide the uvMotion with small speed. Double scroll is acceptable and subtle. Hmm, I'd rather be robust. I'll set _MainU/_MainV nonzero (original Aeschna caustics had 0.05/0.1) and provide uvMotions with 0 speed? No — then the fragment is useless.

Decision: Materials handle their own animation via _MainU/_MainV/_NoiseU/_NoiseV (original mechanism, always works). The catalog fragment provides particleEvents only, plus a `materialValues` note? Actually let me include uvMotions for TWO elements that have _MainU/_MainV = 0 (so no double), specifically the sword-glow and sun-ray materials, giving them a catalog-driven scroll. That's clean.

Hmm, sun rays should be static-ish. Let me include uvMotions for the caustics with `_MainTex` and speed (0.02, 0.03) and set the caustics material's _MainU/_MainV = 0. Then the material's own noise drift still animates via _NoiseU/_NoiseV. Good, no double scroll on _MainTex.

OK.

Now: `DynamicCardAnimatedMaterialProperty` for caustics intensity animated by the Animator clip. But wait — `DynamicCardAnimatedMaterialProperty` writes the property via MaterialPropertyBlock on `Targets`. Targets must be Renderers inside the prefab. I'll add one component on a GameObject "MaterialAnimation" with:
- Type = 2 (float), Name = "_AlphaMult", m_Float = 0.75, Slot = 0, Targets = [caustics renderers] (array).
Clip animates m_Float.

Hmm — the Animator animating `m_Float` on a MonoBehaviour: when DynamicCardView calls `animator.Update(0)`, the value gets set. Then LateUpdate applies it. 

But: does an Animator clip binding to a MonoBehaviour property work when the object is nested in a prefab and the Animator is on the root? Yes, generic bindings.

Risk: If the clip binding fails (e.g., type mismatch), the Animator will just not animate it; no crash. The material default 0.75 stands. Acceptable degradation. I'll also have the runtime cycle component modulate caustics alpha additively so it always works. Hmm, but then double-driven again (Animator sets m_Float, component sets property block directly). The component's property block write would override LateUpdate order... DynamicCardAnimatedMaterialProperty has ExecutionOrder -10 so it runs before default; my component (default 0) runs after → my block wins. So the Animator path would be visually overridden. That's bad for honesty ("Animator drives it").

Resolution: Let the Animator drive the caustics `m_Float` (DynamicCardAnimatedMaterialProperty path). The runtime cycle drives ONLY the sword-glow renderers' `_AlphaMult`/`_TintColor` (material properties) and the glow transform. No overlap. 

Let me now also double-check: DynamicCardAnimatedMaterialProperty's `Targets` is `Renderer[]`. I'll set both the caustics-over-bed renderer and the full-frame sheen renderer.

Now, the Animator clips animating `m_Float` need the path to the "MaterialAnimation" GameObject relative to Environment root: path = "MaterialAnimation". And `EditorCurveBinding.FloatCurve("MaterialAnimation", typeof(DynamicCardAnimatedMaterialProperty), "m_Float")`. 

Careful: `EditorCurveBinding.FloatCurve` requires the type parameter to be the component type (a System.Type). For a MonoBehaviour in Assembly-CSharp, `typeof(DynamicCardAnimatedMaterialProperty)` works since the Editor assembly references it. Good.

Now the Animator Controller: 
```csharp
var controller = AnimatorController.CreateAnimatorControllerAtPath(controllerPath);
controller.AddMotion(clipIntro);  // creates default state
```
Hmm, better to build explicitly:
```csharp
var sm = controller.layers[0].stateMachine;
var introState = sm.AddState("Intro", new Vector3(300,0,0));
introState.motion = clipIntro;
var loopState = sm.AddState("Loop", new Vector3(300,80,0));
loopState.motion = clipLoop;
sm.defaultState = introState;
var t = introState.AddTransition(loopState);
t.hasExitTime = true; t.exitTime = 1f; t.duration = 0f;
loopState.AddTransition(loopState) ... // self loop?
```
The Loop clip has loopTime=true so the state loops; no self-transition needed.

Also set `loopState.speed = 1`.

Need `using UnityEditor.Animations;`.

AnimationClip: create with `new AnimationClip()`, set `clip.frameRate = 30`, and use `AnimationUtility.SetEditorCurve(clip, binding, curve)`. Also `AnimationUtility.SetAnimationClipSettings(clip, new AnimationClipSettings{ loopTime = true })` — that API is internal? `AnimationUtility.SetAnimationClipSettings` is public? Let me recall: `AnimationUtility.GetAnimationClipSettings(AnimationClip)` and `SetAnimationClipSettings` are public in UnityEditor since 5.x? I believe `AnimationUtility.SetAnimationClipSettings` exists but might be internal. Hmm. Actually it's public: `public static void SetAnimationClipSettings(AnimationClip clip, AnimationClipSettings srcClipInfo);` — I'm fairly confident it's public in UnityEditor. But to be safe, I can set `clip.wrapMode = WrapMode.Loop;` which is public on AnimationClip. For Animator state looping, the clip's loopTime matters. Hmm.

Safer approach: use SerializedObject on the clip to set m_AnimationClipSettings.loopTime. That's a known trick:
```csharp
var so = new SerializedObject(clip);
so.FindProperty("m_AnimationClipSettings").FindPropertyRelative("m_LoopTime").boolValue = true;
so.ApplyModifiedProperties();
```
That works reliably across versions. I'll use that.

Also set `clip.legacy = false`.

Now the mesh builders. Let me write them carefully.

Helper: `Vector3 LayerPoint(float fx, float fy, float z)` where fx,fy are frame coordinates at z=0:
```
float k = 1f + z / CameraDistance;
return new Vector3(fx*k, fy*k, z);
```
with CameraDistance = 11.5f.

UV mapping: for backdrop, u = (fx/2.485*0.5+0.5) mapped over frame width; v = (fy/3.55*0.5+0.5). For sub-region textures, given a normalized sub-rect (u0,v0,u1,v1) in texture space (v0 = top), map: u = lerp(u0,u1,a), v = lerp(1-v0, 1-v1, b) where b = (fy - yMin)/(yMax-yMin).

Let me write generic builders:

**BuildCurvedSheet(name, xMin,xMax, yMin,yMax, z, zBulge, sub, cols, rows)** — a grid with slight z bulge (concave) for the backdrop, UV from sub-rect. 

**BuildDuneBed(name, xMin,xMax,yMin,yMax, zNear,zFar, sub, cols, rows, amplitude, frequency, phase)** — grid where z = lerp(zFar,zNear, t) + dunes; y undulation too. UV from sub-rect with tiling.

**BuildRibbon(name, baseX, baseY, height, width, curveX, twist, z, sub, segments, taper)** — a vertical ribbon: for i in 0..segments, t=i/segments, y = baseY + t*height, x = baseX + curveX*sin(t*π*0.8) + drift, width tapers, z = z + zCurve*sin(...). Vertices left/right with width*(taper). UV: v along t (bottom→top), u across width (0..1 scaled into sub-rect).

**BuildLilyPad(name, cx, cy, radiusX, radiusY, z, tilt, sub, segments, rings)** — a disc with a notch (angular gap) and doming.

**BuildSunShaft(name, topX, topY, bottomX, bottomY, topWidth, bottomWidth, curve, zTop, zBottom, sub, segments)** — a long tapered ribbon from the top of the frame to lower area, with perspective z variation.

Let me write the code. I'll aim for a single ~1200-line C# file. Long code written to file, no escaping issues (using write tool).

Let me also make sure I don't use C# 8 features (Unity 2019 uses C# 7.3 for .NET 4.x scripting runtime; C# 8 is not supported). So: no target-typed new, no switch expressions, no using declarations, no ranges. Use explicit types. Avoid `??=`. Null-coalescing is fine. Tuples are fine (C# 7). Avoid `nameof` issues (fine).

Let me now write the runtime component file and the builder.

Also I need to double check: `PrefabUtility.SaveAsPrefabAsset(GameObject, string)` exists since 2018.3. Good.

For the AudioSource: single AudioSource on the Environment root's "Audio" child, clip = LadyLakeLoop, loop = true, playOnAwake = true, spatialBlend = 0, volume = 0.7. No AudioListener anywhere.

Note: DynamicCardView adds its OWN AudioSource to `model` root and plays `clip` from the catalog entry. Since the catalog entry's `audio` field is our Environment/Audio/LadyLakeLoop.wav (per contract Integration/catalog-entry.json sets audio Environment/Audio/LadyLakeLoop.wav), DynamicCardView will add an AudioSource and play it. That means TWO AudioSources playing the same clip! The task says "do not add separateAudioListener or duplicate audioSource". So: I should NOT add an AudioSource in the Environment prefab — the production DynamicCardView already creates exactly one from the catalog `audio` field. That's the correct interpretation: "Audio needs root catalog shared twelve second cycle; do not add separate AudioListener or duplicate audioSource."

Hmm, but the task also says "Provide 12s stereo audio ... actualwavloop". It doesn't say to put an AudioSource in the prefab. And "do not duplicate audioSource" strongly suggests: rely on the production audio playback path (catalog `audio` field → DynamicCardView's single AudioSource). 

But then the environment prefab has no audio playback on its own. Hmm. The safest: do NOT add an AudioSource (avoid duplication), document that production DynamicCardView creates exactly one AudioSource from the catalog `audio` field, which root/Integration already points at our wav. That satisfies "no duplicate audioSource" and "root catalog shared twelve second cycle".

Hmm, but wait: DynamicCardView's audio source plays `clip` loaded from catalog. It's loop=true. Good, 12s loop works.

However, if the environment prefab is viewed standalone (in the standalone scene Integration builds), there'd be no audio. But Integration's standalone scene uses DynamicCardView. OK.

Decision: I'll add an optional AudioSource that is DISABLED by default (`enabled=false`, `playOnAwake=false`) — no. That's a stub/confusing. Better: no AudioSource. I'll document clearly. Actually... hmm, let me reconsider: The DynamicCardLibrary.Load loads the clip from the catalog entry.prefab's sibling? Let me check how `audio` is resolved to be safe — it's loaded from the bundle by path. Either way, Integration sets it.

Actually, hold on. Let me re-read the task: "Audio needs root catalog shared twelve second cycle; do not add separateAudioListener or duplicate audioSource." I read this as: the audio must be shared/looped via the root catalog entry, and don't add an extra AudioListener or a duplicate AudioSource. Adding ONE AudioSource in the environment prefab when DynamicCardView adds another for the same clip = duplicate. So: no AudioSource. Good. I'll document it.

Hmm, but what if root does NOT set the catalog audio (e.g., Integration's entry may set audio to our path). Contract explicitly: catalog-entry.json "audio Environment/Audio/LadyLakeLoop.wav". So it's set. 

Given ambiguity, I'll provide the AudioSource as a *prefab-free* option: I'll create the AudioSource GameObject but leave it disabled AND document that enabling it is only for standalone use... no. Cleaner: no AudioSource; provide a documented note + the catalog fragment includes `"audio": "Assets/Experiments/LadyLakePremium/Environment/Audio/LadyLakeLoop.wav"`. 

Hmm, but the environment report should state it. And "no duplicate audioSource" satisfied. But is there a risk the grader expects an AudioSource in the prefab? The phrase "do not ... duplicate audioSource" resolves it: rely on production. I'll go with the production path and additionally include an `Environment/Audio/LadyLakeLoop.wav.meta` with proper loop settings? Unity's AudioImporter has `defaultSampleSettings.loop` — hmm, that's not needed since AudioSource.loop=true.

Hmm, actually, let me reconsider once more. "Provide 12s stereo audio Atmosphere+..." and "actualwavloop". Yes the WAV. And "Audio needs root catalog shared twelve second cycle". So the WAV is referenced by the root catalog. Confirmed: no AudioSource.

Wait, but then DynamicCardView's AudioSource uses `sound.volume` from PlayerPrefs and `loop=true`, `spatialBlend=0`. Good, exactly production behavior. 

However, I realize: if the environment prefab contains no AudioSource, then in the standalone Integration scene the audio works via DynamicCardView. Fine.

Hmm, but there's a subtlety: it says "do not duplicate audioSource" — maybe they mean don't add a second one because the *catalog* path creates one. Yes. Confirmed.

I'll also NOT add any Camera or AudioListener.

Now, one more: the model worker's FigureRig prefab has an Animator. My environment prefab has an Animator. Both are children of Pivot. DynamicCardView iterates all Animators and Rebind/Update. Fine.

Let me now write the files.

Let me carefully write the runtime component.

Also: The builder must be robust if `Assets/DynamicCards/Content` textures are missing → throw a clear error (no silent fallback). But better: fall back to the old experiment's already-copied textures in Assets/Experiments/LadyLake/Textures (AeschnaCaustics.png etc.) since those are the same bytes. That's a reasonable fallback and keeps provenance. I'll implement: prefer Content original; else use LadyLake/Textures copies (documented).

Let me write the runtime component now.
dsh: reasoning:
Now the main builder. This is the big one. Let me write it carefully.

I'll structure it:
- constants
- Build() entry + menu
- folder setup, texture copies+import settings
- material creation
- mesh builders
- hierarchy assembly
- animator + clips + controller
- prefab save
- report json + catalog fragment

Let me be careful about API compatibility.

Key APIs:
- AssetDatabase.CreateAsset(Object, string)
- AssetDatabase.LoadAssetAtPath<T>(string)
- PrefabUtility.SaveAsPrefabAsset(GameObject, string)
- AnimationUtility.SetEditorCurve(clip, binding, curve)
- EditorCurveBinding.FloatCurve(path, type, propertyName)
- AnimatorController.CreateAnimatorControllerAtPath(path)
- AssetDatabase.LoadAssetAtPath<AnimatorController>(path)
- ParticleSystem API (main, emission, shape, velocityOverLifetime, colorOverLifetime, sizeOverLifetime)

ParticleSystem modules in 2019: `var main = ps.main; main.startLifetime = ...;` etc. These are structs so must assign back? In Unity, `ParticleSystem.MainModule main = ps.main; main.startLifetime = x;` — the module struct holds a pointer to the system, so changes apply directly. Yes, that's the standard pattern; no need to assign back.

Renderer: `ParticleSystemRenderer psr = ps.GetComponent<ParticleSystemRenderer>(); psr.sharedMaterial = mat;`

For particles with the vertex-color-driven shader: ParticleSystemRenderer renders billboards with vertex colors; the shader uses v2 (COLOR) → so `main.startColor` will feed the vertex color. Good. Set startColor with alpha.

Important: the bubble shader `_AlphaMult=2` clamps alpha to 1.

Now, the bubble texture 963cbb... is a 256x256 tileable bubbles atlas. With a ParticleSystem, each particle samples... the shader does NOT use TEXCOORD1 for flipbook; it uses uv from mesh (0..1 across the quad) plus noise. So each particle shows the whole 256x256 bubble texture. Hmm, the 256x256 texture likely contains several bubbles arranged; the original used a mesh with UVs into specific sub-regions (the FXMap/atlas). For a particle billboard, showing the whole texture per particle would look wrong (a grid of bubbles per particle).

Alternative: create a particle mesh that shows only a portion. Or use a "Texture Sheet Animation" module? The custom shader doesn't read the flipbook UV, so no.

Better: For bubbles, don't use ParticleSystem with the atlas. Instead, build a mesh of actual 3D bubble "sprites" — i.e., quads placed in 3D, each with UVs pointing to a single bubble cell in the atlas. But they must face the camera → I can build them as billboards via the runtime? That's a procedural render system (not allowed / too complex). 

Simpler and better: use actual 3D bubble geometry — small spheres! "tasteful bubbles" as real 3D meshes rising. But then the shader... I could use the original bubble material on 3D spheres with the bubble texture mapped; a sphere with a bubble texture looks odd but acceptable (it's a bubble!). Hmm.

Alternative approach: Use Unity's built-in ParticleSystem with a **built-in particle shader** and the original bubble texture — but "Original shaders preferred; compatible new shader only if justified with honest parity difference."

Hmm. Let me look at the bubble texture to decide. Let me view it.

Actually, let me reconsider: maybe the Aeschna bubble mesh (`_8_FoliageFront` no... the bubbles are ParticleSystems in the source). The original Aeschna Bubbles particle systems used a mesh renderer with a mesh whose UVs point into the FXMap atlas. The material `_MainTex` = guid 963cbb... which is a 256x256 texture. Let me view it — maybe it's a single soft bubble with alpha, tileable. Then per-particle full-texture is fine!

Let me check the caustics/bubbles/shafts textures visually. That will inform the design. Let me view all three.
dsh: reasoning:
The bubble texture (963cbb) appears to be a light/white soft blob with a faint grid — it's an FX atlas shown mostly white on white. Hard to tell. The shafts texture (9fc0f47e) is a horizontal streaked light pattern — good for light shafts (UV noise + streak).

Given the bubble texture is mostly white/soft (a light-caustic kind of texture), using it per-particle is probably fine — bubbles in the source card's material are additive-ish white blobs. Actually the bubble material is AlphaBlended with AlphaMult=2 and AlphaPower=2, so it uses alpha to shape. The texture likely has alpha patterns. The preview shows white background because alpha isn't rendered. Let me check the actual alpha channel... the preview renders transparency as white? For the foreground.png the transparent area showed white. So here the white = transparent. So the bubble texture is mostly transparent with faint content — meaning it's a soft atlas with faint bubbles. That could work per-particle but would be very faint.

Given time pressure, let me simplify: Use Unity's ParticleSystem for bubbles and motes with the ORIGINAL bubble material. The result will be soft faint bubbles. To make them readable, I'll set `_TintColor` brighter and `_AlphaMult` higher, and use several particle systems with different sizes. Also add a second additive "glint" ring.

Hmm, risky to be invisible. Alternative: build actual 3D bubble geometry as small UV-sphere meshes with a *new* material using the ORIGINAL bubble texture and the original additive/alpha shader — real 3D bubbles with proper UV mapping onto sphere. A sphere with an equirect-ish bubble texture gives a round bubble look. That's more reliable visually.

Let me do BOTH:
- `Bubbles_*` — real 3D bubble clusters: procedurally generated sphere meshes at various positions/sizes, animated by the Animator (rising + sway). Actually animating many bubbles via Animator clips = huge clips. Better: use ParticleSystems for motion.

Hmm. Let me think about what gives the best visual within budget:
- ParticleSystem with the original bubble material and original bubble texture, using `renderMode = Mesh` with a small procedurally-built quad mesh whose UVs sample ONE bubble cell of the texture (0..0.25 in u/v, say). Then each particle shows a single bubble cell. That's clean! And `ParticleSystemRenderer.renderMode = ParticleSystemRenderMode.Mesh` with `mesh`. Also `alignment = View`. 

I need to know a good UV cell. The texture preview looked like a 2x2 or 4x4 grid of faint blobs. I'll sample the cell (0.05..0.30, 0.05..0.30) with a soft quad mesh. Reasonable.

Actually simpler: I'll build a dedicated quad mesh "BubbleQuad" whose UVs cover (0.02..0.30)^2 and use renderMode=Mesh. Plus additive glow quads for glints.

For motes/dirt: use `13890100_105470_TilingNoise3D_small_uncompressed.png`? That's noise. Better use the caustics texture tiled small, or a soft dot. I'll use the shafts texture (streaky light) for motes with small size — reads as floating light specks. Hmm, streaky. Let me instead use the bubble texture for motes too with a different cell.

OK. I'll go with ParticleSystems + mesh render mode + original materials. Also add a "BubbleGlint" additive particle system using the shafts texture at small size for sparkle.

Honestly, the key deliverables are: real 3D waterbed, plants with depth, sun rays, caustics, bubbles, audio, 12s Animator timing, report. Let me make it solid and move on.

Let me now write the builder. I'll include:

Meshes:
1. `Env_Backdrop` — curved sheet 3 cols x 16 rows? Actually grid 12x16 covering x[-2.9,2.9], y[-3.9,3.9], z centered 6.0 with edge curvature toward camera (z decreases at edges) + vertical gradient. UV = full background.png.
   Hmm, the painting already has the bed at bottom. The 3D bed will be placed in front, covering the painted lower region. Good.
2. `Env_Waterbed` — 3D dune grid x[-2.9,2.9], y[-3.9,-0.4], z from +3.4 (far/top) to +1.1 (near/bottom), with dune height offsets, UV = background.png bed band (v 0.58..1.0) tiled 1.6x1.0.
3. `Env_WaterbedCaustics` — same grid, z offset +0.04, UV tiled, additive caustics.
4. `Env_RockRidge` — a far ridge silhouette at z=+4.2 behind the bed, using background.png middle band, low alpha — adds depth. (optional, cheap: a sine profile ribbon)
5. `Env_SunShaft_0..5` — 6 tapered ribbons.
6. `Env_KelpBack_0..8` — 9 fronds (UV from foreground.png stem regions).
7. `Env_KelpMid_0..4` — 5 fronds.
8. `Env_KelpFront_0..2` — 3 fronds at edges.
9. `Env_LilyPad_0..6` — 7 pads with stems.
10. `Env_CausticSheen` — big sheet at z=+0.6, additive caustics, low alpha.
11. `Env_GlowHalo` — a small 3D halo: 2 crossed ribbons + disc, additive.

Rather than 20 separate mesh assets, I'll build each as its own mesh asset with descriptive names (that's fine; it's real authored geometry). Or combine same-type meshes into one mesh with submeshes? Simpler: separate assets, ~25 mesh assets.

Actually, better to combine each *layer* into one mesh (one renderer) so the Animator can sway a group transform. E.g., all back kelp in one mesh (Env_KelpBack), all mid kelp in another, etc. That reduces asset count and lets one transform sway the group. 

So:
- Env_Backdrop
- Env_Waterbed
- Env_WaterbedCaustics
- Env_RidgeFar
- Env_SunRays (6 ribbons combined)
- Env_KelpBack (9 fronds)
- Env_KelpMid (5 fronds)
- Env_KelpFront (3 fronds)
- Env_LilyCanopy (7 pads + stems)
- Env_CausticSheen
- Env_GlowHalo
- Env_BubbleQuad (particle mesh, tiny)

That's 12 mesh assets. 

Hierarchy:
```
Environment                       [Animator, LadyLakeEnvironmentCycle]
├── Sway_Rays                     [Animator-animated]
│   └── SunRays                    [MeshFilter/Renderer → Mat_SunRays]  (z varies internally)
├── Sway_KelpBack
│   └── KelpBack                   [MeshRenderer → Mat_KelpBack]
├── Sway_KelpMid
│   └── KelpMid                    [MeshRenderer → Mat_KelpMid]
├── Backdrop                       [MeshRenderer → Mat_Backdrop]
├── RidgeFar                       [MeshRenderer → Mat_RidgeBack]
├── Waterbed                       [MeshRenderer → Mat_Waterbed]
├── WaterbedCaustics               [MeshRenderer → Mat_Caustics]
├── CausticSheen                   [MeshRenderer → Mat_CausticsSheen]
├── BubbleField                    [ParticleSystem → Mat_Bubbles]  (renderMode Mesh)
├── MoteField                      [ParticleSystem → Mat_Motes]
├── BubbleGlints                   [ParticleSystem → Mat_Glint]
├── Sway_Canopy
│   └── LilyCanopy                 [MeshRenderer → Mat_Lily]
├── Sway_KelpFront
│   └── KelpFront                  [MeshRenderer → Mat_KelpFront]
├── SwordGlow                      [MeshRenderer → Mat_SwordGlow]   (root followed by cycle)
└── MaterialAnimation              [DynamicCardAnimatedMaterialProperty]
```
No AudioSource, no Camera, no Light, no AudioListener.

Wait: the glow root must be a transform the cycle moves. `SwordGlow` is the glowRoot; the cycle sets its position to the grip. But the glow mesh is built in world frame coordinates around origin; when moved to the grip it'll be centered there. Good. But note glowRoot's parent is Environment root which is under Pivot. `glowRoot.position = follow.position` sets world position — since follow is under the same Pivot, that works.

Hmm, but if DynamicCardView moves things (Animation of root), setting world position each frame is fine.

Now let me think about the `FollowGrip` fallback code — it's convoluted. Let me simplify: if no follow found, set glowRoot.localPosition = gripFallback (contract frame). Since Environment root is at contract frame origin (Integration places it), local position = contract coordinates. Good. Let me simplify the runtime component accordingly. Actually the current code has a weird conditional; let me fix it to just set localPosition = gripFallback. But if Integration places Environment prefab under Pivot at some offset... it will be at local 0 presumably. Contract says both prefabs combined under Card/Pivot. So Environment root local (0,0,0). gripFallback in contract coords = local. Good.

Let me simplify that method.

Now, materials list:
- Mat_Backdrop: shader AlphaBlended UVNoise, _MainTex=background, _NoiseTex=tilingNoise, _NoiseMult=0.04, _NoiseU=0.004,_NoiseV=0.006, _AlphaMult=1,_AlphaPower=1, _TintColor=(0.92,1,0.98,1). queue 2999.
- Mat_Waterbed: same shader, _MainTex=background (bed band via mesh UV), _NoiseTex=ForceTiling, _NoiseMult=0.10, _NoiseU=0.02,_NoiseV=-0.012, _AlphaMult=1,_AlphaPower=1, _TintColor=(0.78,0.95,0.86,1). queue 3000.
- Mat_Caustics (bed): Additive UVNoise, _MainTex=AeschnaCaustics, _NoiseTex=ForceTiling, _MainTex scale (4,3), _AlphaMult=0.75, _AlphaPower=1, _TintColor=(1,1,0.42), _NoiseMult=0.15, _NoiseU=-0.05,_NoiseV=-0.04, _MainU=0.05,_MainV=0.10. queue 3001. (copied from original mat)
- Mat_CausticsSheen: Additive UVNoise, _MainTex=caustics, scale (2.2,2.2), _AlphaMult=0.30, _TintColor=(0.72,1,0.86), _MainU=0.03,_MainV=0.05, _NoiseMult=0.25, queue 3002.
- Mat_SunRays: Additive UVNoise, _MainTex=AeschnaShafts, _NoiseTex=ForceTiling, _AlphaMult=0.9, _AlphaPower=1, _TintColor=(0.99,0.99,0.58), _MainU=0.1,_MainV=-0.03, _NoiseMult=0.1, _NoiseU=-0.12,_NoiseV=0.1, queue 3010. (original shafts params)
- Mat_KelpBack: Wavey_2Sided, _MainTex=foreground, _Turbulence=tilingNoise, _AlphaMult=0.85,_AlphaPower=1, _TintColor=(0.30,0.52,0.40,1), _MainU=0.004,_MainV=0.012, _TurbU=0.02,_TurbV=0.01, queue 3005.
- Mat_KelpMid: same but _TintColor=(0.46,0.72,0.55), _AlphaMult=0.95, queue 3006.
- Mat_KelpFront: same, _TintColor=(0.62,0.88,0.70), _AlphaMult=1, queue 3008.
- Mat_Lily: Wavey_2Sided, _MainTex=foreground, _TintColor=(0.72,0.86,0.62), _AlphaMult=1, _MainU=0.002,_MainV=0.006, queue 3004.
- Mat_Bubbles: AlphaBlended UVNoise (original bubble params), _MainTex=AeschnaBubbles, _NoiseTex=noiseSmall, _AlphaMult=2,_AlphaPower=2,_NoiseMult=0.1,_NoiseU=0.6,_NoiseV=0.5, _TintColor=(0.85,0.98,0.96,1), queue 3010.
- Mat_Motes: AlphaBlended UVNoise, _MainTex=noiseSmall, _AlphaMult=0.7,_AlphaPower=1.6,_NoiseMult=0.35, _TintColor=(0.72,0.95,0.80), queue 3006.
- Mat_Glint: Additive UVNoise, _MainTex=AeschnaShafts, _AlphaMult=0.5,_TintColor=(0.8,1,0.95), queue 3011.
- Mat_SwordGlow: Additive UVNoise (Legacy version for parity with Seltkirk SwordGlow), _MainTex=AeschnaShafts, _AlphaMult=0.5, _TintColor=(0.75,1,0.98), _NoiseMult=0.2, _NoiseU=0, _NoiseV=-0.5, queue 3021 (original Seltkirk queue).

Note: the `Additive_moveInDirection_VertexColor_UVNoise` Native shader has no `_Cutoff` property; the Legacy one? The Legacy one might have _Cutoff. Not needed.

Now the shader names for Shader.Find:
- "DynamicCards/Native/VFX_Common_AlphaBlended_moveInDirection_VertexColor_UVNoise"
- "DynamicCards/Native/VFX_Common_Additive_moveInDirection_VertexColor_UVNoise"
- "DynamicCards/Legacy/VFX_Common_AlphaBlended_moveInDirection_VertexColor_Wavey_2Sided"
- "DynamicCards/Legacy/VFX_Common_Additive_moveInDirection_VertexColor_UVNoise"

I'll use Shader.Find first, and fall back to AssetDatabase.LoadAssetAtPath<Shader>(path) if Find returns null (safer since Shader.Find only finds shaders included in the build / always finds in editor). Actually Shader.Find works in editor for any shader in the project. I'll add a helper that tries Find then LoadAssetAtPath.

Textures import settings: set wrapMode Repeat for tileable (caustics, bubbles, shafts, noises), Clamp for background/foreground. Set alphaIsTransparency for foreground. Set textureType Default, sRGB true, mipmap true, maxSize 2048.

Careful: modifying import settings requires the .meta to exist. After File.Copy, call AssetDatabase.ImportAsset(path, ForceUpdate) then get AssetImporter.

Now, mesh creation: after creating meshes with `new Mesh()`, call AssetDatabase.CreateAsset(mesh, path). Names must be set before.

Also need to be careful: `Mesh.RecalculateNormals()`, `RecalculateBounds()`, set `indexFormat` (default 16-bit is fine, but our meshes have vertices < 65535).

Now the Animator clips: animate:
- "Sway_Rays" localEulerAngles.z: curve with 2 cycles, amplitude 1.1°, min -1.1.
- "Sway_Rays" localPosition.x: 2 cycles, ±0.05.
- "Sway_KelpBack" localEulerAngles.z: 2 cycles ±1.4°.
- "Sway_KelpMid" localEulerAngles.z: 3 cycles ±1.8°.
- "Sway_KelpFront" localEulerAngles.z: 3 cycles ±2.4°.
- "Sway_Canopy" localPosition.y: 2 cycles ±0.045.
- "MaterialAnimation" m_Float (DynamicCardAnimatedMaterialProperty): base 0.62 + 0.22*(0.5+0.5*sin(4πt/12)) → 2 cycles between 0.62..0.84. Using a curve with keys at 0.25s steps.

Note: Animating "localEulerAngles" via EditorCurveBinding? Unity animates localEulerAngles as `m_LocalRotation` quaternion, OR you can bind "localEulerAngles.z" which Unity's AnimationClip supports (it converts to quaternion for Transform). Actually for Transform, the animatable properties are m_LocalPosition.x/y/z, m_LocalRotation.x/y/z/w, m_LocalScale.x/y/z. Binding "localEulerAngles.z" is not a serialized property. Hmm — Unity's Animation window does let you key rotation in Euler but it stores quaternions. `AnimationUtility.SetEditorCurve` with propertyName "localEulerAnglesRaw.z"?? There's `m_LocalRotation` only.

Safer: animate quaternion values from Euler. I'll compute quaternion keys and set 4 curves (m_LocalRotation.x/y/z/w). For small z rotations, compute Quaternion.Euler(0,0,angleDeg) and write the 4 components.

Similarly for position: "m_LocalPosition.x".

For the MonoBehaviour float: binding propertyName "m_Float" with type typeof(DynamicCardAnimatedMaterialProperty). That works.

Let me implement a helper `AddEulerZCurve(clip, path, keys)` that creates 4 curves.

Since rotation keys from quaternion interpolation may not perfectly match Euler sine, it's fine.

Better alternative: animate localScale for a "breathing" effect instead of rotation — avoids quaternion issues. But rotation sway is nicer for kelp. Let me do rotation via quaternions properly.

Hmm, actually for a smooth seamless loop I'll use keys every 0.5s (25 keys over 12s) computing the quaternion at each time. Animator interpolates quaternions with slerp — smooth enough.

For position curves, use `AnimationCurve` with keys every 0.5s.

Now — is animating `m_LocalPosition` on a child allowed while `DynamicCardView` normalizes root children positions? It only touches direct children of model root with sqrMagnitude > 1e6. Our values are small. Fine.

Let me now write the builder file. It'll be long. Let me be meticulous.

Also the catalog fragment + report writing.

One more thing: "Environment/Environment.prefab" — path is `Assets/Experiments/LadyLakePremium/Environment/Environment.prefab`.

Let me write it.

For the texture copy, I need to handle the case where Content files are missing (fallback to LadyLake/Textures/Aeschna*.png). Implement `ResolveSourceTexture(preferredRelPath, fallbackRelPath)`.

Let me define source paths:
- Background: "Assets/Experiments/LadyLake/Textures/background.png"
- Foreground: "Assets/Experiments/LadyLake/Textures/foreground.png"
- Caustics: "Assets/DynamicCards/Content/Old/Thronebreaker/OriginalTextures/74809d523530d3f7696d6e455aeca9dd.png" (fallback "Assets/Experiments/LadyLake/Textures/AeschnaCaustics.png")
- Bubbles: ".../OriginalTextures/963cbb367e53ed41e9e55e8a50c83fc5.png" (fallback AeschnaBubbles.png)
- Shafts: ".../OriginalTextures/9fc0f47eaffcb437f12633105906e41b.png"
- Noise small: ".../Shared/13890100_105470_TilingNoise3D_small_uncompressed.png" (fallback AeschnaFlowNoise.png)
- Noise force: ".../Shared/14990100_163662_Noise3D_ForceTiling.png" (fallback AeschnaFlowNoise.png)

Copy destination names in Environment/Textures:
- Env_Background.png, Env_Foreground.png, AeschnaCaustics.png, AeschnaBubbles.png, AeschnaShafts.png, AeschnaNoiseTiling.png, AeschnaNoiseForceTiling.png

File.Copy with overwrite=true. But careful: if the file content is identical, Unity won't reimport; fine.

Now, `Application.dataPath` — I must not use static field init, but inside a method it's fine. I'll use a helper `ToAbsolute(string assetPath)` = Path.Combine(Application.dataPath, assetPath.Substring("Assets/".Length))... Actually simpler: `Path.GetFullPath(assetPath)` relative to the project root (Application.dataPath's parent). Since cwd may not be project root in batch mode. Use:
```
static string Absolute(string assetPath) {
  string projectRoot = Directory.GetParent(Application.dataPath).FullName;
  return Path.Combine(projectRoot, assetPath.Replace('/', Path.DirectorySeparatorChar));
}
```
Hmm, but Unity's cwd is usually the project root. Using Application.dataPath is safer.

Let me write it now. Also ensure `#if UNITY_EDITOR`? The file is in an Editor folder so it's only compiled in editor; no need.

Now about `DynamicCardAnimatedMaterialProperty` type reference in an Editor script: it's in namespace `Assets.Script.DynamicCards`. I'll add `using Assets.Script.DynamicCards;` — but wait, the type is `public sealed class DynamicCardAnimatedMaterialProperty`. Yes public. Good.

Let me write the file.

Mesh building details:

Common helper: 
```
static void AddQuadIndices(List<int> tris, int a, int b, int c, int d) { tris.Add(a); tris.Add(b); tris.Add(c); tris.Add(a); tris.Add(c); tris.Add(d); }
```

**BuildSheet(name, x0,x1,y0,y1, z, bulge, uv Rect, cols, rows, tintAlpha)**:
for j in 0..rows, i in 0..cols: fx = lerp(x0,x1,i/cols), fy = lerp(y0,y1,j/rows). zz = z + bulge*( (|fx|/halfW)^2 + ((fy-cy)/halfH)^2 )? For the backdrop, edges should come *closer* (smaller z) to wrap around → zz = z - bulge*norm². 
UV: u = uv.x + uv.width * (i/cols), v = uv.y + uv.height * (j/rows) where uv.y is bottom (v=0 at bottom). I'll define sub-rects in "top-left" terms and convert.

Vertex position: LayerPoint(fx, fy, zz).

**BuildDuneBed**: x0,x1,y0,y1, zNear (at y0, bottom), zFar (at y1, top), amplitude, uvRect, cols, rows, tileU.
for j: t = j/rows; y = lerp(y0,y1,t); z = lerp(zNear,zFar,t);
for i: x = lerp(x0,x1,i/cols);
height offset in z: dz = amplitude * (sin(x*2.1 + t*3.0) * 0.5 + sin(x*4.7 - t*5.2)*0.3 + sin((x+t)*1.3)*0.2);
Also y ripple small: dy = 0.05*sin(x*3.3 + t*2.0).
z += dz; y += dy.
UV: u = uv.x + uv.width * (x - x0)/(x1-x0) * tileU ; v = uv.y + uv.height * t. 
Also need tiling for u beyond 1 → wrap (Repeat) so it's fine to go >1.
Actually use uv.width * tileU where tileU=1.6 → u spans 1.6 of the sub-rect width. Hmm, better: u = uvRect.x + uvRect.width * frac(...)? With Repeat wrap, values > 1 wrap. Since sub-rect v from 0.58..1.0 has width 0.42, tiling means u in [0.58, 0.58+0.42*1.6]. That exceeds 1 → wraps to 0 → shows top of image. Bad. Let me instead just not tile; use u across 0..1 of the sub-rect. The bed is 5.8 wide x 3.5 deep; stretching the bed band across is fine.

OK simplify: UV = full sub-rect across the bed.

**BuildRibbon (kelp frond)**: params: baseX, baseY, width, height, lean (x offset at top), curve (S), z, zBow, uvRect, segments, taperPow, flip.
for k in 0..segments: t = k/segments; 
 y = baseY + height*t;
 x = baseX + lean*t + curve*Mathf.Sin(t*Mathf.PI)* (lean>0?1:-1) ... simpler: x = baseX + lean*t*t + curve*Mathf.Sin(t*Mathf.PI);
 w = width * Mathf.Pow(1-t, taperPow) ... Actually fronds are wider at base, tapering to tip: w = width*(1 - t*0.85). Plus a small bulge.
 zz = z + zBow*Mathf.Sin(t*Mathf.PI);
 two verts per ring: (x-w/2, y, zz) and (x+w/2, y, zz).
 UV: u = uvRect.x + uvRect.width*(0 or 1); v = uvRect.y + uvRect.height*t.
 Vertex color alpha: 1.
 Add quads between rings.
Tint via material.

Actually for a natural frond, add a slight twist: offset z of left/right verts by ±twist.

**BuildLilyPad**: center (cx,cy), rx, ry, z, notchAngle, uvRect, segments=24, rings=3.
Disc with a wedge removed (notch). Use polar grid: for a in [notchHalf .. 2π - notchHalf], radius from 0..1. Vertex at center (r=0) shared.
Doming: zz = z + dome*(1-r²) + curl*r², plus tilt.
UV: u = uvRect.x + uvRect.width*(0.5+0.5*cos(a)*r*0.9); v = uvRect.y + uvRect.height*(0.5+0.5*sin(a)*r*0.9).

Plus a stem: a thin ribbon from pad center down.

I'll make a combined `Env_LilyCanopy` mesh with 7 pads at different positions/z.

**BuildSunRays**: For each of 6 shafts: from (topX, topY=3.9, zTop) to (bottomX, bottomY, zBottom), widthTop, widthBottom, uvRect, segments=14. Ribbon along direction, with slight curve in x. Left/right verts perpendicular in x only (since shafts are near-vertical). zz = lerp(zTop, zBottom, t) + bow*sin(tπ).
UV: u across width 0..1 into sub-rect; v along 0..1.
Vertex alpha: fade at ends → set vertex color alpha = sin(t*π)^0.5 to soften. Since the shader multiplies alpha by vertexColor.a, good.

**BuildGlowHalo**: 3 crossed ribbons (quads) of size ~1.2 x 1.2 rotated 0/60/120 degrees around Y, plus a horizontal quad rotated 90° around X. Centered at origin so it can be moved to the grip. Additive material.

**BuildParticleQuad**: a single quad 1x1 centered, UV sub-rect for one bubble cell.

Now let me actually write this. It's long but straightforward.

Let me be careful with the shader: it uses object-to-world and clip pos standard; our meshes are in environment local space, fine.

Let me write.

For material creation, `new Material(shader)` then set properties and `AssetDatabase.CreateAsset(mat, path)`.

For the ParticleSystem, set:
```
var ps = go.AddComponent<ParticleSystem>();
var main = ps.main; main.loop = true; main.playOnAwake = true; main.startLifetime = 9f; main.startSpeed = 0.35f; main.startSize = 0.22f; main.startColor = new Color(0.85f,0.98f,0.96f,0.55f); main.maxParticles = 120; main.simulationSpace = ParticleSystemSimulationSpace.Local; main.gravityModifier = -0.02f;
var emission = ps.emission; emission.rateOverTime = 9f;
var shape = ps.shape; shape.shapeType = ParticleSystemShapeType.Box; shape.scale = new Vector3(5.4f, 6.5f, 0.5f);
var vel = ps.velocityOverLifetime; vel.enabled = true; vel.space = ParticleSystemSimulationSpace.Local; vel.x = ...; 
```
Note: ParticleSystem adds a ParticleSystemRenderer automatically when AddComponent<ParticleSystem>() is called? Actually `AddComponent<ParticleSystem>()` in Unity also adds a ParticleSystemRenderer (required component). Yes.

Setting `vel.x` requires MinMaxCurve: `vel.x = new ParticleSystem.MinMaxCurve(-0.05f, 0.05f);` Actually assigning a float to MinMaxCurve works via implicit conversion. In C#, `vel.x = 0.05f;` works because MinMaxCurve has an implicit operator from float. Yes it does.

sizeOverLifetime: `var sol = ps.sizeOverLifetime; sol.enabled = true; sol.size = new ParticleSystem.MinMaxCurve(1f, curve);` with an AnimationCurve.

colorOverLifetime: `var col = ps.colorOverLifetime; col.enabled = true; col.color = new ParticleSystem.MinMaxGradient(gradient);`

renderMode:
```
var psr = go.GetComponent<ParticleSystemRenderer>();
psr.renderMode = ParticleSystemRenderMode.Mesh;
psr.mesh = particleQuadMesh;
psr.alignment = ParticleSystemRenderSpace.View;  // hmm, property is `alignment`
psr.sharedMaterial = mat;
psr.sortingFudge = ...
```
`ParticleSystemRenderer.alignment` is of type `ParticleSystemRenderSpace`. Setting to View makes it face the camera. Good.

Also `psr.meshCount`? Not needed for single mesh? There's `psr.mesh` singular. Yes.

Hmm: with renderMode Mesh and alignment=View, particles billboard using the mesh. Good.

Note: `psr.mesh` requires the mesh to be readable? No, only for some things. Should be fine.

Now, the ParticleSystem with `playOnAwake = true`: DynamicCardView stops all and replays those with playOnAwake. Good.

Now the Animator: 
```
Animator animator = root.AddComponent<Animator>();
animator.runtimeAnimatorController = controller;
animator.applyRootMotion = false;
animator.cullingMode = AnimatorCullingMode.AlwaysAnimate;
animator.updateMode = AnimatorUpdateMode.Normal;
```
Hmm `cullingMode = AlwaysAnimate` ensures it animates even when off-screen (important since the card is rendered by a separate camera in an isolated scene). Actually DynamicCardView renders with a camera in the same scene, so culling might consider it visible. AlwaysAnimate is safer.

Now — a conflict: DynamicCardView does `foreach (var animator in model.GetComponentsInChildren<Animator>(true)) { animator.applyRootMotion=false; animator.Rebind(); animator.Update(0); }`. Fine.

Another consideration: The Environment prefab root will have the Animator. The FigureRig prefab root has its own Animator. OK.

`AnimatorController.CreateAnimatorControllerAtPath(path)` — creates a controller asset. Then modify. Need `using UnityEditor.Animations;`.

Now writing clips:
```
AnimationClip clip = new AnimationClip();
clip.name = name;
clip.frameRate = 30f;
clip.wrapMode = WrapMode.Loop;
AnimationUtility.SetEditorCurve(clip, binding, curve);
// set loop time
SerializedObject so = new SerializedObject(clip);
SerializedProperty s = so.FindProperty("m_AnimationClipSettings");
if (s != null) { var lt = s.FindPropertyRelative("m_LoopTime"); if (lt != null) lt.boolValue = true; so.ApplyModifiedProperties(); }
AssetDatabase.CreateAsset(clip, path);
```

For each curve key I'll add e.g. 25 keys.

Helper:
```
static void AddFloatCurve(AnimationClip clip, string path, string prop, System.Func<float,float> f, int keys)
```
where t in [0,12].

For rotation z: compute quaternion per key.
```
static void AddEulerZCurve(AnimationClip clip, string path, Func<float,float> degF, int keys)
{
  AnimationCurve cx=..., cy=..., cz=..., cw=...;
  for k: t = duration*k/keys; q = Quaternion.Euler(0,0,degF(t)); add keys with Keyframe(t, q.x) etc.
  SetEditorCurve for m_LocalRotation.x/y/z/w
}
```

Also need the curves to be smooth; use `AnimationCurve` with keys and default auto tangents (Keyframe with inTangent/outTangent 0 → smooth? default tangents are 0 which creates flat spots). Better use `AnimationUtility.SetKeyLeftTangentMode`? Simpler: since we have 25 keys over 12s, linear interpolation is fine but slightly jerky. I'll set tangents by computing numeric derivative: for a sine, inTangent=outTangent=derivative. Or just add keys at every 0.25s (48 keys) with default tangents — quantization is minimal. Let me use keys = 48 (every 0.25s) and set `curve.SmoothTangents(i, 0)`? `AnimationCurve.SmoothTangents(index, weight)` exists. That's O(n²) but n=48, fine.

Actually `AnimationCurve.SmoothTangents` is available in editor only? It's in UnityEngine.AnimationCurve and marked as... it's public. Yes, `public void SmoothTangents(int index, float weight)`. Available in editor (I think it's editor-only in some versions). To be safe I'll compute tangents manually: for interior keys, tangent = (v[i+1]-v[i-1])/(t[i+1]-t[i-1]).

Let me implement `MakeCurve(times, values)` with manual tangents.

OK, time to write. Let me go.

For the catalog fragment and report, write JSON manually with a small StringBuilder or just string.Format. I'll use `System.Text.StringBuilder` and manual JSON with escaping helper. Or use `JsonUtility.ToJson` with serializable classes — cleaner. I'll define `[Serializable]` classes and use JsonUtility.ToJson(obj, true).

JsonUtility requires fields to be public and [Serializable]. Good.

Let me write the report classes:
```
[Serializable] public class EnvMeshReport { public string name; public string path; public int vertices; public int triangles; public string boundsCenter; public string boundsSize; }
[Serializable] public class EnvMaterialReport { public string name; public string shader; public int queue; public string source; }
[Serializable] public class EnvCopyReport { public string destination; public string source; public long bytes; public string kind; }
[Serializable] public class EnvBuildReport { public string generatedAtUtc; public string unityVersion; public string prefabPath; public List<EnvMeshReport> meshes; ... }
```

And catalog fragment classes.

OK. Let me write the file now.

Regarding "Avoid static Application.dataPath field init in runtime classes" — we won't use it in runtime. In the Editor class, static readonly string with Application.dataPath is also risky; I'll use a method.

Let me write.

One more: I need the vertex color channel on meshes. Mesh.colors requires Color[] (or Color32[]). I'll set colors.

Also: the AlphaBlended UVNoise shader's vertex input declares `float4 v2 : COLOR0` and `float4 v1 : TEXCOORD0`. Our mesh has uv (TEXCOORD0) and color (COLOR0). The shader uses `v1.ww` = uv.w? Wait: `r0.xy = v1.ww + r0.xy;` — it uses v1.w (the w component of TEXCOORD0)! But standard Mesh uv is Vector2 → TEXCOORD0 is float4 with .zw = 0. So v1.w = 0. Fine.

Hmm, actually `o1.xyzw = v1.xyzw;` — the vertex shader outputs TEXCOORD0 as float4, reading from `float4 v1 : TEXCOORD0`. If the mesh only has UV0 (2 components), Unity fills zw with 0. Good — so `v1.w = 0`. In the original particles, v1.w was the particle lifetime. For us 0.

`r0.z = _NoiseMult * v1.z - _NoiseMult;` → v1.z=0 → r0.z = -_NoiseMult; then `r0.z = _NoiseMultOverLifetime * r0.z + _NoiseMult` → = _NoiseMult (if NoiseMultOverLifetime=0). Then `r0.xy = noise * r0.z + r1.xy` → noise offset scaled by _NoiseMult. Good.

OK, and alpha: `r0.w = v2.w * r0.w * _TintColor.w * _AlphaMult` then pow(_AlphaPower). With v2.w = vertex alpha. Good.

Note: For the *Additive* shader, output `o0.xyz = r0.xyz * r0.w; o0.w=1;` and Blend One One. So the vertex alpha scales the additive contribution. Good.

Now write.

Also `_MainTex_ST` — when created via `new Material(shader)` and setting `SetTexture("_MainTex", tex)`, the ST defaults to (1,1,0,0). I'll set `SetTextureScale`/`SetTextureOffset` explicitly to match original values.

Let me write the builder now. I'll aim for correctness.

Also: after building the prefab, write `Environment/catalog-fragment.json` and `Environment/environment-report.md`? The report is markdown — I'll write it from the builder as well (so it's regenerated) OR write it manually after. The task says report exact used sources and unverified checks in Environment/environment-report.md. I'll have the builder emit `environment-build.json` (machine data) and I'll write `environment-report.md` myself now (with results). Actually better: builder writes both the JSON and a markdown report so it's reproducible. But I also need to include audio provenance which the builder doesn't do. I'll have the builder write environment-build.json + catalog-fragment.json, and then I'll write environment-report.md manually after running... but I can't run Unity. So the report must describe what the builder WOULD produce, based on my code. I'll write it as a static document describing sources and unverified checks, and note that environment-build.json is produced by Build().

Hmm — but the builder can't run here, so all "verified" numbers (vertex counts) can't be filled. I'll mark them as "produced by Build() into environment-build.json; not independently verified here". Be honest.

Actually, I CAN compute expected vertex/triangle counts analytically from the mesh builder parameters, but that's fragile. Better to mark unverified.

Let me write the builder, then the report.

Let me finally write the code.

I'll write it in one go. Careful with C# 7.3 (no `switch` expressions, no `is not`, etc.).

Let me draft the file content.

Regarding `AssetDatabase.CreateAsset` for meshes: if the asset already exists, CreateAsset overwrites? It deletes and creates. Actually CreateAsset on an existing path replaces the asset but may log a warning. Safer: `AssetDatabase.DeleteAsset(path)` before creating, or load existing and `EditorUtility.CopySerialized`. Simplest: use a helper `CreateOrReplaceAsset<T>(T obj, string path)`:
```
static void SaveAsset(Object obj, string path) {
  var existing = AssetDatabase.LoadAssetAtPath<Object>(path);
  if (existing != null) { AssetDatabase.DeleteAsset(path); }
  AssetDatabase.CreateAsset(obj, path);
}
```
Careful: deleting a prefab that references the material would break; but we rebuild everything including the prefab. Deleting assets that are referenced is OK in editor.

But if we delete a material that's currently referenced by the prefab, and then recreate it with a new GUID, the prefab must be rebuilt too (we do). Fine.

Hmm, but `AssetDatabase.DeleteAsset` during Build could cause a domain reload? No.

One concern: the Environment.prefab itself is one of the assets we overwrite via PrefabUtility.SaveAsPrefabAsset. Fine.

Let me write.

For folder creation: 
```
static void EnsureFolder(string path) {
  if (AssetDatabase.IsValidFolder(path)) return;
  string parent = Path.GetDirectoryName(path).Replace('\\','/');
  string leaf = Path.GetFileName(path);
  EnsureFolder(parent);
  AssetDatabase.CreateFolder(parent, leaf);
}
```
Must not call with "Assets" as leaf... handle: if path == "Assets" return.

Also for the raw file copies (textures) before import, I need actual filesystem dirs to exist — AssetDatabase.CreateFolder creates them. Good. But the Tools/ folder already exists (python scripts). The builder should not delete them.

Wait: `Tools/` contains .py files. Unity will import .py as DefaultAsset or ignore. Fine.

Alright — writing now.

Let me also compute the frame constants:
```
const float CameraDistance = 11.5f;
const float HalfWidth = 2.485f;
const float HalfHeight = 3.55f;
```
And LayerPoint.

Actually for layer geometry I'll use generous extents to cover the frame: X0=-2.9, X1=2.9, Y0=-3.9, Y1=3.9.

Let me write the code.

For the sub-rect helper, I'll define `Rect Sub(float x, float yTop, float w, float hFromTop)` where yTop is the top edge in normalized top-left coordinates, and convert to Unity Rect (bottom-left origin): 
```
Rect r; r.x = x; r.y = 1f - yTop - hFromTop; r.width = w; r.height = hFromTop;
```
Wait: if yTop is distance from top, then the bottom edge from top = yTop + h. In bottom-origin v, the bottom edge = 1-(yTop+h), and the rect's y = 1-(yTop+h), height = h. Yes.

Then UV computation: for a mesh, I want v to increase upward on the asset. If the rect's y = 1-(yTop+h) and height h, then v = r.y + r.height * t where t=0 at mesh bottom → v = 1-(yTop+h) = bottom of the sub-rect in texture space. Since texture v=0 is bottom of image = bottom of the painting region... The painting's "top" is v=1. Our sub-rect from top gives the correct orientation: at t=0 (mesh bottom) v = 1-(yTop+h) which corresponds to the lower part of the sub-rect. Correct.

Good.

For foreground.png sub-regions (top-left normalized):
- lily pads: Sub(0.00, 0.00, 0.55, 0.14) — top-left pads. Also Sub(0.55,0.02,0.45,0.12).
- left stems: Sub(0.00, 0.05, 0.32, 0.50)
- right stems: Sub(0.62, 0.15, 0.38, 0.55)
- bottom grass: Sub(0.45, 0.72, 0.40, 0.28)

For background.png:
- whole: Sub(0,0,1,1)
- water column: Sub(0,0,1,0.62)
- bed band: Sub(0,0.58,1,0.42)

OK, writing now. Let me produce the file.

I'll set the waterbed UV to the bed band (0,0.58,1,0.42) and the backdrop to the full image.

Hmm, if the backdrop uses the full image and the 3D bed overlays the lower part, the painted bed is hidden behind the 3D bed. Good.

But the backdrop's lower part also has the painted bed which would peek around the 3D bed edges. Since the 3D bed is in front and opaque, and extends to the frame edges at the bottom, mostly covered. Fine.

Let me write.

For the ridge: a band using Sub(0,0.45,1,0.20) — dark mid-water. Hmm, actually I'll skip the ridge to save time and reduce risk. Instead, the "volume depth" comes from kelp layers, sun rays, bubbles at different z, the dune bed, and the caustic sheen. Good enough. Actually a ridge adds nice depth cheaply — I'll include a simple "Env_RidgeFar" ribbon using the bed band darker, at z=+4.5, low alpha. Let me include it: a horizontal band with a wavy top edge.

Actually, let me keep mesh count manageable but include it — it's cheap.

Hmm, time. Let me include it as part of the waterbed mesh? No. I'll skip the ridge and instead add a second, farther, darker "WaterbedFarB" grid? No. Skip. The backdrop painting already has the bed/rocks.

Final mesh list: Backdrop, Waterbed, WaterbedCaustics, SunRays, KelpBack, KelpMid, KelpFront, LilyCanopy, CausticSheen, GlowHalo, ParticleQuad = 11 meshes.

Let me write it.

For ParticleQuad UV: bubbles atlas cell. From the preview, the texture is mostly transparent with faint content. I'll map the full 0..1 UV to the quad — since it's a single soft blob (probably). Actually if it's an atlas of many bubbles, full-UV per particle shows all of them tiny. Given uncertainty, I'll map 0..1 and rely on `_AlphaMult=2`, small particle size. Risk accepted; documented as unverified.

Hmm, let me make a smarter choice: map the quad UV to the *center cell* region (0.25..0.75) — a compromise that shows the middle of the texture. I'll go with (0.02,0.02)-(0.48,0.48)? Ugh. Let me just look at the alpha channel statistics via python to see if it's one blob or many.

Quick: read the PNG in python? No PIL/numpy. Hmm. I could parse PNG manually — too much work. 

Let me instead use the read_image preview at higher fidelity... the preview showed a white image with a faint 2x2 or 3x3 grid of lighter squares — consistent with a 4x4 atlas of soft blobs where most of the texture is transparent. So full-UV per particle = a 4x4 grid of faint bubbles per particle. Bad.

Decision: use quad UV = (0.25..0.75) in both axes? That'd be the center of the atlas = a blob if 2x2. 

Alternative approach avoiding this entirely: **use the original bubble material on real 3D bubble meshes** — build small spheres (icosphere-ish) with UVs mapped spherically and use the shafts/noise texture... no.

Better decision: For particles, use a **procedurally built small bubble mesh** that is a "billboard quad" with a **radial alpha gradient baked into vertex colors** and use the ORIGINAL additive UVNoise shader with the original caustics/shafts texture as a soft detail. Wait — vertex alpha * texture alpha. If I build a quad with vertex colors that fade radially from center (alpha 1 at center → 0 at corners), and use a texture with uniform alpha 1 (like the shafts texture which is white-ish with alpha 1), I get a soft round bubble purely from vertex alpha. That's fully controlled and reliable!

But Mesh with per-vertex alpha requires a subdivided quad (e.g., 5x5 grid) to encode the radial gradient. That's 25 verts per particle mesh — fine for a shared mesh.

So: `Env_ParticleQuad` = a 6x6 grid quad with vertex color alpha = smoothstep radial falloff, UV = full 0..1 of a texture with alpha 1 (I'll use the caustics texture for a watery shimmer, or the bubble texture's alpha... no, use caustics: uniform opaque). Use `Mat_Bubbles` = AlphaBlended UVNoise with _MainTex = AeschnaCaustics (opaque, so alpha comes from vertex color) tinted pale cyan. Then bubbles render as soft round translucent discs with subtle internal caustic detail — convincing underwater bubbles, using the original premium shader path and original premium texture, with the shape coming from real mesh vertex data.

Similarly, `Mat_Motes` = AlphaBlended UVNoise with _MainTex = noiseSmall (may have alpha<1 though). Hmm. Use caustics texture for both, different tints/sizes. And `Mat_Glint` = additive with shafts texture.

Actually, let me check whether the shafts texture alpha is opaque: it's a light streak; likely alpha=1. And caustics alpha likely 1. Good.

So I don't need the bubble texture at all. But the task says use original bubble sources... I'll still copy AeschnaBubbles.png and use it in a *3D bubble cluster* mesh (a few larger bubbles modelled as spheres with the bubble texture) for the "hero" bubbles. Hmm, adds complexity.

Compromise: Use AeschnaBubbles.png as `_NoiseTex` for the bubble material — the shader's noise perturbs the UV. That uses the original bubble asset meaningfully. And `_MainTex` = caustics texture. Good. Provenance: both original Aeschna assets used.

Wait, bubble texture as noise: `float2(-0.5,-0.5) + noise.rg` — works as a perturbation source. Fine.

So:
- Mat_Bubbles: _MainTex = AeschnaCaustics (soft internal pattern), _NoiseTex = AeschnaBubbles, _AlphaMult=1.35, _AlphaPower=1.4, _NoiseMult=0.25, _NoiseU=0.6, _NoiseV=0.5, _TintColor=(0.82,0.99,0.97,1).
- Mat_Motes: _MainTex = AeschnaNoiseTiling, _NoiseTex = AeschnaNoiseForceTiling, _AlphaMult=0.85, _AlphaPower=1.7, _NoiseMult=0.4, _TintColor=(0.70,0.95,0.78,1).
- Mat_Glint: additive, _MainTex = AeschnaShafts, _NoiseTex = AeschnaBubbles, small.

Good. Now write.

Let me write the file now, for real. I'll keep it organized.

I also need a `LadyLakeEnvironmentCycle` component added to the root and configured with glowRenderers = [SwordGlow renderer], causticRenderers = [WaterbedCaustics renderer, CausticSheen renderer], glowRoot = SwordGlow transform. But the Animator also drives caustics `_AlphaMult` via DynamicCardAnimatedMaterialProperty → conflict (component runs later and overrides). 

Fix: set `causticRenderers` empty in the component and let the Animator/AnimatedMaterialProperty own caustics. But then the "caustic swell" is Animator-driven — good, and matches "effect timing12s with Animator". But if the Animator binding fails, caustics stay static at the material default. Acceptable.

Hmm, but I want robustness. Compromise: the component drives caustics on a *different* renderer than the one the Animator drives. E.g. Animator drives `WaterbedCaustics._AlphaMult` (via AnimatedMaterialProperty), and the cycle component drives `CausticSheen._AlphaMult` (the full-frame sheen). Two different renderers → no conflict, both animated, both 12s. 

So:
- AnimatedMaterialProperty targets `WaterbedCaustics` renderer, Name `_AlphaMult`, Type 2, animated by clip (0.55..0.95, 2 cycles + bump).
- Cycle component causticRenderers = [CausticSheen renderer].
- Cycle component glowRenderers = [SwordGlow renderer].

Now let me write.

Also should the Animator animate the kelp group transforms? Yes as described.

Let me write the code.

I'll now produce the final C# file.

Careful about `ParticleSystem.MinMaxCurve` implicit conversions with float; `main.startLifetime = 9f;` works.

`main.startColor = new ParticleSystem.MinMaxGradient(new Color(...))` or `main.startColor = color;` (implicit). I'll use the explicit MinMaxGradient.

`shape.scale` exists. `shape.position` exists.

`velocityOverLifetime.y = new ParticleSystem.MinMaxCurve(0.25f, 0.55f);` — rising.

Let me write.

Also `main.simulationSpace = ParticleSystemSimulationSpace.Local;` — local space means particles move with the environment (which rotates with the pivot). Good.

`main.startRotation3D`? Skip.

OK writing.

For `ParticleSystemRenderer.alignment`, the property name is `alignment` of type `ParticleSystemRenderSpace`. Yes.

Note: With renderMode = Mesh, `alignment` is respected.

Let me write the file.

I'll add `[MenuItem("Tools/Lady Lake Premium/Build Environment")]`.

Let me also guard: `if (EditorApplication.isPlayingOrWillChangePlaymode) throw`.

Let me write it.

One thing: `EnsureFolder` for "Assets/Experiments/LadyLakePremium/Environment/Textures" — Environment folder will be created by Unity when the .cs files are imported. Good but I'll call EnsureFolder anyway.

Let me write the final code.

Let me consider the length. ~900 lines. That's fine.

Writing now.
dsh: reasoning:
Now let me review for compile errors and logic bugs:

1. `state_cycle`, `state_groups`, `state_particles`, `state_rays` are static fields assigned in BuildHierarchy but declared AFTER the method — that's fine in C#. But `state_particles` and `state_rays` are assigned but never used → warning only.

2. `ApplyPose` uses `state_groups` — fine.

3. `MeshStat`, `MaterialStat`, `CopyStat` are private nested classes inside a static class — nested types in a static class are allowed. But `[Serializable]` on private nested classes: JsonUtility can serialize private classes? JsonUtility requires the type to be serializable; accessibility doesn't matter for fields (public fields needed). The nested classes are `private sealed class` with public fields. JsonUtility.ToJson(object) — works with any class. Should be fine.

Actually, JsonUtility.ToJson on a private nested class instance works because it uses reflection. Yes.

But `Report` has `public MeshStat[] meshes;` where MeshStat is private — that's fine.

Hmm, one catch: `JsonUtility` requires the top-level object to be a class/struct marked [Serializable]? For ToJson, it works even without [Serializable]? Let me be safe: I marked `MeshStat`, `MaterialStat`, `CopyStat`, `Report`, etc. with... let me check. I marked `[Serializable] private sealed class Report`, `[Serializable] private sealed class FragmentParticleEvent`, `FragmentUvMotion`, `Fragment`. But `MeshStat`, `MaterialStat`, `CopyStat` are NOT marked [Serializable]. JsonUtility will not serialize fields of non-[Serializable] types → they'd serialize as empty objects. Let me add [Serializable] to those three.

4. `ConfigureTextures(Material material, Texture2D main, Texture2D mainAlt, Texture2D noise)` — mainAlt unused. Fine but let me simplify signature to (material, main, noise) and update calls. Actually fewer edits: keep it but mark unused. C# doesn't warn about unused params by default. Fine. But it's sloppy. Let me change to 3 params and update all call sites (there are ~10). Simpler to keep 4 and ignore. I'll keep it but rename mainAlt to _mainAlt? No, leaving it is fine.

Actually let me just fix the Serializable attributes and a few real bugs:

5. `AddMaterialStat(BuildState state, Material material)` is an empty method — calls do nothing. Remove the calls or implement. It's dead code. Let me remove both the method and the calls (13 call sites). That's a lot of edits. Alternatively implement it to record nothing... Actually it's harmless but sloppy. Let me just delete the calls via a targeted edit — they're on 4 lines (grouped). Yes: lines
```
            AddMaterialStat(state, matBackdrop); AddMaterialStat(state, matWaterbed);
            AddMaterialStat(state, matBedCaustics); AddMaterialStat(state, matSheenMat);
            AddMaterialStat(state, matSunRays); AddMaterialStat(state, matKelpBack);
            AddMaterialStat(state, matKelpMid); AddMaterialStat(state, matKelpFront);
            AddMaterialStat(state, matLily); AddMaterialStat(state, matBubbles);
            AddMaterialStat(state, matMotes); AddMaterialStat(state, matGlint);
            AddMaterialStat(state, matSwordGlow);
```
I'll delete those and the method.

6. `DuneGrid` has parameter `uvTile` — used. `alphaScale` used. Good.

7. In `BuildLilyCanopy`, `Mathf.Tan(tiltRad)` — fine. `pads[p % pads.Length]` fine.

8. In `BuildSunRays`, `perShaft = 0.55f + 0.09f * ((s * 7) % 4)` — int arithmetic → int, multiplied by float → float. `0.09f * ((s*7)%4)` is float. Then `0.55f + float` = float. Good.

9. `AddParticles`: `main.prewarm = true;` requires the system to be playing/looping; fine.

`renderer.mesh = particleMesh;` — `ParticleSystemRenderer.mesh` exists (Unity 5.5+). Good.

`renderer.alignment` — `ParticleSystemRenderer.alignment` property is of type `ParticleSystemRenderSpace`. Yes.

`renderer.sortingFudge` — exists.

`size.size = new ParticleSystem.MinMaxCurve(1f, fade);` — MinMaxCurve(float multiplier, AnimationCurve curve) constructor exists. Good.

`noise.scrollSpeed = 0.05f;` — MinMaxCurve implicit from float. Good.

`emission.rateOverTime = rate;` — implicit float→MinMaxCurve. Good.

`main.startLifetime = new ParticleSystem.MinMaxCurve(8f, 13f);` — constructor (float min, float max) exists. Good.

10. `shape.scale = box;` — Vector3 → fine.

11. `AddRenderable` returns GameObject; `GameObject bedCausticsGo = AddRenderable(...)` fine.

12. `state.overrides` never populated — fine.

13. `AddPositionCurve(clip, "Sway_Canopy", 1, 2, 0.045f)` — axis 1 = y. Good.

14. `BuildCurve` uses `CycleDuration` for time — consistent.

15. `AnimationUtility.SetEditorCurve` with `typeof(DynamicCardAnimatedMaterialProperty)` — the component is in Assembly-CSharp, and the editor script in Assembly-CSharp-Editor which references Assembly-CSharp. Good.

16. `EditorCurveBinding.FloatCurve(path, typeof(Transform), "m_LocalRotation.x")` — correct.

17. `PrefabUtility.SaveAsPrefabAsset(root, path)` — the root GameObject is created with `new GameObject("Environment")`. We destroy it after saving with `DestroyImmediate`. Good.

BUT: the materials/meshes are assets referenced by the prefab. Since we save the prefab, the references are persisted. Good.

18. Critical: `SaveOrReplace(material, path)` — creates the material asset. Then `MakeMaterial` returns `material` (the in-memory object, now an asset). Then we call `ConfigureTextures(matBackdrop, ...)` AFTER `MakeMaterial` — since `material` IS the asset object, the changes persist, but we need `EditorUtility.SetDirty` / SaveAssets. We call `AssetDatabase.SaveAssets()` at the end. Good.

Hmm — but wait: in `MakeMaterial` I call `SaveOrReplace` BEFORE configuring. And in SaveOrReplace, if the asset already exists at that path from a previous build, `AssetDatabase.DeleteAsset(path)` then `AssetDatabase.CreateAsset`. Fine.

19. Issue: `new Material(shader)` then `SaveOrReplace(material, path)`. After CreateAsset, `material` is the asset. Configuring it afterwards then SaveAssets persists. Good.

20. BIG issue: `SaveOrReplace(intro, ClipIntroPath)` then `BuildController(ClipIntroPath, ClipLoopPath)` loads them. Good.

21. `BuildController`: `machine.RemoveState(machine.states[i].state)` while iterating backwards over `machine.states` — the array is re-fetched each iteration (`machine.states` property). Iterating backward from `machine.states.Length - 1` and re-reading `machine.states[i]` each time. Since RemoveState shrinks the array, index i may become out of range? We go from high to low; after removing index i, indices > i are invalid but we already processed them... Actually RemoveState removes the state from the collection, shifting. Since we iterate i from N-1 down to 0 and remove `machine.states[i]` at each step: after removing the last, the array has N-1 elements and i becomes N-2 which is valid. After removing element at index i (which is the current last), the array shrinks to i elements... wait: at step i, array length = i+1 (since we've removed everything above i). machine.states[i] is the last element. RemoveState → length i. Then i-- → i-1, valid. Good.

Hmm, `machine.states` returns `ChildAnimatorState[]`. `machine.states[i].state` is the AnimatorState. Good.

But on the FIRST build, the controller created by `CreateAnimatorControllerAtPath` has a default state "Base State" (with no motion). Removing all states leaves a state machine with no states; then we add Intro/Loop and set defaultState. Fine.

On rebuild, `AssetDatabase.LoadAssetAtPath<AnimatorController>` returns the existing controller; we clear and re-add. Good.

Potential issue: `AnimatorController.CreateAnimatorControllerAtPath` also sets the controller's layers; `controller.layers[0].stateMachine`. Fine.

22. `introState.AddTransition(loopState)` returns AnimatorStateTransition. Good.

23. `transition.canTransitionToSelf = false;` exists.

24. `EditorUtility.SetDirty(controller)` — fine.

25. Unused variable warnings for `state_particles`, `state_rays`, `mainAlt`. Warnings don't break the build.

26. `Report` class fields `verified` etc. — `state.verified` is `List<string>`; `.ToArray()` → string[]. Good.

27. `TextureImporter.textureCompression` — `TextureImporterCompression.Compressed`. Good.

28. `importer.SaveAndReimport()` — exists.

29. `AssetDatabase.ImportAsset(destinationAsset, ImportAssetOptions.ForceUpdate)` — signature: `ImportAsset(string path, ImportAssetOptions options)`. Good.

30. `Absolute()` uses `Directory.GetParent(Application.dataPath).FullName`. Good (not a static field init).

31. `EnsureFolder(Path.GetDirectoryName(path).Replace('\\','/'))` in SaveOrReplacePrefab — path is "Assets/.../Environment.prefab", GetDirectoryName gives "Assets/.../Environment" with backslashes on Windows → Replace → fine.

32. `Mesh.SetVertices(List<Vector3>)` etc. — supported in 2019.

33. Potential problem: `mesh.SetUVs(0, uvs)` where uvs is `List<Vector2>` — supported.

34. `P(...)` uses CameraDistance 11.5. Frame half height 3.55. At z=6, k = 1+6/11.5 = 1.5217, so fy=3.95 → 6.01. Camera at z=-11.5, distance to z=6 is 17.5, half-height visible = 17.5*tan(17.5°)=5.52. Our 6.01 > 5.52 → covers. Good.

35. Backdrop bend: z = 6.0 - bend, bend up to (1+1)*1.35... nx,ny for fx=X1: (2.95-0)/(5.9)=0.5, ny similar. So nx²+ny² max = 0.25+0.25=0.5 → bend max = 0.675 → z min = 5.325. Fine.

Wait, but the "concave" should pull edges toward camera meaning smaller z. z = 6 - bend → edges (larger bend) have smaller z (closer). But the center has z=6 (farthest). Hmm, for a concave shell as seen from the camera, the center should be farther... yes that's what we have. Good.

36. Waterbed: `DuneGrid(mesh, X0-0.6, X1+0.6, -3.95, -0.35, 0.95, 3.55, 0.34, Sub(0,0.565,1,0.435), 26,16,1,1,0)`. The bed's y range is -3.95..-0.35, z 0.95 (near at y=-3.95) to 3.55 (far at y=-0.35). Camera at z=-11.5. The bed's near edge is at z=0.95 → distance 12.45; P(fx,fy,0.95) scales by k=1.0826. So the near edge at fy=-3.95 → y=-4.276, and at distance 12.45 the visible half-height = 12.45*tan(17.5)=3.925. So y=-4.276 is below the visible bottom (-3.925) → the bed extends past the bottom edge. Good, no gap.

At the far edge y=-0.35 → P y = -0.35*k where k=1+3.55/11.5=1.3087 → -0.458, distance 15.05, visible half-height 4.744 → well within view. So the bed's far edge is visible at y≈-0.46 in screen terms... hmm, that means the bed horizon appears around the middle of the frame. That's fine (the painting's bed starts around v=0.62 → y ≈ 3.55-0.62*7.1 = -0.85). OK, close.

But wait — the waterbed spans x from -3.55 to 3.55 with k up to 1.3 at the far edge → x up to 4.6, covering the width. Good.

37. Potential visual problem: the waterbed's near part (y very negative) has z ~0.95 which is in FRONT of the figure? Contract says keep geometry behind figure z>=0.3 except foreground edges. The waterbed near edge at z=0.95 > 0.3. OK good. But the figure is at z≈0 with the model worker's mesh possibly extending to -0.34. The waterbed at z=0.95 is behind. Good.

Wait, but the waterbed bottom near edge: the figure's lowest point is around y=-3.1 (waterbed at -3.1 per contract "Catch y must stay > -3.1 waterbed"). Our bed's near edge is at y=-3.95 (frame coords) with z=0.95. The figure at y=-3.1, z≈0. Since the bed is behind (z=0.95), the figure will render in front. Good.

Hmm, but the bed covers the bottom of the frame; the figure's sword catch happens around y=-2.5..-3.0, which would be in front of the bed. Good.

38. KelpFront at z=-0.30..-0.52 → in front of the figure (z=0). They're at x=±2.8 and -2.3, y from -3.95 up. Since they're at the frame edges, they're "foreground edges" allowed by the contract. The frond at x=-2.30 with height 1.8 → y from -3.6 to -1.8, at the left edge. Width 0.30 → x from -2.45 to -2.15. The figure's body is around x -1 to +1.7. So no overlap. Good.

Hmm, frond 2 at x=2.80, height 3.6 → y -3.95 to -0.35, at the right edge (x 2.61..2.99). Contract frame max x is 2.485 for art; the art region extends to ~2.53. So x=2.61 is just outside the visible art. Hmm, that might make it invisible. Let me reconsider: the visible art x range is about [-2.42, 2.53]. So x=2.80 is outside. Similarly x=-2.80 is outside (-2.42). So KelpFront at ±2.8 would be mostly invisible!

Let me fix: KelpFront baseX at ±2.25 and -1.95 so they're partially visible at the edges. Let me adjust:
- Frond(-2.30f, ...) width 0.40 → x -2.5..-2.1 → visible at the left edge. Good.
- Frond(2.25f, ...) width 0.38 → 2.06..2.44 → visible right edge. Good.
- Frond(-1.95f, ...) → visible.

And KelpMid at ±2.6/2.55 → outside. Let me pull them in: ±2.15, and the x=-1.25, 1.45 are fine. -2.05 fine.

KelpBack at ±2.45, ±2.8, ±2.75 → mostly outside. Pull in to about ±2.2 max.

Hmm. Actually the art region: x from -2.42 to +2.53 (computed earlier). So background kelp at ±2.45/2.8 is outside the visible area. Let me redistribute all kelp within x ∈ [-2.4, 2.5]. But also note the figure occupies the center; the environment behind it can be covered.

Also the lily pads at cx ±2.55/2.60 → outside. Pull to ±2.25.

Let me revise positions:

KelpBack (9): x = -2.30, -1.70, -0.85, 0.20, 1.05, 1.95, 2.35, -2.05, 2.20
KelpMid (5): x = -2.30, -1.25, 1.45, 2.15, -1.95
KelpFront (3): x = -2.30, 2.20, -1.90

Lily: cx = -1.95, -1.05, 0.30, 1.30, 2.10, -2.25, 2.35

Also sun rays: topX from -2.35 to 2.30 → fine, bottomX up to 2.70 → outside. Adjust bottomX max to 2.45.

Also, y positions: Y1=3.95 but visible top is ~3.52. Backdrop extends beyond. Lily pads at cy 3.28-3.55 → some at 3.55 are at the very top edge; with the perspective scaling at z≈1.2 (k=1.104) → y=3.92 world → at distance 12.7 the visible half height = 4.0. So 3.92 is within view (near the top). Hmm, but the art top is at world y ≈ 3.52 (screen-projected). For a pad at z=1.25, to appear at screen y 3.5 it needs P y = 3.5... Let me compute screen position: the projected screen y = (worldY)/(distance) *(1/tan) ... Simplest: our P() compensation makes projected position equal to frame coords (fy) at z=0. I.e., P(fx,fy,z) projects to the same screen point as (fx,fy,0). Because x*(1+z/D) / (z+D) = x/D. Yes! Since distance = z + D (camera at -D), screen ∝ worldX/(z+D) = fx*(1+z/D)/(z+D) = fx/D. 

So the projected position equals (fx, fy) exactly regardless of z. So the art frame y range [-3.55, 3.55] maps to the screen. Visible screen half-height is 3.626. Great — so anything with |fy| < 3.55 is visible.

So the pad at cy=3.55 is exactly at the top art edge. Good. And cx up to 2.35 is within [-2.42, 2.53]. 

So my correction is: keep |fx| ≤ ~2.35 and |fy| ≤ ~3.6.

Let me revise the specs accordingly. Also the backdrop's X0/X1 = ±2.95 and Y0/Y1=±3.95 → beyond the art frame, which is fine (covers the square view).

Let me fix the kelp/lily/ray positions.

39. Another issue: `state_groups` includes groups whose transforms are animated. `ApplyPose` sets localRotation identity. Fine.

40. Concern: The Animator animates `Sway_Rays` m_LocalPosition.x and m_LocalRotation. But `DynamicCardView.NormalizeStageRoot()` only touches direct children of model root with sqrMagnitude>1e6. `Sway_Rays` is a direct child of root with localPosition (0,0,0) → fine.

41. `state_particles` assigned but unused → CS0414 warning (assigned but never used) — only for private fields. It's assigned in a method so no warning for "never used"? Actually `private static GameObject[] state_particles;` assigned but never read → CS0414 warning "field is assigned but its value is never used". Warnings are OK but let's clean up: remove state_particles and state_rays entirely, or use them in ApplyPose. I'll use them in ApplyPose to record their start (harmless) — simpler: delete them. But they're assigned in BuildHierarchy (`state_particles = new[] {...}` and `state_rays = rays`). Let me just remove those assignments and the fields.

Actually let me keep them and use them: `ApplyPose` could set particle systems' `SimulationSpace`... no. Just remove.

42. `AddRenderable("Backdrop", ...)` returns GameObject but we ignore it → fine.

43. `rays` variable used only for state_rays → after removing, `rays` becomes unused local → CS0219 warning. Let me change to not assign: `AddRenderable("SunRays", swayRays.transform, sunRays, matSunRays);`

44. `BuildHierarchy` parameters `meshes` and `materials` arrays — fine.

45. The `Fragment` class has `prefab`, `pivot` etc. Good.

46. `File.WriteAllText(path, text, new UTF8Encoding(false))` — needs `using System.Text;` ✓.

47. `Directory.CreateDirectory` needs `System.IO` ✓.

48. Issue: `CopyTexture` calls `AssetDatabase.ImportAsset` then modifies importer then `SaveAndReimport`. But the .meta not existing yet: ImportAsset creates it. Fine.

49. Issue: `SrcBackground = "Assets/Experiments/LadyLake/Textures/background.png"` — this is the OLD experiment. Copying it is allowed (we don't modify it). ✓

50. `Require(tBubbles != null, ...)` not called — ok.

51. Potential compile error: `private static void AddMaterialStat(BuildState state, Material material)` — empty. Delete.

52. `using Assets.Script.DynamicCards;` and `using LegacyGwent.LadyLakePremium;` — the latter for LadyLakeEnvironmentCycle. But the file's own namespace is `LegacyGwent.LadyLakePremium.Editor`, a child of `LegacyGwent.LadyLakePremium`, so `LadyLakeEnvironmentCycle` is already visible without the using. Keeping the using is harmless (might cause CS0105? No, duplicate using only if repeated). Fine.

53. `UnityEngine.Rendering.ShadowCastingMode` — fully qualified ✓.

54. `MotionVectorGenerationMode` is in UnityEngine ✓.

55. `ParticleSystemRenderSpace.View` — the enum is `ParticleSystemRenderSpace` ✓.

56. `main.startColor = new ParticleSystem.MinMaxGradient(startColor);` ✓.

57. In `AddParticles` I declare `AnimationCurve fade` before using it in `size` — yes, declared before `colour`? Let me check order: I declare `fade` after the noise module, then colour, then size uses `fade`. ✓

58. `Gradient.SetKeys(...)` with arrays — ✓.

59. `ParticleSystem.NoiseModule noise = ps.noise;` ✓.

60. `mesh.SetColors(colors)` where colors is List<Color> ✓.

61. `mesh.UploadMeshData(false)` — makes it non-readable but keeps CPU copy? `UploadMeshData(true)` makes it unreadable. `false` uploads a copy and keeps readable. Then `SaveOrReplace` → CreateAsset. But wait: calling UploadMeshData before CreateAsset could be problematic? It's fine.

Hmm, actually for saving as an asset, better NOT to call UploadMeshData at all. Let me remove it to avoid issues.

62. `loaded.triangles` on the loaded mesh requires it to be readable. The mesh asset created by CreateAsset has `m_IsReadable`? For a mesh asset, reading is allowed in editor. Should be fine. But to be safe, compute stats from the original lists before saving instead. Actually `loaded.triangles` in the editor works for mesh assets. Keep, but wrap in try/catch? Let me instead compute from the mesh before saving (`mesh.vertexCount`, `mesh.triangles.Length`). Meshes created at runtime by code are readable. Let me use the input mesh for stats and skip the Load. Safer.

Let me change SaveMesh to compute stats from `mesh` directly.

63. `mesh.RecalculateTangents()` requires UVs — present. ✓

64. AnimatorController: `machine.states` — `AnimatorStateMachine.states` is a `ChildAnimatorState[]` property ✓.

65. `AnimatorController.CreateAnimatorControllerAtPath` needs the folder to exist ✓.

66. One more: the `Report` `[Serializable] private sealed class` nested inside a static class — JsonUtility should handle. But `MeshStat[]` etc. must be serializable. Add [Serializable].

67. Also `private sealed class MeshStat` with public fields — JsonUtility serializes public fields ✓.

Let me now apply all these fixes with edits.

Let me do them systematically.

Also: fix `ApplyPose` referencing state_cycle (a LadyLakeEnvironmentCycle) — `state_cycle.EvaluateGlow(time)` returns a float; calling it for side effects is pointless but harmless. Actually calling EvaluateGlow has no side effects. Remove that too, or keep. I'll keep ApplyPose simple.

Actually, `state_cycle` is used there, so it's "read" → no warning. But it's pointless. Let me remove state_cycle too and simplify ApplyPose to just reset group rotations. Then remove the assignments.

Hmm, but then `cycle` variable in BuildHierarchy is used for glowRenderers etc. Fine.

Let me make the edits.

Also one more important thing: I should double check `Mathf.Tan(tiltRad) * ly * 0.55f` — tilt is negative so tan negative → lz decreases with ly. Fine.

Also BuildLilyCanopy: `tris.AddRange(new[] { centreIndex, centreIndex + 1 + k, centreIndex + 1 + k + 1 });` for k = segments-1: `centreIndex+1+segments` = last ring vertex index (ring 1 has segments+1 vertices: indices centreIndex+1 .. centreIndex+1+segments). For k=segments-1, we access centreIndex+1+segments → valid (the closing vertex). ✓

Now let me make all edits.

Additionally I realize there may be an issue with `AddQuad` winding/normals — RecalculateNormals handles direction based on winding. If wound the wrong way, normals point away and the surface may look dark with Cull Back. The AlphaBlended UVNoise shader is `Cull Back`! If our backdrop/waterbed winding is wrong, the backdrop would be culled entirely → nothing renders!

Critical. Let me verify winding.

For a grid with j increasing upward (fy increasing) and i increasing right (fx increasing):
- a = (i, j), a+1 = (i+1, j), a+cols+2 = (i+1, j+1), a+cols+1 = (i, j+1).
- AddQuad(tris, a, a+1, a+cols+2, a+cols+1) → triangles (a, a+1, a+cols+2) and (a, a+cols+2, a+cols+1).
- Vertices: a=(x0,y0), b=(x1,y0), c=(x1,y1), d=(x0,y1) where x1>x0, y1>y0.
- Triangle (a,b,c): compute normal = (b-a) × (c-b) = (dx,0,0) × (0,dy,0) = dx*dy*(x̂ × ŷ) = dx*dy*ẑ = +z.
- Unity uses clockwise winding for front faces when viewed from the front... Unity's convention: front faces are clockwise when viewed from the front (left-handed). Hmm.

Unity: triangles are front-facing if their vertices appear in clockwise order when viewed from the camera. The normal from the cross product (b-a)×(c-b) in a left-handed coordinate system... Let me think about a standard Unity quad. Unity's built-in Quad has vertices (-0.5,-0.5,0), (0.5,-0.5,0), (-0.5,0.5,0), (0.5,0.5,0) and triangles [0,2,1, 2,3,1]. Order: (-0.5,-0.5) → (-0.5,0.5) → (0.5,-0.5): that's counter-clockwise in the XY plane as seen from +z looking toward -z (i.e., from the front where the camera is at -z looking +z... wait our camera is at -z looking toward +z, so the camera sees the quad's -z side).

Hmm, this is getting confusing. Let me reason with a concrete known case: Unity's default Plane primitive (facing +Y) — not helpful.

Better approach: use `mesh.RecalculateNormals()` — this computes normals from winding, and Unity's RecalculateNormals assumes clockwise winding for front faces. If our winding were reversed, normals would point -z, and with Cull Back the surface would be invisible from the camera.

Let me reason using the standard Unity quad triangles [0,2,1, 2,3,1] with positions:
v0 = (-0.5,-0.5,0), v1 = (0.5,-0.5,0), v2 = (-0.5,0.5,0), v3 = (0.5,0.5,0).
Triangle (0,2,1): v0=(-0.5,-0.5), v2=(-0.5,0.5), v1=(0.5,-0.5).
Cross product (v2-v0) × (v1-v2) = (0,1,0) × (1,-1,0) = (1*0-0*(-1), 0*1-0*0, 0*(-1)-1*1) = (0, 0, -1).
So the normal computed by the right-hand rule is -z. Unity's Quad faces... the camera. A Unity Quad at identity is visible from the -z side (camera at -z looking +z sees it). So front face normal (as computed by right-hand rule) = -z. Meaning: front faces have right-hand-rule normal pointing toward the camera (-z).

So for our backdrop: we need the normal to point toward -z (toward the camera). Our computed normal was +z. That means our winding produces BACK faces toward the camera → with Cull Back, invisible!

So I must reverse the winding: AddQuad(tris, a, a+cols+1, a+cols+2, a+1) or equivalently AddQuad(tris, a, a+cols+1, a+cols+2, a+1).

Let me verify: quad (a, d, c, b) where a=(x0,y0), d=(x0,y1), c=(x1,y1), b=(x1,y0).
Triangles: (a,d,c) and (a,c,b).
Triangle (a,d,c): (d-a)=(0,dy,0), (c-d)=(dx,0,0). Cross = (0,dy,0)×(dx,0,0) = (dy*0-0*0, 0*dx-0*0, 0*0-dy*dx) = (0,0,-dy*dx) → -z ✓.

So `AddQuad(tris, a, a + cols + 1, a + cols + 2, a + 1)` gives -z normals. 

Hmm wait, but AddQuad(tris, p0,p1,p2,p3) creates triangles (p0,p1,p2) and (p0,p2,p3). With p0=a, p1=d, p2=c, p3=b: triangles (a,d,c) and (a,c,b). ✓ Both should have -z normals. Check (a,c,b): (c-a)=(dx,dy,0), (b-c)=(0,-dy,0). Cross = (dx,dy,0)×(0,-dy,0) = (dy*0-0*(-dy), 0*0-dx*0, dx*(-dy)-dy*0) = (0,0,-dx*dy) → -z ✓.

Great. So I need to change the winding in all grid-based builders (Backdrop, DuneGrid, CausticSheen) from `AddQuad(tris, a, a + 1, a + cols + 2, a + cols + 1)` to `AddQuad(tris, a, a + cols + 1, a + cols + 2, a + 1)`.

Now for ribbons/shafts: vertices per ring are left (x-w/2) then right (x+w/2), rings going upward (increasing y). Quad is AddQuad(tris, a, a+1, a+3, a+2) where a=left_k, a+1=right_k, a+2=left_{k+1}, a+3=right_{k+1}.
Triangle (a, a+1, a+3) = (left_k, right_k, right_{k+1}) = ((x0,y0),(x1,y0),(x1,y1)) with x1>x0,y1>y0 → same as the grid case → +z normal. Wrong.

So reverse: AddQuad(tris, a, a+2, a+3, a+1) → triangles (left_k, left_{k+1}, right_{k+1}) and (left_k, right_{k+1}, right_k).
Check (a, a+2, a+3) = ((x0,y0),(x0,y1),(x1,y1)): (v1-v0)=(0,dy,0), (v2-v1)=(dx,0,0) → cross = -z ✓.

For the lily pad: `tris.AddRange(new[] { centreIndex, centreIndex + 1 + k, centreIndex + 1 + k + 1 })` — centre, then ring point k, then ring point k+1. Going counterclockwise in angle (a increases). Ring point k at angle a_k, k+1 at a_{k+1}. 
v0 = centre (0,0), v1 = (cos a_k, sin a_k)*rr, v2 = (cos a_{k+1}, sin a_{k+1})*rr.
(dyadic) (v1-v0) × (v2-v1): Let a_k=0: v1=(1,0), v2=(cos δ, sin δ). v1-v0=(1,0), v2-v1=(cosδ-1, sinδ)≈(0, δ). Cross = (1,0,0)×(0,δ,0) = (0*0-0*δ, 0*0-1*0, 1*δ-0*0) = (0,0,δ) → +z. Wrong again.

Reverse to `{ centreIndex, centreIndex + 1 + k + 1, centreIndex + 1 + k }` → -z ✓.

And the ring-to-ring quads: AddQuad(tris, rowA+k, rowA+k1, rowB+k1, rowB+k) where rowA is inner ring (smaller r) and rowB outer. Points: p0=inner(a_k), p1=inner(a_{k+1}), p2=outer(a_{k+1}), p3=outer(a_k).
Triangle (p0,p1,p2): (p1-p0) tangential (counterclockwise), (p2-p1) radial outward. Cross ≈ tangential × radial. At a=0: p0=(r1,0), p1=(r1 cosδ, r1 sinδ)≈(r1, r1δ), p2=(r2, r2δ). (p1-p0)=(0, r1δ), (p2-p1)=(r2-r1, (r2-r1)δ)≈(Δ,0). Cross = (0,r1δ,0)×(Δ,0,0) = (r1δ*0-0*0, 0*Δ-0*0, 0*0-r1δ*Δ) = (0,0,-r1δΔ) → -z ✓. 

So ring quads are already correct; only the centre fan needs reversing.

For BuildGlowHalo: corners are (-w/2,-h/2), (w/2,-h/2), (w/2,h/2), (-w/2,h/2) → AddQuad(first, first+1, first+2, first+3) → triangles (c0,c1,c2) = ((-,-),(+,-),(+,+)): (v1-v0)=(w,0,0), (v2-v1)=(0,h,0) → cross = +z. Wrong. Reverse to AddQuad(first, first+3, first+2, first+1)? Let's just use AddQuad(tris, first, first+3, first+2, first+1) → triangles (c0,c3,c2) and (c0,c2,c1). (c0,c3,c2): (c3-c0)=(0,h,0), (c2-c3)=(w,0,0) → cross = (h*0-0*0, 0*w-0*0, 0*0-h*w) = -z ✓.

But the halo is rotated by yaw around Y, so the normal rotates too. For a crossed pair, some faces will point toward the camera and some away. With Cull Back, half the crossed quads would be invisible. Better to make the glow material Cull Off. The Additive UVNoise shader has `Cull Back` hardcoded. Hmm.

For the halo, since it's additive and crossed, I can build each quad TWICE with opposite winding (double-sided). That's cheap and guarantees visibility. I'll do that for the halo (both crossed quads and the flare).

Actually simpler: for all ribbon/quad geometry, the camera looks along +z, so a quad facing -z is visible. The halo quads rotated 60°/120° around Y will have normals at angles; e.g., yaw 60° → normal = (-sin60, 0, -cos60) = (-0.866, 0, -0.5) → has -z component → visible. yaw 120° → (-0.866, 0, +0.5) → +z component → invisible! So yes, need double-sided. I'll emit both windings.

For kelp fronds and sun rays, the quads face -z (after winding fix) and are not rotated, so they're visible. But the kelp has a `twist` that offsets z of left/right verts by ±twist — this tilts the quad around the Y axis slightly, normal still mostly -z. Fine. But a strong twist could flip. twist=0.35 max, width ~0.4 → tilt angle atan(0.7/0.4) — hmm, twist affects the z difference between the two edges by 2*twist = 0.7 at max, over width 0.4 → could rotate the normal substantially. At t=0.5, sin(π*1.5)= -1 → twist = -0.35, left z = z+0.35, right z = z-0.35 → the quad is rotated about the vertical axis by atan(0.7/0.4)=60°. Then normal = rotate(-z) by 60° → (-sin60*...)... normal = (-0.866, 0, -0.5) → still -z component → visible. OK, borderline but fine.

Hmm, but the fronds are also on the left/right sides of the frame, viewed at an angle (perspective). A frond at x=-2.3 viewed from the camera at (0,0,-11.5): the view direction is not straight +z, it's angled. The projection of the normal onto the view direction: view dir from frond to camera = (−2.3−0, −, −11.5−z) normalized → mostly -z with an x component. Normal (-0.866,0,-0.5) dotted with view dir (~(-0.19,0,-0.98)) = 0.165+0.49 = 0.65 > 0 → facing the camera (dot of normal with direction-toward-camera > 0 means front-facing if the front normal points toward the camera). Wait, we established the front normal points toward -z (toward camera). So dot(normal, toCamera) > 0 → front-facing. 0.65 > 0 ✓ visible.

For the un-twisted case normal = (0,0,-1), dot with (-0.19,0,-0.98) = 0.98 > 0 ✓.

Good.

For the waterbed and backdrop, normals -z, camera sees them ✓.

Wait — but that's a problem for the waterbed! The waterbed is a nearly horizontal surface (spanning y and z, with the camera above it looking... no). The bed's surface is parameterized by x and y, with z varying. So the surface is vertical-ish in the xy plane with z depth — it's like a wall receding. Its normal is -z-ish. Fine, it's visible. It's not a floor plane; it's a "backdrop-like" bed. That's what the painting shows (a bed receding upward in the image). Good.

Hmm, but actually a "real 3D waterbed" should be more like a floor. But given the camera is at z=-11.5 looking horizontally at a portrait frame, a floor plane would be seen edge-on. The painting's bed is depicted as receding upward in image space, so a tilted "ramp" surface (varying z with y) is exactly right. Good — this is genuine 3D volume since z varies.

OK, and `RecalculateNormals` will compute normals from winding; with correct winding they'll point -z. But RecalculateNormals computes normals perpendicular to the surface. For the dune grid the normals will be tilted — fine.

Actually — do the shaders even use normals? They're unlit VFX shaders; they ignore normals. So winding only matters for culling. Good.

Let me now fix the winding in AddQuad calls and the fan.

Let me make all the edits now.

Also, `Cull Back` for the waterbed/backdrop: since we fixed winding, fine. But for robustness, maybe I should double-side the backdrop and bed too (in case my winding analysis is off). Emitting double-sided geometry doubles triangles but guarantees visibility. Given I can't run Unity to verify, double-siding the main surfaces is a cheap insurance policy. Hmm, but it doubles vertex/tri counts. The waterbed is 26x16=442 verts, 800 quads → 1600 tris; doubling → 3200 tris. Cheap. The backdrop 18x24 → 475 verts, 864 tris → 1728. Cheap.

But double-siding with alpha blending causes double blending (semi-transparent surfaces get darker/brighter). For opaque backdrop it's fine (z-fighting? No—coplanar triangles, both render, second one fails depth test since ZWrite Off... actually ZWrite Off means no depth write, so both sides blend → for opaque it's just drawn twice, same result). For the waterbed with alpha ~1 also fine, but our bed alpha is `alphaScale * (0.55+0.45*edge)` = up to 1.0, and the version uses `_AlphaMult=1`. With alpha<1 in places, double-blending would darken/lighten slightly. Acceptable? Risky.

Decision: Don't double-side; trust the winding analysis. But add a runtime-independent safety: use `Cull Off` where possible? Can't without new shaders.

Hmm. Alternative safety: I'll add a `[MenuItem]` "Verify Environment" that... no.

Let me just be careful and get the winding right. I'll reason once more with a definitive test: Unity's default `Plane` primitive faces +Y. Its mesh (from memory): vertices... not reliable.

Let me instead reason from the Unity Quad more carefully. Unity documentation states: "Unity uses clockwise winding order for front-facing triangles" — meaning when looking at the front face, the vertices are ordered clockwise. For the built-in Quad, the front face is visible from the -Z direction (camera at -Z looking toward +Z). Looking from -Z toward +Z, the X axis points LEFT and Y up (since we're looking along +Z with a left-handed system, the screen right is +X... hmm).

OK let me use the normal-based reasoning which is standard: In Unity, `Mesh.RecalculateNormals` computes normals as the cross product of the triangle edges, and it produces normals consistent with front faces facing the camera for the built-in primitives. Actually RecalculateNormals uses the counter-clockwise convention in a right-handed sense: normal = cross(v1-v0, v2-v0) normalized.

For Unity's Quad triangle (0,2,1) with v0=(-.5,-.5), v2=(-.5,.5), v1=(.5,-.5):
cross(v2-v0, v1-v0) = cross((0,1,0), (1,0,0)) = (1*0-0*0, 0*1-0*0, 0*0-1*1) = (0,0,-1).
So normal = -z. And the Unity Quad's normal is indeed (0,0,-1). ✓ (Confirmed: Unity Quad normal is -Z.)

So RecalculateNormals: normal = cross(v1-v0, v2-v0). Front face = the side the normal points to. Camera at -z sees the front if normal = -z. 

So for our grid triangle (a, a+1, a+cols+2): v0=a=(x0,y0), v1=a+1=(x1,y0), v2=a+cols+2=(x1,y1).
cross(v1-v0, v2-v0) = cross((dx,0,0),(dx,dy,0)) = (0*0-0*dy, 0*dx-dx*0, dx*dy-0*dx) = (0,0,dx*dy) → +z. Back-facing. Confirmed wrong.
Reversed (a, a+cols+1, a+cols+2): v0=a, v1=a+cols+1=(x0,y1), v2=a+cols+2=(x1,y1).
cross(v1-v0, v2-v0) = cross((0,dy,0),(dx,dy,0)) = (dy*0-0*dy, 0*dx-0*0, 0*dy-dy*dx) = (0,0,-dx*dy) → -z ✓ front-facing.

Great, my fix is correct.

Similarly for ribbons reversed: (a, a+2, a+3): v0=a=left_k, v1=a+2=left_{k+1}=(x0,y1), v2=a+3=right_{k+1}=(x1,y1). cross(v1-v0, v2-v0) = cross((0,dy,0),(dx,dy,0)) = -z ✓.

Lily fan reversed: (centre, outer_{k+1}, outer_k): v0=centre, v1=outer_{k+1}, v2=outer_k. At a_k=0: v1=(cosδ,sinδ)r, v2=(1,0)r. cross(v1-v0, v2-v0) = cross((r, rδ,0),(r,0,0)) = (rδ*0-0*0, 0*r-r*0, r*0-rδ*r) = (0,0,-r²δ) → -z ✓.

Glow halo reversed: (c0, c3, c2): v0=(-w/2,-h/2), v1=c3=(-w/2,h/2), v2=c2=(w/2,h/2). cross(v1-v0,v2-v0) = cross((0,h,0),(w,h,0)) = (h*0-0*h, 0*w-0*0, 0*h-h*w) = (0,0,-hw) → -z ✓.

Good.

Now let me apply all edits.

Let me list edits:
A. AddQuad calls in BuildBackdrop, DuneGrid, BuildCausticSheen: reverse.
B. Ribbon quads in BuildKelp: reverse.
C. BuildLilyCanopy fan: reverse.
D. BuildGlowHalo: reverse + double-side.
E. Reposition kelp/lily/rays.
F. Remove AddMaterialStat method + calls.
G. Remove state_particles/state_rays/state_cycle fields + assignments; simplify ApplyPose.
H. Add [Serializable] to MeshStat/MaterialStat/CopyStat.
I. SaveMesh: compute stats from mesh directly (no Load).
J. Remove UploadMeshData.
K. Simplify ConfigureTextures signature? Keep as-is (mainAlt unused) — actually let me change it to 3 params to be clean. There are 11 call sites. Hmm, I'll keep 4 params but rename to `_unused`. Actually simplest: remove the third parameter and update calls — 11 edits in one contiguous block; I can do a single edit replacing the whole block? The calls are scattered. Let me just leave it; unused parameter is not an error.

Actually, `ConfigureFoliage` also fine.

Let me also double check: `AddQuad` signature `(List<int> tris, int a, int b, int c, int d)` creates (a,b,c),(a,c,d).

Let me perform the edits.

For the ray bottomX max: change 2.70 → 2.45.

Let me write the edits.
dsh: reasoning:
Oops, I replaced with just `AddMaterialStat(state, matBackdrop);` — I intended to remove all. Let me just remove the remaining line and the method.
dsh: reasoning:
Wait, `Set-Content -NoNewline` with `Get-Content -Raw` — careful, the replace might have changed line endings. Get-Content -Raw preserves; Set-Content -NoNewline writes without adding a trailing newline. Should be OK but may convert \n to \r\n? PowerShell 7's Set-Content writes the string as-is. Since we did -Raw read and -NoNewline write, content preserved. Good.

Hmm, but the file used \n or \r\n? The write tool likely wrote \n. Now PowerShell may have preserved it. But `Select-String` output looks fine. Let me verify the file still has proper structure by reading a small portion. Actually risk: PowerShell's `Set-Content` default encoding is UTF-8 (no BOM) in PS7. The file has non-ASCII? No, the builder file is pure ASCII. Fine.

Now fix the ribbon quads (lines 1009, 1101, 1150) → reverse winding: AddQuad(tris, a, a + 2, a + 3, a + 1).

And the lily fan and glow halo.

The ribbon quad pattern `AddQuad(tris, a, a + 1, a + 3, a + 2);` appears 3 times (BuildKelp, BuildSunRays, BuildLilyCanopy stems). All should be reversed identically. Use replace_all.
dsh: reasoning:
Now the AddGridQuad conversion earlier: I replaced `AddQuad(tris, a, a + 1, a + cols + 2, a + cols + 1);` with `AddGridQuad(tris, a, cols);`. Good.

But wait — the CausticSheen and Backdrop and DuneGrid all used `AddQuad(tris, a, a + 1, a + cols + 2, a + cols + 1)`. ✓

Now fix positions of kelp/lily/rays and remove unused state fields, and SaveMesh stats, and UploadMeshData.

Let me read the relevant sections.
dsh: reasoning:
Now `bubbles`, `motes`, `glints` locals in BuildHierarchy are assigned from AddParticles but no longer used → CS0219 warnings. Let me check: `GameObject bubbles = AddParticles(...)` — assigned but never used → warning CS0219. Not an error. But let me clean by not assigning.

Also `swayRays` etc. are used in state_groups. Good.

Let me change the three AddParticles calls to not assign.

And SaveMesh stats + UploadMeshData.
dsh: reasoning:
Now `ApplyPose(Transform root, float time)` — `root` and `time` unused → warnings only.

Also the `cycle` variable in BuildHierarchy is used (glowRenderers etc.).

Now, another important verification: the `AddRenderable` for Backdrop etc. Let me re-read the whole builder to catch remaining issues. Let me read it in chunks.

Actually, let me do a targeted review with grep for suspicious patterns and then read key parts.

Key remaining concerns:
1. `EditorCurveBinding.FloatCurve(path, typeof(Transform), "m_LocalRotation.x")` — correct.
2. Clips are created and saved BEFORE the controller. `BuildClip` is called and returns an in-memory clip; `SaveOrReplace(intro, ClipIntroPath)`. Then `BuildController(ClipIntroPath, ClipLoopPath)` loads them. ✓
3. `Require(intro != null && loop != null, ...)` ✓
4. The prefab is saved with the Animator referencing the controller asset. ✓

5. IMPORTANT: `PrefabUtility.SaveAsPrefabAsset(root, path)` — root was created via `new GameObject("Environment")` in the current scene. Is there a scene open? In batch mode Unity has an untitled scene. Fine. But if the builder is invoked from a menu while a scene is open, creating a GameObject pollutes the open scene temporarily; we DestroyImmediate it. Acceptable but could mark the scene dirty. Let me instead create the hierarchy in a temporary new scene? Overkill. But marking the user's scene dirty is bad. Hmm — `new GameObject` does dirty the scene. To be safe, I'll create the objects and destroy them, then the scene is dirty but unchanged content-wise. Many builders do this. Acceptable; I'll note it.

Actually better: use `EditorSceneManager.NewPreviewScene()`? Or create the GameObject and set `hideFlags = HideFlags.HideAndDontSave`? With HideAndDontSave, the object isn't in the scene and SaveAsPrefabAsset might still work (it saves the GameObject hierarchy regardless). Hmm, HideAndDontSave objects are not saved by scene serialization, but SaveAsPrefabAsset should still work on them. Risky.

Let me keep it simple: create in the current scene then destroy. To avoid dirtying, I can create the objects inside a new empty scene added additively via EditorSceneManager.NewScene(NewSceneSetup.EmptyScene, NewSceneMode.Additive) — but then the prefab references would be fine, and I'd close the scene afterward. Hmm, this creates a scene asset? No, NewScene creates an in-memory scene.

I'll leave as-is but restore dirty state: capture `EditorSceneManager.GetActiveScene()` — can't easily un-dirty. It's acceptable; the contract says root handles Unity execution.

6. Another concern: `new Material(shader)` creates a material in memory; if we then `AssetDatabase.CreateAsset`, good. But we create 13 materials; the `matX` variables are the asset objects. `renderer.sharedMaterial = material` → prefab references the asset. ✓

7. `material.SetOverrideTag("RenderType", "Transparent")` — fine.

8. `SaveOrReplace` for Material: `AssetDatabase.LoadAssetAtPath<UnityEngine.Object>(path)` — if a previous material exists at that path, delete then create. But `existing != asset` — `asset` is the new in-memory material, so existing (old asset) != asset → delete. Then create. ✓

9. In `SaveOrReplace`, after deleting, we check `if (AssetDatabase.LoadAssetAtPath<...>(path) == null) CreateAsset; else SetDirty`. ✓

10. `EnsureFolder(Root)` where Root = "Assets/Experiments/LadyLakePremium/Environment" — the folder already exists (we created files there). ✓

11. `CopyTexture` for `SrcBackground` — "Assets/Experiments/LadyLake/Textures/background.png" exists ✓.

12. One issue: `FragmentUvMotion.start` is a Vector2 field; JsonUtility serializes Vector2 ✓.

13. `Fragment` field `pathNote` etc ✓.

14. `AddParticles` — `main.scalingMode = ParticleSystemScalingMode.Hierarchy;` ✓

15. `ParticleSystemRenderer.mesh` — hmm, is it `mesh` or `mesh` property? In Unity, `ParticleSystemRenderer.mesh` exists (get/set) since 5.5. ✓

16. `ps.AddComponent<ParticleSystem>()` then `go.GetComponent<ParticleSystemRenderer>()` — the renderer is added automatically as a required component. ✓

17. Potential runtime issue: `main.prewarm = true` with `playOnAwake = true`. DynamicCardView calls Stop(..., StopEmittingAndClear) then Play(false) for playOnAwake systems — playing with prewarm will simulate ahead. Fine.

18. `main.duration = CycleDuration;` — duration must be > 0 ✓.

19. `ParticleSystem.MinMaxCurve(8f, 13f)` = min/max constant ✓.

20. A concern about the `Glints` particle system: `startSpeed` = riseMin/riseMax passed (0.45,1.05) ✓.

Now let me re-read the file to double check the overall structure and any leftover issues (e.g., the AddGridQuad replacement, the ConfigureTextures calls count).

Let me read the builder fully in two chunks to review.

Actually, time is a factor. Let me do a focused read of the sections I haven't re-read since edits, and grep for obvious problems.

Let me view lines 380-560 (materials config region) and 560-760 (hierarchy/animator).

Actually, a more efficient verification: I can't compile C# here (no Unity). But I could use `dotnet`? Probably not installed, and the code references UnityEngine. So manual review it is.

Let me grep for method definitions and check balance.
dsh: reasoning:
Structure looks fine. Braces balanced.

Now let me review the material-configuration section and BuildHierarchy for compile issues. Let me read lines 280-425 (materials) and 426-505.

Actually, I realize there might be an issue: `ConfigureTextures(matBackdrop, tBackground, null, tNoiseTiling);` — passing `null` for a Texture2D parameter is fine.

Let me read lines 300-425 to check for typos.
dsh: reasoning:
Issue: `matBackdrop` configuration at lines ~296-300 — I saw `ConfigureTextures(matBackdrop, tBackground, null, tNoiseTiling);` then settings. Let me check the code above line 300 to ensure `ConfigureTextures(matBackdrop...)` exists.

Looks fine.

One issue: the material configuration happens AFTER `MakeMaterial` (which called SaveOrReplace → CreateAsset). ✓

Another issue: `matSwordGlow.SetTextureOffset("_MainTex", ...)` — the Additive shader has `_MainTex` so `_MainTex_ST` will be set. But the shader uses `_MainTex_ST` for the main UV. Good, matches the Seltkirk offset trick.

Now let me look at BuildHierarchy (lines 426-505) and check the whole thing.
dsh: reasoning:
Looks good. One issue: the `AddParticles` call's 4th argument `material` is `Material`, but I passed `matBubbles` etc. ✓

Another: `AddRenderable("SunRays", ...)` returns GameObject ignored → the return value being unused is fine.

Now, an important issue: the SwordGlow halo is at localPosition (0,0,0) initially (mesh centered at origin). The runtime component moves it to the grip each Update. But before the first Update (and in the saved prefab), it sits at the origin (center of the art) with a full-brightness idle glow (glowIdle=0.10). Since `OnEnable` calls Apply(0) which sets `_AlphaMult`=0.10, that's dim. Good.

But `glowRoot.localScale` is set in Apply → 0.72..1.0. Fine.

Hmm, one issue in the cycle's `FollowGrip` fallback: it does something convoluted. Let me simplify it to just `glowRoot.localPosition = gripFallback;`. Let me check the current code:

```
else if (glowRoot.parent != null)
{
    Vector3 local = gripFallback;
    if (glowRoot.parent.InverseTransformPoint(Vector3.zero) != Vector3.zero)
    {
        local = glowRoot.parent.InverseTransformPoint(new Vector3(gripFallback.x, gripFallback.y, gripFallback.z));
    }
    glowRoot.localPosition = local;
}
```
This is buggy/confusing. `InverseTransformPoint(Vector3.zero)` returns the parent's position in parent-local space = -parent.position... it's comparing Vector3 with != which uses approximate comparison. Convoluted. Let me replace with a clean version.

Contract grip anchor in frame coords: grip pixel (380,543) → x=(380-248.5)/100=1.315, y=(355-543)/100=-1.88. So gripFallback = (1.315, -1.88, 0.35). Setting localPosition to that (assuming the Environment root is at frame origin) is correct.

Let me fix FollowGrip.

Also `Apply(0f)` in OnEnable sets caustic sheen `_AlphaMult` — fine.

One more: the cycle sets `causticRenderers` `_AlphaMult` on the sheen, but the material default is 0.30 and the component sets causticIdle + boost*sin = 0.62..0.84. That's much higher than the material's authored 0.30 → the sheen would be too bright. Let me set causticIdle = 0.26 and causticBoost = 0.14 in the builder (or change defaults in the component). I'll set them in the builder explicitly.

Let me fix both.

Also: `EvaluateGlow` — at t=0, dtCatch = 0-3.06 <0 → value=glowIdle=0.1. Good.

Another consideration: `glowIdle=0.10` means the halo is always at 10% — visible as a faint glow at the grip. Acceptable ("tasteful").

Now let me also double-check `LadyLakeEnvironmentCycle.FollowGrip` uses `followGrip`. And `ResolveFollow` searches `transform.root` — when the environment is nested under Card/Pivot, `transform.root` is the Card prefab root → searching all descendants includes FigureRig's GripSocket ✓.

Let me fix the component.
dsh: reasoning:
Now, an important remaining risk: `DynamicCardAnimatedMaterialProperty` writes `_AlphaMult` to the `WaterbedCaustics` renderer via MaterialPropertyBlock. But the animation clip is driven by the Animator, and `m_Float` on the component is set. Good.

However — the AnimatedMaterialProperty has `[DefaultExecutionOrder(-10)]` and applies in `LateUpdate`. The Animator updates in the normal update phase, before LateUpdate. So the value is fresh. ✓

Next issue: The `MaterialAnimation` GameObject is a direct child of root. Animator binding path "MaterialAnimation" ✓.

Now, another potential problem: `AnimationUtility.SetEditorCurve` with `typeof(DynamicCardAnimatedMaterialProperty)` — the binding's `type` must be the component type. When the Animator evaluates a generic binding to a MonoBehaviour property, it uses `EditorCurveBinding.type` to find the component. Since it's a MonoBehaviour in Assembly-CSharp, this works.

Now, one more important thing: the contract says environment geometry must be behind figure z>=.3 except foreground edges. Let me verify:
- Backdrop z ~5.3-6.0 ✓
- Waterbed z 0.95..3.55 (+dunes ±0.34 → min 0.61) ✓ >0.3
- WaterbedCaustics z 0.90..3.50 (+dunes ±0.20 → min 0.70) ✓
- CausticSheen z 1.30..1.55 ✓
- SunRays z 1.55..5.40 ✓
- KelpBack z 2.95..3.60 ✓
- KelpMid z 1.15..1.70 ✓
- LilyCanopy pads z 0.95..1.65, stems z up to +0.9 → up to 2.55 ✓
- Bubbles/Motes/Glints particle z: Bubbles centred z=2.4 with box depth 0.7 → 2.05..2.75 ✓. Motes centred 1.4, box 2.2 → 0.3..2.5 ✓ (exactly 0.3 boundary, ok). Glints centred 3.0, box 1.6 → 2.2..3.8 ✓. But particle lifetime motion z ±0.05 → fine.
- SwordGlow z 0.35 (fallback) or follows the grip — it's an effect, and it moves with the sword so may come forward. It's a glow effect, not geometry. Acceptable.
- KelpFront z -0.30..-0.52 → foreground edges (x ±2.2 to ±2.3). ✓

Good.

Now the audio: no AudioSource added ✓. Need to make sure `Audio/LadyLakeLoop.wav` exists — yes, created by the Python script. But Unity hasn't imported it (no .meta). The builder doesn't import it explicitly; root will run Unity and it'll be imported. I should add a `.meta`? Not necessary — Unity generates it. But the WAV import settings: default for a .wav is fine (Unity auto-detects). For looping we rely on AudioSource.loop.

Hmm, one consideration: Unity's AudioImporter default `loadType` is CompressedInMemory for long clips, DecompressOnLoad for short. 2.3MB 12s stereo 48k — fine.

Now, let me also create the `Environment/Audio/LadyLakeLoop.wav` .meta? Skip; Unity will create.

Now: The task mentions "Environment/environment-report.md". Let me write that with sources + unverified checks + honest parity differences.

Also I should provide `Environment/catalog-fragment.json` as a static file too? The builder writes it at build time. But the task says "Expose catalog fragment when needed." Since the builder can't run here, the file won't exist until root runs Build(). To be safe and useful, I'll ALSO write the catalog-fragment.json now by hand (it will be overwritten by Build with the same content). That way the deliverable exists.

Similarly `environment-build.json` is generated at build time — that's expected.

Let me write the catalog-fragment.json manually matching what WriteFragment produces.

Also — let me reconsider one significant thing: the "swordcatch luminous pulse" and "lifted glow". Our halo follows the GripSocket/Grip marker. But the environment prefab is instantiated as a sibling of FigureRig; `transform.root` search finds it. However, DynamicCardView `Instantiate(prefab, appearanceRoot.transform, false)` where prefab = Integration/Card.prefab. So model root = Card instance; transform.root = Card instance (or higher). Search includes the FigureRig. ✓

Now: potential name collision — the model worker's prefab might have a node named "Environment"? Not relevant.

Another thing: the model worker's FigureRig also has an Animator. When DynamicCardView calls `animator.Rebind()` on ALL animators, our environment Animator rebinds. Fine.

Now let me write the catalog-fragment.json and the report.

Wait, one more critical design check: `DynamicCardEffects` will be added to the model root by DynamicCardView and `Initialize(entry)` will search for particle event paths. Our fragment paths are "Bubbles", "Motes", "Glints". If Integration prefixes correctly, fine. If not, DynamicCardPaths.Find returns null → no crash. Good.

Also `uvMotions` paths "CausticSheen", "WaterbedCaustics" — if not found, skipped. Safe.

Now let me also double check: does adding `dynamicCardAnimatedMaterialProperty` to the prefab in a runtime assembly cause an issue for the prefab? No.

Let me now write the catalog-fragment.json and environment-report.md.

Actually, let me reconsider whether to also ship a `.wav.meta` with `loop` settings... The production DynamicCardView sets loop=true. And the catalog entry has introDuration/loopDuration=12. Fine.

Let me now write the fragment JSON file (static, matching builder output).

The builder's Fragment JSON via JsonUtility.ToJson with fields in declaration order:
```
{
  "id": "lady-lake-authored",
  "artIds": ["c10000000"],
  "audio": "Assets/Experiments/LadyLakePremium/Environment/Audio/LadyLakeLoop.wav",
  "introDuration": 12.0,
  "loopDuration": 12.0,
  "prefab": "Assets/Experiments/LadyLakePremium/Environment/Environment.prefab",
  "pivot": "Pivot",
  "pathNote": "...",
  "particleEvents": [ {"path":"Bubbles","time":0.0,"loop":true,"sourceTiming":true,"phaseStart":0.0,"period":12.0}, ... ],
  "uvMotions": [ {"path":"CausticSheen","property":"_MainTex","materialIndex":0,"speed":{"x":0.02,"y":0.03},"forceStart":false,"start":{"x":0.0,"y":0.0}}, ...]
}
```

I'll write that now.

Then the report.

Let me do that.
dsh: reasoning:
Now let me verify the audio provenance JSON was written and check its content, and verify the wav file exists with correct properties.

Then write the report.

Let me also double check the audio-provenance.json output.
dsh: reasoning:
There's a typo in the provenance: "gentle falling-blad water movement" (missing 'e'). Let me fix that in the script and re-run? That would rebuild the wav (fine, deterministic). Actually simpler: fix the string in the script and re-run — it takes ~1 min. Or just fix the JSON manually and the script. Since the script is the provenance artifact, let me fix both: edit the script and re-run. But re-running takes ~60s. Acceptable. Actually, the wav would be identical (deterministic). Let me just fix the script string and patch the JSON (avoid re-running).

Actually re-running is the honest way to keep script and output consistent. It takes about 60-90s. Let me do it.

Also I should double-check the wav: verify with the analyzer (12.00s, stereo, peak).

Let me fix the typo and re-run in the background while I write the report.

Let me kick it off.
dsh: reasoning:
While that runs, let me write the environment report. I need to be honest about what's verified and unverified.

Let me write `Environment/environment-report.md`.

Content:
- Scope & deliverables
- Coordinate frame
- Layer table with z, shader, material, texture provenance
- Original sources used (exact paths + GUIDs)
- Audio provenance (elements, sources, peak/no clipping)
- 12s timing (Animator clips, runtime cycle, catalog fragment)
- AudioSource decision (no duplicate)
- Honest parity differences (new materials created from original shaders + copied original textures; original meshes NOT reused and why)
- Unverified checks

I should be honest that I did NOT reuse the original Aeschna mesh assets. Let me explain: the original `.asset` meshes are SkinnedMeshRenderer meshes whose `m_BindPose`/bone transforms live in the Aeschna prefab; using them with a MeshFilter does not reproduce the source layout reliably, and the Aeschna composition differs from the selected art. Instead: real authored 3D geometry in the contract frame + original shaders + original textures.

Hmm, wait. Actually let me reconsider — should I reuse the original Aeschna *meshes*? The user asked "Read actual underwater Aeschna15010100 and other project premiums to extract/reuse original material/shader/texture/effect/audio assets." It says material/shader/texture/effect/audio — not mesh. Good, I've done exactly that. Meshes are "Unity native procedural mesh asset creation" which is explicitly allowed.

Good — that's a solid position.

Let me also verify: are my material parameters actually derived from the originals? Yes for caustics, shafts, bubbles. Documented.

Let me note the GPU shader compatibility: the original shaders in `DynamicCards/Native/...` are HLSL `Texture2D`/`SamplerState` with `#pragma target 3.5`, used by the project's own imported premium cards in built-in RP. We reuse them unchanged (no URP needed).

Let me write the report.

Also include the "exact used sources" list with paths + GUIDs.

Let me compile the GUID list:
- background.png: Assets/Experiments/LadyLake/Textures/background.png (old experiment; generated art per its PROVENANCE.md)
- foreground.png: Assets/Experiments/LadyLake/Textures/foreground.png
- Aeschna caustics: Content/.../OriginalTextures/74809d523530d3f7696d6e455aeca9dd.png (guid 74809d523530d3f7696d6e455aeca9dd)
- Aeschna bubbles: .../963cbb367e53ed41e9e55e8a50c83fc5.png
- Aeschna shafts: .../9fc0f47eaffcb437f12633105906e41b.png
- Noise tiling: Content/.../Shared/13890100_105470_TilingNoise3D_small_uncompressed.png (guid ec4cb6d440ef6624fb6dfe66bf38a654)
- Noise force: Content/.../Shared/14990100_163662_Noise3D_ForceTiling.png (guid bd879a34fe0146147a8002f8f14f076e)
- Shaders: 4 shader paths with names.
- Materials referenced (params copied): the 7 Aeschna mats + Seltkirk SwordGlow mat.
- Audio: 5 wav paths with GUIDs? I don't have their GUIDs. I can get them from the .meta files. Let me fetch them.

Let me fetch the audio GUIDs and texture GUIDs quickly (targeted, not recursive).

Then write the report.

Let me get GUIDs for the 5 audio wavs.
dsh: reasoning:
Wait — the peak reported by the analyzer is -1.90 dBFS while the build script says -1.50 dBFS. Why the difference? The build script computes peak after DC removal and scaling, then converts to int with `round(x*32767)`. The analyzer computes peak over the mono mix? No, it computes peak over `mono` which is the average of L and R! That halves correlated peaks. Let me check: `mono = 0.5*(s[i*2]+s[i*2+1])`. If L and R are similar, mono ≈ same amplitude. Hmm, for a stereo signal with different content, mono peak is lower. So -1.90 vs -1.50 is explained by the mono mix, and the per-channel peak is -1.50. Also DC removal: `(mix - dc)*scale` then `max(-1,min(1,l))*32767`. So peak = round(scale*|mix|) ≤ 32767. 27570 = 0.8413*32768 → -1.50 dBFS. ✓ And clipped=0 ✓.

So peak per channel = -1.50 dBFS, no clipping. Good. The analyzer's mono peak is -1.90, that's expected.

Everything is fine. I should note in the report that the analyzer's peak is on the mono sum; the builder-reported per-channel peak is -1.50 dBFS with 0 clipped samples.

Now let me write the report.

Also let me double check `quiet=0.00` and `mod=0.33` — steady ambience, good (no speech-like dynamics). Actually mod=0.33 is low, indicating a steady bed. Hmm, but our events (glint at 3.2, swell) should create some modulation. 0.33 is fine.

Now, write environment-report.md.

Let me structure it well and honestly.

I also want to double check the final builder file for the `Sub(...)` helper usage in ConfigureTextures etc. Fine.

One last thing to verify in the builder: `Fragment` has field `pathNote` — JsonUtility will include it ✓.

Also: the builder writes `environment-build.json` and overwrites `catalog-fragment.json`. Since I hand-wrote catalog-fragment.json with "pathNote" text slightly different from the builder's, the builder will overwrite it. That's fine (same structure). But to keep them consistent, maybe I should make the builder's pathNote text identical to the file I wrote. Minor. Let me align by editing the builder's pathNote to match the file. Actually the builder's version is:

```
"Paths are relative to the Environment prefab root. Prefix them with the real " +
"path from the Card.prefab root to the Environment instance (for example " +
"'Pivot/Environment/'). particleEvents restart the looping ambient fields at " +
"the shared 12 s boundary; uvMotions scroll the caustics through the " +
"production _ST path."
```
while my file has extra sentences. Let me update the builder to match the file exactly, so a rebuild produces the same content.

Let me do that edit.
dsh: reasoning:
I made a typo in the report: `build_lady_lake_lake_audio.py` should be `build_lady_lake_audio.py`. Let me fix.

Also let me double check the claim "the source's `_NoiseTex` GUID resolves to that same force/noise family" — the bubble material `_NoiseTex` guid `ec4cb6d440ef6624fb6dfe66bf38a654` = `13890100_105470_TilingNoise3D_small_uncompressed.png`. And I used AeschnaBubbles as `_NoiseTex` for matBubbles... wait, let me check: `ConfigureTextures(matBubbles, tCaustics, null, tBubbles);` → main=tCaustics, noise=tBubbles. So `_NoiseTex` = AeschnaBubbles (963cbb) and `_MainTex` = caustics. And the original bubble mat had `_MainTex`=963cbb (bubbles) and `_NoiseTex`=ec4cb6d4 (tiling noise).

Hmm so my note #4 is wrong. Let me restate: I use `_MainTex = 74809d…caustics` (not the original 963cbb bubble texture) and `_NoiseTex = 963cbb…bubbles` (not the original ec4cb6d4 noise). Both are real original Aeschna assets but swapped relative to the source material. Let me fix the report text.

Actually — should I instead set `_MainTex = tBubbles` to be closer to the original? The bubble texture is mostly transparent/faint, which would make bubbles nearly invisible. My design intentionally uses the caustics texture as the main (opaque, so vertex alpha shapes the bubble) and the bubble texture as the noise. That's a justified deviation. Let me document it accurately.

Let me fix both issues in the report.

Also fix "tiling noise" table row: `AeschnaNoiseTiling.png` used as `_NoiseTex` for kelp foliage (Turbulence) and motes `_MainTex`, and `AeschnaNoiseForceTiling.png` used as `_NoiseTex` for the bed/dunes/sheen/rays/motes.

Let me correct note 4.
dsh: reasoning:
Now, let me do a final careful review pass of the builder for any remaining compile errors. Let me re-read the whole builder quickly in chunks, focusing on the parts I haven't re-read.

Let me read lines 190-300 (the Build start through texture copies and shader loading) and 500-780 (AddRenderable/AddParticles/animator).

Actually, I already reviewed 300-505. Let me read 190-300 and 505-780.
dsh: reasoning:
Looks good. One thing: `MakeMaterial(... state, ...)` — `state` is used inside MakeMaterial (`state.materials.Add`). ✓

Now let me read 505-780 to check AddRenderable/AddParticles/animator.
dsh: reasoning:
A few issues:

1. `main.playOnAwake = true;` — but DynamicCardView requires `playOnAwake` to be true for it to play. ✓
2. `ParticleSystem.SizeOverLifetimeModule size` — variable named `size` shadows... fine.
3. `renderer.mesh = particleMesh;` — OK.
4. `main.prewarm = true` — with `loop=true`, fine.

5. `noise.strength = 0.12f;` — MinMaxCurve implicit ✓.

6. A real concern: `ParticleSystem` velocity uses `velocity.y` (local space rising) AND `main.startSpeed` (which moves along the shape's direction, default cone up). For a Box shape the start direction is +Y. So both give rise. Fine.

7. `ParticleSystemRenderer.alignment` — actually I should double check the property name. In Unity, `ParticleSystemRenderer.alignment` is indeed the property (`ParticleSystemRenderSpace alignment`). ✓

8. `renderer.mesh` — hmm, I want to double-check: `ParticleSystemRenderer.mesh` property exists. Yes, `public Mesh mesh { get; set; }`.

Now one thing I should double check: `shape.shapeType = ParticleSystemShapeType.Box;` ✓ and `shape.scale` ✓.

Another: `main.scalingMode` — property exists ✓.

OK. Now let me check the rest (625-780).

Also: potential issue with `AddMonoFloatCurve` baseline/amplitude: values 0.62 + 0.33*(0.5+0.5*sin(...)) → range 0.62..0.95. ✓ And the initial m_Float = 0.62. ✓

Let me read 625-780.
dsh: reasoning:
This all looks good. One potential issue: `machine.RemoveState(machine.states[i].state)` — `machine.states` returns `ChildAnimatorState[]`; `.state` is the AnimatorState. ✓

Another: `animator.updateMode = AnimatorUpdateMode.Normal;` ✓

Potential issue: `SerializedObject serialized = new SerializedObject(clip);` requires the clip to be a UnityEngine.Object — yes. And `FindProperty("m_AnimationClipSettings")` — that's the correct serialized name for AnimationClip settings. ✓

Now a significant concern: after `SaveOrReplace(intro, ClipIntroPath)`, the `intro` object is created as an asset. But `serialized.ApplyModifiedProperties()` was called before CreateAsset — fine.

However: `clip.wrapMode = WrapMode.Loop;` — for Animator, wrapMode isn't used; loopTime is. We set m_LoopTime ✓.

Now `BuildController` — but `machine.RemoveState` on a freshly created controller: `CreateAnimatorControllerAtPath` creates a controller with one default state ("Base State")? Actually I recall `AnimatorController.CreateAnimatorControllerAtPath` creates a controller with an empty state machine (no states). Then `machine.states.Length` = 0. Fine either way.

Now, one more issue: `EditorCurveBinding.FloatCurve(path, typeof(DynamicCardAnimatedMaterialProperty), "m_Float")` — the Animator binding for a MonoBehaviour property. When the Animator plays this clip, it writes `m_Float`. ✓

Let me now look at the mesh builders region once more for the DuneGrid + BuildBackdrop after the AddGridQuad replacement, plus BuildParticleDisc and Apply.

Actually let me check line 826 area (BuildBackdrop) and 863 (DuneGrid) and 913 (CausticSheen) to confirm the replacement produced valid code.
dsh: reasoning:
All good.

One remaining concern: `Sub(0f, 0.565f, 1f, 0.435f)` for the waterbed: uv.y = 1-0.565-0.435 = 0.0, height = 0.435 → v from 0.0 (bottom of mesh) to 0.435. That is the BOTTOM 43.5% of the texture = the lakebed region in the painting (painting's bed occupies bottom ~40%). ✓ Correct.

And j=0 (ty=0) is at y0=-3.95 → the bottom of the frame, and v = uv.y = 0.0 → bottom of texture = bottom of painting = the foreground bed. ✓ Correct orientation.

Now `BuildCausticSheen`: z = 1.55 - 0.25*sin(ty*π). At ty=0 (bottom) z=1.55; at ty=0.5 z=1.30; at ty=1 (top) z=1.55. So the sheen bows toward the camera in the middle. Fine.

Now the remaining part: BuildParticleDisc and Apply. Let me quickly check Apply and the end.

Also I realize a potential issue: `mesh.SetTriangles(tris, 0)` where tris contains indices up to ~800; fine.

Let me check the last part (1261-1290) quickly, plus CopyTexture.

Actually I reviewed those already in the original write, and only minor changes since. Let me do one more check: `Apply` sets normals — `RecalculateNormals` after SetTriangles. Order in my code: SetVertices, SetUVs, SetColors, SetTriangles, RecalculateNormals, RecalculateTangents, RecalculateBounds. ✓

Now, one thing I want to double check: `Mesh.RecalculateTangents()` requires the mesh to have normals and UVs — yes.

`Apply` is only called in mesh builders.

Now, `mesh.triangles` in SaveMesh requires the mesh to be readable — it's a runtime-created mesh, so yes.

OK. I'm reasonably confident the code compiles. Let me do one final scan for common errors: use of `var`, string interpolation, null-conditional operators, etc. Let me grep.
dsh: reasoning:
All good. No unsupported C# features, no `var`, no non-ASCII.

One remaining thought: the `FbNoise` fallback is used for both `13890100` and `14990100` — that's a documented degradation.

Now, one last important consideration: **the task says "Can use Unitynativeproceduralmeshesasset creation, not new runtime proceduralrender system."** ✓ — meshes are editor-baked assets; the only runtime component writes MaterialPropertyBlocks.

Another point: "Need effect timing12s with Animator and production events allowed." ✓

"Expose catalog fragment when needed." ✓

"No running Unity or touching integration/model/old experiment/production files." ✓ — I only read them; I wrote only under Environment/.

Wait — did I touch anything outside Environment/? Let me verify: I wrote:
- Environment/Tools/analyze_audio.py
- Environment/Tools/build_lady_lake_audio.py
- Environment/Runtime/LadyLakeEnvironmentCycle.cs
- Environment/Editor/LadyLakeEnvironmentBuilder.cs
- Environment/Audio/LadyLakeLoop.wav
- Environment/audio-provenance.json
- Environment/catalog-fragment.json
- Environment/environment-report.md

All under Environment/ ✓. 

Hmm, one exception: the first write of `Tools/analyze_audio.py` — under Environment/Tools ✓.

Now, an important issue: The `Environment/` folder contains a `Runtime` subfolder with a MonoBehaviour, and an `Editor` subfolder. Unity compiles `Environment/Editor/*` into Assembly-CSharp-Editor only if the folder is named "Editor" — and it is. But there's a catch: the rule is that any folder named "Editor" anywhere makes its contents editor-only. ✓

However: `Environment/Runtime/LadyLakeEnvironmentCycle.cs` will be in Assembly-CSharp. The Editor builder references it via `using LegacyGwent.LadyLakePremium;` — since the Editor assembly references Assembly-CSharp, ✓.

But careful! Assembly-CSharp-Editor does NOT automatically reference Assembly-CSharp if... actually it does by default (predefined assemblies: Assembly-CSharp-Editor references Assembly-CSharp). ✓

Also: `Assets.Script.DynamicCards.DynamicCardAnimatedMaterialProperty` is in Assembly-CSharp (Assets/DynamicCards/Runtime, no asmdef). ✓ And the prefab (created at edit time) will reference it by GUID/type. ✓

Now, there's one more consideration I should double check: does the production project have `Assets/DynamicCards/Runtime` scripts compiled into Assembly-CSharp? Yes, no asmdef found in Assets.

OK.

One last thing: the `LadyLakeEnvironmentCycle` class name might conflict with the model worker's namespace if they create a similar class. They're in `LegacyGwent.LadyLakePremium` too (per contract). Risk of a duplicate class name is low. But to be safer, maybe I should verify the model worker hasn't already created files in LadyLakePremium/Model. Let me check the current state of the LadyLakePremium folder (the model worker may be working in parallel).

Let me also check the documentation logs to see if there's a model worker progress note.

Actually, since another worker may be running concurrently, let me check for existing files to avoid namespace/type collisions.
dsh: reasoning:
Interesting — the model and integration workers have already produced significant work. Let me check:
1. `Model/Generated/model-manifest.json` — to get the actual GripSocket/bone names and timing so my glow follower uses the right name.
2. `Integration/catalog-entry.json` — to see how Integration expects the environment (pivot path, audio, prefab names).
3. `Integration/Runtime/LadyLakePremiumStage.cs` — to see if it expects an AudioSource and specific node names.

This is important for my deliverables to integrate. Let me read the manifest and the catalog entry, and grep LadyLakePremiumStage for environment/audio/grip references.

This is high-value: aligning with the integration worker avoids breakage. Let me read.
dsh: reasoning:
Very useful. Key findings:

1. Integration expects the Environment prefab instance named "Environment" nested under "Pivot", reset to local identity. ✓ My prefab root is named "Environment" and geometry is in the contract frame → correct.

2. `LadyLakePremiumValidator` checks `FindByName(root, "GripSocket") != null` for the rig (model worker) ✓ — my follower searches for "GripSocket" first. 

3. The validator collects `AudioSource` clips in the Card prefab and checks the environment audio asset exists. Note line 152: the Integration builder creates a "Preview audio listener" GameObject with an AudioListener! So Integration adds the AudioListener (that's their scope, standalone scene only presumably). And it says `playPreviewAudio = true` → DynamicCardView creates the AudioSource.

Interesting: if Integration adds an AudioListener in the standalone scene, then there'd be 2 listeners if the main scene has one — but the standalone scene is separate. Not my concern.

4. `catalog-entry.json` currently has empty `particleEvents` and `uvMotions`. So the Integration worker produced its entry WITHOUT merging my fragment (they published before I finished). My report correctly says root must merge the fragment. Good — but I could improve integration by noting the exact JSON to merge. Already done.

Hmm — the integration's catalog-entry.json is their deliverable and I must not edit it. But I can note in my report that it currently has empty arrays and the fragment should be merged. Let me add that to my report (useful for the root).

5. Let me check the Integration builder lines around 128-160 to see if they do anything to the environment instance (e.g., name, transform) and whether they expect the Environment to be rotated 180 or scaled.

Let me read LadyLakePremiumBuilder.cs lines 111-235.

Also let me check the model manifest for the GripSocket position/timing to sanity-check my glow fallback and timing (catch at 3.2).

Let me read these.
dsh: reasoning:
Excellent — extremely useful. Key data:

- `Grip` = child empty of Sword at grip point; `GripSocket` = bone-parented empty on HandR. So my follower should prefer `GripSocket` (hand palm) — I do. ✓
- `grip_world` is `[1.315, 0.15, -1.88]` — note the Y is **0.15**, not -1.88! They wrote grip_world as `[x, y, z]` = [1.315, 0.15, -1.88]. Hmm. That's suspicious: the contract mapping is P(px,py,z) = ((px-248.5)/100, (355-py)/100, z). For (380,543): x=1.315, y=(355-543)/100=-1.88. So the correct tuple is (1.315, -1.88, z). They wrote [1.315, 0.15, -1.88] — i.e., they put z=... hmm, maybe their tuple order is [x, z, y]? tip_world = [-1.415, 0.12, 0.47]: tip px (107,308) → x=(107-248.5)/100=-1.415, y=(355-308)/100=0.47. So [x, ?, y] with the middle being a depth value: grip [1.315, 0.15, -1.88] → x=1.315, z=0.15, y=-1.88. Yes! The middle is z (depth 0.15) and the third is y. So grip world = (1.315, -1.88, 0.15). 

So the model places the grip at z≈0.15, and the blade at z 0.12–0.16.

My fallback `gripFallback = (1.315, -1.88, 0.35)` → good, close (z 0.35 vs 0.15). Since the follower will actually find `GripSocket` at runtime, the fallback rarely matters. But let me update the fallback to (1.315, -1.88, 0.25) to sit just behind the blade plane... Actually a glow halo around the grip should be near z=0.15. Let me set 0.2.

Hmm, but the sword moves during the cycle! The GripSocket on HandR moves with the animation; the model's IK solves the hand onto the sword grip each frame, so GripSocket follows the sword. Using it is exactly right.

- The clip is 12s, 361 frames, seamless, with the same key times. My timing (catch 3.2, lift 5.6-8.3) matches ✓.

- The rig has a bone named "GripSocket" ✓.

Now, importantly: the Model prefab root is "FigureRig", and Integration instantiates both under Pivot. My environment's `ResolveFollow` searches `transform.root` — which is the Card prefab root (the `model` instantiated by DynamicCardView is Card.prefab, so transform.root = the Card instance). Searching `GetComponentsInChildren<Transform>(true)` from Card root finds FigureRig's GripSocket ✓.

Great — my design is aligned. Let me update `gripFallback` default to (1.315, -1.88, 0.20) and the builder to set it.

Also: The validator checks `FindByName(root, "Environment")` and `FindByName(root, "GripSocket")`. ✓

Also the validator loads `EnvironmentAudioPath` and checks the clip exists ✓.

Now, one more: `LadyLakePremiumValidator` line 55: `report.environmentPresent = FindByName(root, "Environment") != null;`. ✓ Our prefab root is named "Environment" ✓.

Let me check the validator more to see if it expects specific environment child names (like "Waterbed", "Kelp", "Bubbles"). Let me grep for names in the validator.

Also let me check `LadyLakePremiumStage.cs` around line 41 for audio expectations and whether it expects an AudioSource in the prefab.

Let me grep the validator for string literals.
dsh: reasoning:
The validator checks:
- `report.nullMaterialSlots == 0` — no null material slots ✓ (we assign a material to every renderer; ParticleSystemRenderer has a material ✓).
- `report.missingScriptComponents == 0` — our prefab references `LadyLakeEnvironmentCycle` and `DynamicCardAnimatedMaterialProperty`, both in Assembly-CSharp → resolvable ✓.
- `animators.Length > 0`, `clipNames.Count > 0` ✓ (our Animator contributes).
- `prefabDependencies.Length > 2` ✓.

Everything aligns. 

Now let me make the small improvement: set `cycle.gripFallback` explicitly in the builder to (1.315, -1.88, 0.20), matching the model manifest's grip world (x=1.315, y=-1.88, z=0.15).

Also update the runtime default to match.

Let me also double check: `LadyLakePremiumValidator` counts `animators` — with two Animators (FigureRig + Environment) both fine.

Hmm — one potential problem: `DynamicCardView` does `foreach (var animator in model.GetComponentsInChildren<Animator>(true)) { animator.applyRootMotion=false; animator.Rebind(); animator.Update(0); }`. Our environment Animator will be rebound and animated. Fine.

But: will our Animator's clip actually animate the `DynamicCardAnimatedMaterialProperty.m_Float`? If the Animator's clip has a binding to a component type, the Animator requires the component to exist at the binding path. It does ("MaterialAnimation"). ✓

One more risk: the `Animator` on the Environment root and the `Animator` on FigureRig — if the FigureRig's Animator animates the whole hierarchy... no, Animator bindings are by path relative to their own root.

BUT: there's one real risk — the FigureRig root has an Animator and its clips may contain a binding to path "" (the root itself) for localPosition. Not affecting us.

Another consideration: DynamicCardView's `NormalizeStageRoot()` zeroes direct children of model root with sqrMagnitude > 1e6. Our "Sway_Rays" etc. have small positions ✓. But the Animator animates `Sway_Rays.m_LocalPosition.x` — and NormalizeStageRoot sets `child.localPosition = Vector3.zero` if huge — not our case.

OK. Let me make the gripFallback edits and also add a note to the report about the Integration catalog entry currently having empty particleEvents/uvMotions.

Let me do the edits.
dsh: reasoning:
Now let me update the report to reflect this cross-worker alignment and the current state of the Integration catalog entry (empty particleEvents/uvMotions). Let me add a short section.

Also update section 8 item 4 wording.

Let me add a new section "## 9. Cross-worker alignment verified against Model/Integration deliverables".

Let me do that edit.
dsh: reasoning:
Now, a final consideration. The Integration validator checks `report.nullMaterialSlots == 0`. Our `Foliage` material has `_WaveyMask` set to `null` via `material.SetTexture("_WaveyMask", null)`. That's a texture slot, not a material slot — fine. The shader doesn't use it anyway.

Hmm, but `material.SetTexture("_WaveyMask", null)` on a shader property that exists → sets a null texture. Unity will render with... the shader doesn't sample it in the fragment, so no pink. Fine. Actually, let me just remove that line to avoid the unused `_WaveyMask` null. It's harmless but let me leave it—actually setting a null texture on a sampler that's declared but unused is fine. But to be safe and clean, remove it.

Also `matBubbles` etc. use `_NoiseTex` — fine.

Let me remove the `_WaveyMask` line.

Another important consideration: the `Wavey_2Sided` shader has `_Cutoff` but the fragment doesn't use it; blending is alpha. Fine.

One more: the `AlphaBlended_moveInDirection_VertexColor_UVNoise` Native shader is used for the Backdrop with `_AlphaMult=1, _AlphaPower=1` and vertex alpha = vign (0.55..1.0 at edges). That means the backdrop's alpha < 1 near the edges → it blends with whatever is behind (the transparent clear color). Result: the frame corners will be darker/more transparent — a vignette. Acceptable and tasteful.

Hmm, but the card RT is composited with `DynamicCardSurface` which discards alpha and uses RGB with `i.color` (the art image color). If the backdrop's alpha < 1 at the edges, the RGB there blends with the clear color (0,0,0) → dark corners. That's a vignette — fine.

But wait: the vertical extent — the backdrop covers x∈[-2.95,2.95], y∈[-3.95,3.95], which is larger than the art region. The art region's vertical range is ±3.6 which is inside. And the vignette at |ny| = 3.6/3.95 = 0.91 → vign = 1-0.45*(0.5*0.83+...) hmm nx/ny are computed as (fx-cx)/(X1-X0) = fx/5.9. At fx=2.485 → 0.42; fy=3.55 → 0.90. nx²+ny² = 0.18+0.81 = 0.99 → vign = 1-0.45*0.99 = 0.55. So at the top/bottom of the art the backdrop alpha is 0.55 → blended with black → notably darker at the top and bottom. Hmm, that's a strong vignette at top/bottom. The painting already has dark water at the bottom but bright surface at the top. Darkening the top by 45% might look off.

Let me soften: change the vignette to use max(|nx|,|ny|) or reduce the coefficient. Better: base the vignette on the horizontal/vertical edge proximity only where the art isn't — but simplest: reduce coefficient to 0.18 and use the normalized distance so that at the art corners it's ~0.82. Hmm.

Actually a vignette on the backdrop is desirable to focus on the figure. But 0.55 alpha at the top edge is a lot. Let me set the coefficient to 0.22: vign = 1 - 0.22*(nx²+ny²) → at the art top: 1-0.22*0.99 = 0.78. Reasonable.

Wait, but ny = fy/(Y1-Y0) = fy/7.9, not /5.9. Let me recompute: `ny = (fy - cy) / (Y1 - Y0)` = fy/7.9. At fy=3.55 → 0.449. nx = fx/5.9 → 0.42. Sum of squares = 0.176+0.202 = 0.378. vign = 1-0.45*0.378 = 0.83. 

And at the backdrop's own corners (fx=2.95 → nx=0.5, fy=3.95 → ny=0.5): 0.25+0.25=0.5 → vign = 0.775. So the vignette at the art edges is 0.83 — mild. 

But the backdrop is drawn with `Blend SrcAlpha OneMinusSrcAlpha` and the RT starts as clear black. At the art top, the backdrop contributes 0.83*color. Since nothing else is behind at the top... Actually the LilyCanopy and kelp are in front. The water column would be slightly darkened (17%). Acceptable, gives depth.

Hmm, but there's a subtlety: The RT clear is (0,0,0,0) and the background is composited with `DynamicCardSurface` using RGB only. A 17% darkening of the painting is a real deviation from "preserve backdrop painting". Let me make it milder: coefficient 0.25 → at art edges: 1-0.25*0.378 = 0.906, ~9% darkening at the extreme corners, ~2% at the center. That preserves the painting much better.

Let me change 0.45f → 0.22f.

Actually, I want the painting preserved. Let me use 0.18f. At the art extreme corner (fx=2.485, fy=3.55): nx=0.42, ny=0.449 → 0.378 → vign=0.932. Only 7% at the very corner, ~0 elsewhere. Good.

Let me make that edit.

Also the DuneGrid alpha: `alphaScale * (0.55 + 0.45*edge)` where edge = min(1, min(ty,1-ty)*4.5). At ty=0 (bottom) edge=0 → alpha 0.55. At ty=0.22+ → edge=1 → alpha 1.0. So the waterbed fades to 0.55 alpha at the bottom edge of the mesh. The mesh bottom is at y=-3.95 which is below the art bottom (-3.6). So the fade happens outside the visible art region mostly — at y=-3.6, ty = (-3.6 - (-3.95))/(-0.35-(-3.95)) = 0.35/3.6 = 0.097 → edge = 0.097*4.5=0.44 → alpha = 0.55+0.45*0.44 = 0.75. Hmm, so at the art bottom the bed is 75% opaque, blending with the backdrop behind. That actually creates depth (the painted bed shows through the 3D bed at the very bottom). Acceptable, maybe even nice.

At the far edge ty=1, alpha = 0.55 + 0.45*0 = 0.55 — the bed fades out at its far edge, blending into the background. Good (no hard horizon line).

OK, that's reasonable.

Now, one more thought about the caustics overlay grid: `alphaScale=0.85`, so alpha up to 0.85 and 0.85*0.55=0.47 at edges → the additive caustics fade at the edges. Good.

Let me make the backdrop vignette edit and remove the _WaveyMask line.

Then final re-verify and finish.

Actually also: I should double check the `Sub(0f,0.565f,1f,0.435f)` math once more: `Sub(x, yFromTop, width, heightFromTop)` returns `new Rect(x, 1 - yFromTop - heightFromTop, width, heightFromTop)` = Rect(0, 1-0.565-0.435=0.0, 1, 0.435). ✓

Let me apply the two small edits.
dsh: reasoning:
Now let me do a final structural check on both C# files (brace balance, no leftovers) and confirm the deliverables list. Also verify the environment-report.md reads well.

Let me also double-check the runtime component file for compile correctness by reading it.
dsh: reasoning:
One issue: `Apply` writes `glowRoot.localScale` while `FollowGrip` (when following) sets `glowRoot.rotation = follow.rotation` and `position`. Setting `localScale` then `position` (world) is fine. But note FollowGrip is called AFTER Apply, and it sets `glowRoot.localRotation = Quaternion.identity` only in the fallback branch. When following, rotation = follow.rotation. OK.

Another issue: When following, the halo inherits the grip's rotation, which rotates with the hand/sword. Since the halo is a crossed-quad billboard, rotation makes it 3D-ish — acceptable and arguably better (it's a glow volume).

Hmm, but a crossed quad rotated with the hand could become edge-on to the camera at some times → nearly invisible. With 3 quads at 60° apart, at least one will be reasonably face-on for most orientations. Plus the flare quad. Acceptable.

Now, `evaluateGlow` at t just under 12: `t >= liftEnd && t < 10.9` → 0.16*exp(-(t-8.3)/0.55). At t=10.9 → 0.16*exp(-4.7)=0.0015 ≈ 0. And at t=12 → 0 (outside branch) → value = glowIdle = 0.10. And at t=0 → 0.10. So the seam is continuous ✓ (both 0.10).

Great.

One more: `Apply(0f)` in OnEnable → glow=0.10, caustic = causticIdle + boost*(0.5+0.5*sin(0)) = 0.62+0.22*0.5 = 0.73. Hmm, caustic at t=0 = 0.73, and at t=12: sin(2π*4)=0 → same 0.73. Seamless ✓.

But the builder sets `cycle.causticIdle = 0.26f; cycle.causticBoost = 0.14f;` → 0.26+0.07 = 0.33 at t=0. Good, close to the material's 0.30.

Hmm, the `Apply` uses `causticIdle`/`causticBoost` fields, which the builder overrides. ✓ But the prefab's serialized values come from the builder's assignment. ✓

Now `[Header("Base levels")]` defaults in the runtime are 0.62/0.22 but the builder overrides to 0.26/0.14 before saving the prefab. ✓

Everything looks fine.

Final check: does anything reference `state_particles`, `state_rays`, `state_cycle` still? I removed the fields. Let me grep.

Also grep for `AddMaterialStat`.

Let me run a final grep and structural check.
dsh: reasoning:
Everything is clean. All deliverables are under Environment/**.

Let me do one last sanity check on the report file for any remaining typos or inaccuracies, and then summarize.

Actually, one thing I should reconsider: the task said "Sourcetextures can referenced directly/copied unchanged." ✓ done (copied unchanged).

And "Local Python processing for audio OK (wave/numpy) not image edits." ✓ (no image edits).

And "State if no fit projectaudiofound, no randomunrelatedspeech." — I found fit project audio and documented no speech. ✓

"No running Unity or touching integration/model/old experiment/production files." ✓

"Complete autonomously ~25minutes" — done.

One last accuracy fix in the report: I said "independent re-scan of the written file: ... modulation 0.33" ✓ correct.

Also the report says the analyzer's numbers; fine.

Let me also double check the report's claim about "The manifest reports the grip at (1.315, -1.88, 0.15)". The manifest key is `grip_world: [1.315, 0.15, -1.88]` — the array order in their JSON is [x, z, y]? I inferred that from tip_world [-1.415, 0.12, 0.47] where y should be 0.47. So yes, order is [x, z, y]. Let me rephrase to avoid confusion: "the manifest reports the grip at x=1.315, y=-1.88, z=0.15 (its world tuple is written [x, z, y])". Let me fix that for accuracy.

Let me make that edit.
dsh: reasoning:
Done. Let me do a final read of the report's beginning to make sure it's coherent, then finish with a summary.

Actually, one more thought about a potential compile error I should double-check: in `LadyLakeEnvironmentBuilder.cs` I use `DynamicCardAnimatedMaterialProperty` — imported via `using Assets.Script.DynamicCards;`. And the file also has `using LegacyGwent.LadyLakePremium;` for the cycle component. Both fine.

But there's a subtle risk: `Assets.Script.DynamicCards` also defines `DynamicCardPaths`, `DynamicCardEffects` etc. No conflicts with my type names. ✓

Another risk: my namespace is `LegacyGwent.LadyLakePremium.Editor` and the project may have a type named `Editor`... Unity has `UnityEditor.Editor`. Since I don't use `Editor` unqualified, fine. But `namespace LegacyGwent.LadyLakePremium.Editor` could shadow `UnityEditor.Editor` inside that namespace. I don't reference `Editor` type. ✓

Also `using UnityEditor.Animations;` — `AnimatorController` etc. ✓ And `AnimatorStateMachine` is in UnityEditor.Animations ✓.

One more: `machine.states` is `ChildAnimatorState[]`, and `machine.RemoveState(AnimatorState)`. ✓

I'm confident enough.

Let me give the final summary to the user.

Actually — let me quickly double check one thing that could be a real compile error: `ParticleSystem.MinMaxCurve(1f, fade)` where `fade` is an `AnimationCurve`. The constructor is `MinMaxCurve(float multiplier, AnimationCurve curve)`. ✓

And `size.size = new ParticleSystem.MinMaxCurve(1f, fade);` ✓

`main.startLifetime = new ParticleSystem.MinMaxCurve(8f, 13f);` → constructor `MinMaxCurve(float min, float max)`. ✓

`emission.rateOverTime = rate;` — `rateOverTime` is `MinMaxCurve`; implicit operator from float exists. ✓

`noise.strength = 0.12f;` ✓ (implicit)
`noise.frequency = 0.25f;` ✓
`noise.scrollSpeed = 0.05f;` ✓

`shape.scale = box;` (Vector3) ✓
`shape.position = Vector3.zero;` ✓

`main.startColor = new ParticleSystem.MinMaxGradient(startColor);` — constructor `MinMaxGradient(Color color)` ✓

`colour.color = new ParticleSystem.MinMaxGradient(gradient);` — constructor `MinMaxGradient(Gradient gradient)` ✓

`renderer.alignment = ParticleSystemRenderSpace.View;` ✓

`renderer.mesh = particleMesh;` ✓

Good.

One final concern: `ParticleSystem.MainModule main = ps.main;` — in Unity 2019, `ps.main` returns MainModule struct; assigning to a local and mutating works. ✓

Done. Let me write the final summary.

Actually, let me reconsider one important risk I may have introduced: `main.prewarm = true` combined with `DynamicCardView`'s `particles.Stop(false, StopEmittingAndClear)` then `particles.Play(false)`. With prewarm, Play() simulates the system forward by `duration` (12s) immediately — this makes the bubble field immediately full. Good. But `Play(false)` on a stopped system with prewarm... Unity handles it. Fine.

However, prewarm only works when the system was not restarted? Actually Unity docs: "prewarm ... only works with looping systems ... the system will simulate one full cycle when it starts". Fine.

Also `DynamicCardEffects.Initialize` (if the catalog fragment is merged) calls `Stop(false, StopEmittingAndClear)` on all listed particle systems, then at age 0 plays them → prewarm kicks in. Good.

Final answer time.

Let me summarize concisely what was done, deliverables, key decisions, and what remains for the root.
ENVIRONMENT worker complete. All work is confined to `Assets/Experiments/LadyLakePremium/Environment/**`.

## What I built

**Builder** — `Environment/Editor/LadyLakeEnvironmentBuilder.cs` (77 KB) with `public static LegacyGwent.LadyLakePremium.Editor.LadyLakeEnvironmentBuilder.Build()` plus a menu item. It produces `Environment/Environment.prefab` + 11 baked Unity mesh assets + 13 materials + 7 byte-identical texture copies + Animator assets + `catalog-fragment.json` + `environment-build.json`.

**Real 3D modelling** (no flat planes, no runtime procedural renderer): a curved backdrop shell, a dune waterbed grid, a bed-caustics overlay, a full-frame caustic sheen, 6 volumetric sun shafts crossing depth, 17 kelp fronds in 3 depth bands, a 7-pad domed lily canopy with stems, 3 depth-separated particle fields, and a crossed-quad sword-glow halo. Everything is authored in the contract frame `P((px-248.5)/100,(355-py)/100,z)` with `k = 1 + z/11.5` perspective compensation, so depth never distorts the composition. Geometry stays at z ≥ 0.30 except the three foreground fronds pinned to the frame edges.

**Original premium asset reuse** — 4 original DynamicCards shaders (unchanged, built-in RP, **no URP, no new shader**), the Aeschna `15010100` Riverbed/Caustics/Shafts/Bubbles/Foliage parameter sets, Seltkirk `20161801` SwordGlow (queue 3021, `_NoiseUV -0.5`, offset `-0.12`), and the original tileable Aeschna textures (GUIDs documented). The selected painting (`background.png`) is copied unchanged and preserved; the waterbed samples its own lakebed band so the modelled bed keeps the painting's palette.

**12 s timing** — Animator `Intro`(12 s)→`Loop`(12 s, loopTime) with integer-cycle sway curves and an `m_Float` curve on the production `DynamicCardAnimatedMaterialProperty`; `LadyLakeEnvironmentCycle` handles the 3.2 s catch glint and 5.6–8.3 s lift swell and rides the rig's real `GripSocket`. Catalog fragment exposes `particleEvents`/`uvMotions`.

**Audio** — `Audio/LadyLakeLoop.wav`: 12.000 s, **stereo** 48 kHz 16-bit, per-channel peak **27570 = −1.50 dBFS, 0 clipped samples**, DC removed, 0.35 s loop crossfade. Derived from 5 original premium scene soundtracks (Aeschna 15010100, DIY-art 56180101, Tempest 16550101, Syanna 13680101, Will of the Wisps 22500101) via a reproducible pure-Python processor. Full provenance + peak + attribution in `audio-provenance.json`; **no speech used**.

**No duplicate audio** — the prefab deliberately contains no `AudioSource`, `AudioListener`, `Camera` or `Light`; production `DynamicCardView` creates the single `AudioSource` from the catalog `audio` field.

## Honest gaps (detailed in `Environment/environment-report.md`)
No render was made (root owns acceptance) — visuals and particle appearance are unverified; original Aeschna **meshes** were not reused (they are SkinnedMeshRenderer meshes tied to the Aeschna rig, and their composition is a different painting) so the silhouettes are authored while the shader/texture/parameter path is original; the bubble material's texture slots are deliberately swapped and documented; the seam is crossfaded, not phase-continuous; sources are assumed non-speech from numeric profiling only. I also verified alignment against the other workers' actual files (`GripSocket`/`Grip`, 12 s clip, 3.2/5.6/8.3 key times, `Pivot/Environment` nesting) and note that `Integration/catalog-entry.json` still has empty `particleEvents`/`uvMotions`, so root should merge my fragment.
