dsh: reasoning:
Let me start by understanding the task. I'm the INTEGRATION worker. I need to read the contract fully first.

Let me read the contract file.
dsh: reasoning:
Let me read the integration-task.md and the pipeline-research.md. Also check what's in Integration/** already.
dsh: reasoning:
The pipeline-research.md is large. Let me read the rest, particularly the integration-relevant sections (§8 onwards) and the DynamicCardView code.

Let me now read the actual key runtime files: DynamicCardView.cs, DynamicCardLibrary.cs, DynamicCardFraming.cs, DynamicCardPresentation.cs, DynamicCardEffects.cs, DynamicCardSourceControllers.cs, DynamicCardCatalog.cs, ArtCard.cs, and old standalone wrapper.

Let me do these reads in parallel.
dsh: reasoning:
Now let me read the rest: DynamicCardLibrary.cs, DynamicCardCatalog.cs, DynamicCardPresentation.cs, DynamicCardEffects.cs, DynamicCardSourceControllers.cs, ArtCard.cs, CardShowInfo.cs, PremiumCardAppearance.cs, and look at the old standalone wrapper.

Let me search for the old experiment wrapper and existing Integration folder.
dsh: reasoning:
Now let me read DynamicCardPresentation.cs, ArtCard.cs, CardShowInfo.cs, PremiumCardAppearance. Also look at the old standalone wrapper (existing experiment) - "old standalone wrapper only reference for correct UIlayout". Let me find the old experiment LadyLake.
dsh: reasoning:
Now the old standalone wrapper: LadyLake\Presentation\*. Let me read LadyLakeCardStage.cs, LadyLakeCardStageBootstrap.cs, LadyLakeCardDragHandle.cs, and the builder. These are "old standalone wrapper only reference for correct UIlayout".

Let me also read ArtCard.cs and CardShowInfo.cs.
dsh: reasoning:
Now let me look at CardShowInfo.cs (the collection usage) and PremiumCollectionClient/PremiumCardAppearance, plus DynamicCardSettings. Also check whether Integration dir exists and what's in the LadyLakePremium tree currently.

Let me also check DynamicCardEffects/SourceControllers briefly and CardStatus. And check the existing catalog-entry for reference (56180101 entry in catalog.json) to know exact JSON fields.

Let me batch reads.
dsh: reasoning:
So the Model and Environment workers are concurrently building. I need to define interfaces: I call `LegacyGwent.LadyLakePremium.Editor.LadyLakeModelBuilder.Build()` and `LegacyGwent.LadyLakePremium.Editor.LadyLakeEnvironmentBuilder.Build()` via reflection. Model prefab at `Assets/Experiments/LadyLakePremium/Model/FigureRig.prefab`, environment prefab at `Assets/Experiments/LadyLakePremium/Environment/Environment.prefab`.

Let me check the other task docs to understand exact interfaces and what the model/environment prefabs will contain, and check the current state of Model/Environment directories.

Let me read model-task.md and environment-task.md.
dsh: reasoning:
The task files are truncated in display but full content might be one long line. The read tool says "line truncated to 2000 chars". I can't easily read beyond. Let me try reading with a different approach - but the file is a single line. Hmm, the read tool truncates line length. Perhaps I should use pwsh to output the full content? But the instructions say use read tool for text files. However read truncates at 2000 chars per line. Let me try pwsh Get-Content to get full line since it's important. Actually it says "Read actual..." — the key content is the task. The contract already gives main requirements. The integration-task line was truncated at 2000 chars. Let me try to get full content via pwsh (this is a legitimate case where read truncates).

Actually, let me check file size — maybe these are single-line files. Let me use pwsh to read the full integration-task.md.

I'll use Get-Content -Raw. Under workspace-write sandbox, FullLanguage should work.
dsh: reasoning:
Now let me read model-task fully and environment-task fully via pwsh, to understand interfaces. Also read the pipeline-research remainder (sections 8+) for integration guidance.
dsh: reasoning:
Now let's read the rest of pipeline-research.md (from line 663 onward) — sections 8+ likely describe integration guidance. Actually I've got the core. Let me read from 663 to end.
dsh: reasoning:
Now I have a good understanding. Let me set up a todo list and continue research.

Key requirements from the task for me (Integration worker):

1. Edit `Integration/**` only.
2. Implement real premium production path: scene + prefab assembler.
3. Model/Environment built by concurrent workers with exact interfaces:
   - Model: `LegacyGwent.LadyLakePremium.Editor.LadyLakeModelBuilder.Build()` → prefab `Assets/Experiments/LadyLakePremium/Model/FigureRig.prefab`
   - Environment: `LegacyGwent.LadyLakePremium.Editor.LadyLakeEnvironmentBuilder.Build()` → prefab `Assets/Experiments/LadyLakePremium/Environment/Environment.prefab`
4. Read actual DynamicCardView/Library/Framing/Effects/SourceControllers/Presentation and collection ArtCard usages. Old standalone wrapper only reference for correct UIlayout. Do NOT clone player/camera/drag code.
5. Need call actual `DynamicCardView.Bind` on `ArtCard.CardImg` largePreview=true premium=true, wholeCard=border/presentationRoot same collection; actual goldneutral assets.
6. Model/existing camera creation entirely original runtime DynamicCardView (not custom RenderTexture backend). So the assembled Card.prefab must work via DynamicCardView.Create, which does: instantiate prefab under appearance anchor, create camera from entry (fov, cameraDistance, near, far), ArtRegion framing, etc. So my Card.prefab must be the "source appearance" prefab containing `Card/Pivot` structure so that `entry.pivot` = "Pivot"? Wait, DynamicCardView does `pivot = model.transform.Find(entry.pivot)`. model is the instantiated prefab root. So entry.pivot path is relative to prefab root. To find pivot, the prefab root should be named e.g. "Card" and pivot path "Pivot"? Actually the existing catalog entries use pivot = "15010100/Pivot" where prefab root is "Card" and child is "15010100". So pivot path includes the scene id. For our prefab, task says "Build stage Card/Pivot" — so prefab root Card with child Pivot. entry.pivot = "Pivot" then. Let me re-read: "Build stage Card/Pivot, adjust appearanceoffset+2 and square RT artregion originalframing so world7.1 high imagefits." So we need a Card root → Pivot child. Then model (FigureRig) and environment prefabs instantiated under Pivot.

   Wait — but DynamicCardView instantiates the prefab under appearanceRoot (localPosition (0,2,0)). Then pivot is found relative to model.transform. If entry.pivot = "Pivot", the pivot node must be a direct child of prefab root named "Pivot". Good.

7. Code should produce single complete card on Play. Source catalog entry `Integration/catalog-entry.json`.
8. Root handles actual catalog merge/cache build to avoid touching all cards. (I must not edit catalog.json.)
9. No reflection injections of fake private Library entries, and no direct prefab RenderTexture fallback.
   - So don't do the old approach of injecting a DynamicCardEntry into DynamicCardLibrary via reflection. Instead, the root merges my catalog entry into the real catalog.json and builds the bundle (`AllowEditorSourceLoading` or bundle). Task says "ActualScenePlay should work after Root proper packages authoring."
10. Build method reflection calls Model/Environment Build; throws useful error if absent. Do not bypass missing models with placeholders.
11. Build stage Card/Pivot, adjust appearance offset +2 and square RT art region original framing so world 7.1 high image fits.
12. FOV 35 cameraDistance about -11.5.
13. Document exact framing math.
14. Existing background effective 497x710.
15. Preserve original ArtCard prefab asset refs.
16. Supply useful static/editor validation report for prefab references/bones/clips plus clear unverified runtime.
17. Use EditorApplication file bridge own request file `Integration/editor-request.txt` for build/open/play/stop/capture optional; must be opt-in, no auto rebuild, no play unless command. Main root will use this bridge for verification. Do not issue editor requests yourself.
18. Need expose precise methods Build/Open for root.
19. Only new scene/programming in Integration, no production changes or catalog merge.
20. No changing global user prefs without restore.
21. Use Unity 2019 APIs/C# and existing project namespaces.
22. Analyze whether bundled cache may take precedence over source fallback and document solution requiring root, do not move/delete cache.
23. Build report `Integration/integration-report.md`.

Hmm. There's a tension: requirement 5 says call actual DynamicCardView.Bind; requirement 6 says model/existing camera creation entirely original runtime DynamicCardView. And requirement 9 says no reflection injections and no direct prefab RenderTexture fallback. So the runtime scene must:
- Load ArtCard prefab from Resources "Prefab/Cards/ArtCard".
- Set its CardStatus (Gold Neutral 70006 or 70011) - but ArtCard.CurrentCore setter calls Content.SetCard(_currentCore) which parses DependencyResolver... Actually in old wrapper they avoided ArtCard.SetCard and applied frame manually. But the task says "actual goldneutralassets" and "wholeCardborder/presentationroot samecollection". Hmm.

Wait - "Need call actual DynamicCardView.Bind on ArtCard.CardImg largePreview=true premium=true, wholeCard border/presentationroot same collection; actual goldneutralassets." So we need to set the card frame to gold neutral manually (using prefab's serialized sprites) AND call DynamicCardView.Bind with those params. The Bind call will trigger the dynamic view to load artId "c10000000" from the library. The library must have the entry (from merged catalog + built bundle). That's root's job.

Now, ArtCard.SetCard() calls Bind with premium from PremiumCollectionClient.Show(CurrentCore). But calling ArtCard.SetCard requires CurrentCore which triggers Content.SetCard -> DependencyResolver. The old wrapper used `ApplyCollectionFrame` instead. But the task says "actual goldneutralassets" and "Need call actual DynamicCardView.Bind on ArtCard.CardImg largePreview=true premium=true, wholeCardborder/presentationroot samecollection". So we should replicate what ArtCard.SetCard does for Bind, but not necessarily call ArtCard.SetCard. Hmm, but "Do NOT clone player/camera/drag code" — the drag code is DynamicCardDragHandle which Bind adds automatically. So we just call Bind and it adds the drag handle.

Actually the cleanest: create ArtCard instance, set its serialized border sprite to GoldBorder and faction icon to NeutralGoldIcon, set strength/name via fields, then call `DynamicCardView.Bind(card.CardImg, "c10000000", false, largePreview:true, wholeCard: card.CardBorder.rectTransform, playPreviewAudio:false, presentationRoot:(RectTransform)card.transform, portraitBorder: card.CardBorder.rectTransform, premium:true)`. That's the same call ArtCard.SetCard makes (without Content.SetCard). Then `PremiumCardAppearance.Apply` optional.

But there's a catch: DynamicCardView.Refresh checks `!premiumAllowed || !DynamicCardSettings.Enabled`. `premiumAllowed` = premium = true. DynamicCardSettings.Enabled - default? Let me check DynamicCardSettings.

Also, Bind's `premium` param maps to `premiumAllowed`. And DynamicCardSettings.Enabled default likely true.

Now: The prefab assembled (Card.prefab) is used by DynamicCardView.Create. Its structure: root "Card", children. DynamicCardView instantiates prefab as `model`, then `pivot = model.transform.Find(entry.pivot)`. So entry.pivot should be "Pivot" (path relative to root). Task says "Build stage Card/Pivot". So root is "Card", child "Pivot", and FigureRig + Environment under Pivot.

Wait, but contract §3.2 says appearanceRoot localPosition (0,2,0) and prefab root is instantiated there. The source prefabs have Card → sceneId → Pivot, and catalog pivot = "sceneId/Pivot". In our case, we can name the prefab root "Card" and put Pivot directly under it → entry.pivot = "Pivot".

Now "adjust appearanceoffset+2". AppearanceOffset is (0,2,0) applied to appearanceRoot. The source scenes' Card/Appereance node was at y=2, and their meshes authored in a coordinate frame where that offset was already part of the prefab? Hmm. Contract §3.2: stagingRoot → appearanceRoot (localPosition (0,2,0)) → instantiate prefab. Also `RestoreSceneFacing` etc. So the prefab itself contains content at whatever local coordinates; the +2 shifts everything.

Actually for our contract coordinate: World P(px,py,z)=((px-248.5)/100,(355-py)/100,z). So the art region 497x710 px maps to x ∈ [-2.485, 2.485], y ∈ [-3.55, 3.55] (world 7.1 high). Center at origin. Camera looks +Z. Where should the camera be? DynamicCardView: cameraObject.transform.position = stagingRoot.position + (0,0, cameraDistance) + (thumbnail ? offset : 0). Since stagingRoot has position (10000+..., 10000+..., 0), and camera at stagingRoot + (0,0,Z). Note camera's y = stagingRoot.y (not +2). So camera is at world y = stagingRoot.y, while the appearance anchor (and thus prefab content) is at stagingRoot.y + 2. So the content appears 2 units ABOVE the camera's center axis! That's the appearance offset. For source cards, their content presumably is authored such that at y offset +2 relative to camera, the framing works out with ArtRegion.

Hmm wait, so DynamicCardView's camera is positioned at stagingRoot + (0,0,Z), i.e. NOT including appearanceOffset. And art is at stagingRoot + (0,2,0). So relative to the camera, the art root is +2 in Y. Then the model content within prefab is authored in a frame where... hmm.

Let me think about what the ArtRegion does: it's a UV rect into the square RT. ArtRegion = Rect(.16602942, .0035620682, .68260696, .98114324). The card art window is 497x713 anchored region. So the RT square is mapped: the surface samples uvRect region of the square RT. So the square RT's sub-rectangle [0.166, 0.0036] to [0.8486, 0.9847] maps onto the 497x713 card window. This means the aspect ratio of that UV sub-rect corresponds to 497:713? Let's check: width 0.6826, height 0.9811. Ratio height/width = 1.4373. 713/497 = 1.4346. Close. So the RT region is the portrait art.

The world height that maps to this region: if camera FOV and distance are chosen so the full square RT at the model plane covers some world height H_square. Then the art region covers H_square * 0.9811 in world height and W_square... Actually the square RT is 1:1 aspect so world width = world height at the model plane (camera.aspect = 1).

The task: "adjust appearanceoffset+2 and square RT artregion originalframing so world7.1 high imagefits. FOV35 cameraDistance about-11.5."

Let's compute: camera FOV 35, at distance 11.5 (cameraDistance = -11.5, so camera at -11.5 Z, looking +Z, model near z=0..). The model content is at z ~ 0 and at y offset +2 relative to camera. The vertical half-height at model plane = tan(35/2 * deg) * 11.5 = tan(17.5°)*11.5 = 0.31530*11.5 = 3.626. So full height at plane = 7.252. Hmm. Art region height fraction 0.98114 → 7.252*0.98114 = 7.115 world units ≈ 7.1. 

So: world-7.1-high image fits in the art region with FOV35 and distance 11.5. But we must account for the +2 offset: the art center (in the contract frame) is at y=0 if we author content centered at origin of the prefab. But the camera is at y = stagingRoot.y while content root is at stagingRoot.y + 2. To have the content centered in the camera view, we need the content to be authored such that at +2 offset, and y so that... Actually the camera is at stagingRoot y, content node at stagingRoot y+2. The camera looks along +Z. The art should appear centered vertically in the RT. The RT's vertical center corresponds to camera's y (stagingRoot y). Content center is at +2 above. So content would appear 2 units high in frame. To compensate, we'd author the Pivot/content at local y = -2 so that world y = stagingRoot y + 2 - 2 = stagingRoot y = camera y. So "adjust appearanceoffset+2" means offset the content by -2 within the prefab to compensate for the +2 appearance anchor. 

Hmm, or maybe the intended: put content under Card/Pivot with Pivot.localPosition.y = -2. Wait but then contract coordinate frame P(px,py,z) = ((px-248.5)/100,(355-py)/100,z), where py=355 is vertical center → y=0. So contract frame center is y=0. If we want the content centered at camera, we need net world y of content center = camera y = stagingRoot y. Content root is at stagingRoot+2, so add local -2. So Card root localPosition could be -2? Actually the prefab root Card is instantiated with `Instantiate(prefab, appearanceRoot.transform, false)` which keeps prefab root localPosition as authored (Instantiate with parent and worldPositionStays=false keeps local transform). If prefab root localPosition = (0,-2,0), then world = appearanceRoot (stagingRoot + (0,2,0)) + (0,-2,0) = stagingRoot. Good. Then Pivot under Card at 0.

Hmm, but there's also the vertical framing so that art region top/bottom align. Let me carefully compute the framing math.

Let me derive precisely. The camera at (stagingX, stagingY, stagingZ - 11.5) looking +Z (default rotation identity → looks +Z in Unity? Unity camera default forward is +Z). Actually camera transform rotation identity → forward = +Z. Yes. Camera position = stagingRoot.transform.position + (0,0,-11.5). Note stagingRoot.position = (10000+..., 10000+..., 0). Camera at (X, Y, -11.5). Model at staging root + appearanceOffset = (X, Y+2, 0) plus prefab local. So model is at z=0, which is 11.5 in front of camera. Good.

Field of view is vertical FOV = 35°. At distance d=11.5, vertical half-height = d * tan(FOV/2) = 11.5 * tan(17.5°) = 11.5 * 0.3152988 = 3.625936. Full height = 7.251872.

The square RT: aspect forced to 1, so horizontal half = vertical half = 3.625936. Full 7.2519 x 7.2519.

ArtRegion uv = (x=0.16602942, y=0.0035620682, w=0.68260696, h=0.98114324). In UV, y=0 bottom. So the region vertically spans from 0.00356 to 0.98471. Its vertical center = 0.00356 + 0.98114/2 = 0.49413. So slightly below center (0.5) by 0.00587 in UV → in world = 0.00587 * 7.2519 = 0.0426 units below camera center. Horizontal center = 0.16603 + 0.68261/2 = 0.50733 → slightly right of center by 0.00733*7.2519 = 0.0532.

Region world height = 0.98114324 * 7.251872 = 7.11513 ≈ 7.1. Region world width = 0.68260696*7.251872 = 4.95066. Ratio 7.11513/4.95066 = 1.4373, matches 713/497 = 1.4346 (close enough).

So the art region maps a world rectangle of ~4.95 x 7.115. The contract coordinate frame says art is 497x710 px → 4.97 x 7.10 world. So indeed, if the content (art image) is authored at world size 4.97 x 7.10 centered at (x=0, y=0) in the contract frame, and the camera is centered on the content, the art region covers essentially exactly the content. 

But wait, there are small offsets: the ArtRegion center is at (0.50733, 0.49413) in UV → world offset from camera center: x = (0.50733-0.5)*7.2519 = +0.0532 (region center is right of image center), y = (0.49413-0.5)*7.2519 = -0.0426 (region center below image center). So to make the region center coincide with the content center, the content should be placed at world x = camera_x + 0.0532? Hmm, let me think: region center in camera view is at world point P_region = camera_center + (0.0532, -0.0426). For content centered at P_region, content center should be at P_region. So content center world y = camera_y - 0.0426, content center world x = camera_x + 0.0532.

If content center in contract frame is at (0,0), and we place Card at local y = -2 + dy... Let's define: content authored with its art center at contract origin (0,0,0). We want that world position to equal (camera_x + 0.0532, camera_y - 0.0426, 0). Camera position = stagingRoot + (0,0,-11.5). So world target = stagingRoot + (0.0532, -0.0426, 0). The prefab root is instantiated at appearanceRoot = stagingRoot + (0,2,0). So prefab root localPosition should be (0.0532, -2 - 0.0426, 0) = (0.0532, -2.0426, 0). Hmm, small offsets.

But the task says "adjust appearanceoffset+2 and square RT artregion originalframing so world7.1 high imagefits". Maybe we just need the dominant -2 compensation, and can document the residual sub-0.05 offsets. Actually, let me reconsider: maybe we should set the Card root localPosition to compensate exactly, or set Pivot. The task says "Build stage Card/Pivot, adjust appearanceoffset+2". Hmm ambiguous. Let me plan to compute exact compensation in the builder: Card.localPosition = (regionCenterX, -2 - regionCenterY, 0) where regionCenter computed from fov/distance and ArtRegion. But wait — this assumes the content is centered in the contract frame. The model worker authors mesh in contract frame per contract §6. Environment worker receives same coordinate frame. So yes, content center = contract origin = (0,0,0). Then the Card root should be offset to center them in the art region.

Actually, let me reconsider whether the content should be centered in the *art region* or in the *whole card window*. The card art window (497x713 anchored on CardImg 560x560?) — hmm. Actually the RawImage surface is anchored to CardImg's rect at (0, 1-713/1024)..(497/1024, 1). So the surface is the 497x713 portion of CardImg, and it displays uvRect=ArtRegion of the RT. So the region maps exactly onto the card window. So the content must be centered in the art region. So yes we center the content in the art region.

Now, before dynamic ready, static art is shown (ArtCard.CardImg.sprite = c10000000 sprite, loaded via Addressables). ArtCard.SetCard does `Addressables.LoadAssetAsync<Sprite>(requestedArt)`. In our integration runtime, we should load the static sprite for fallback. The task says "Retain fallback selected static art before dynamic ready." So we need to load the sprite via Addressables, like CardShowInfo does. We can do that in our runtime root.

Hmm, but wait: ArtCard.CardImg is an Image. If we set its sprite, that shows. DynamicCardView creates a RawImage child of CardImg (art.transform) which overlays. The DynamicCardView.Refresh calls presentation.Begin() which sets the whole card's CanvasGroup alpha=0 until ready. So the static art is only visible before Bind/Refresh begins? Actually DynamicCardPresentation.Begin hides the whole card via CanvasGroup alpha 0, then Reveal restores. So during loading the card is hidden. "Retain fallback selected static art before dynamic ready" — I think they mean the static art remains as the fallback if dynamic fails. We should set CardImg.sprite.

Actually more importantly, if the bundle/source loading fails, DynamicCardView will call `presentation.Reveal(false)` which restores alpha, showing the static art. Good.

Now the "bundled cache may take precedence over source fallback" analysis: In DynamicCardLibrary.LoadCatalog, in Editor, if `Library/DynamicCardsBundles/StandaloneWindows64/cards.bundle` + `.editor-ready` exists, it loads the bundle. Only if bundle == null does it fall back to `AllowEditorSourceLoading` AssetDatabase source loading. So if the root builds the bundle with our catalog merge, it works. But if the bundle exists and is stale (doesn't include our entry), our artId won't be found → no dynamic. If the bundle doesn't exist and AllowEditorSourceLoading is off (default), it logs warning and no dynamic. The solution requiring root: root must rebuild the bundle (Tools > Dynamic Cards > Build Options) after merging catalog-entry.json, OR enable AllowEditorSourceLoading for editor testing (which is a global EditorPref, must restore). We must document this. We must not move/delete cache or set EditorPrefs persistently.

Given our integration scene is a standalone scene that root will open and play, and root handles catalog merge + cache build, the runtime uses the actual catalog/bundle. Good.

Now the file bridge: "Use EditorApplication filebridge own requestfile Integration/editor-request.txt for build/open/play/stop/capture optional; must be optin no autorebuildnoplay unlesscommand." So I need an Editor script that watches (via EditorApplication.update) a request file in `Assets/Experiments/LadyLakePremium/Integration/editor-request.txt`, and performs commands: build, open, play, stop, capture. It must be opt-in (enabled flag), no auto rebuild/play unless a command is present. The main root will use this bridge. I must not issue editor requests myself.

I need to expose precise methods `Build()` and `Open()` for root. Also `LadyLakePremiumBuilder.Build()` is required public static Editor method.

Let me design the file structure:

```
Assets/Experiments/LadyLakePremium/Integration/
    Runtime/
        LadyLakePremiumStage.cs        (runtime MonoBehaviour that builds the scene UI + ArtCard + Bind)
        LadyLakePremiumSnapshot.cs?    (optional diagnostic)
    Editor/
        LadyLakePremiumBuilder.cs      (public static Build(), Open(), reflection call model/env Build)
        LadyLakePremiumValidator.cs    (static validation report)
        LadyLakePremiumEditorBridge.cs (file bridge, opt-in)
        LadyLakePremiumSceneBuilder.cs (builds scene asset)
    catalog-entry.json
    editor-request.txt
    integration-report.md
```

Wait, but namespaces: contract says namespace `LegacyGwent.LadyLakePremium`. Use existing project namespaces for production types (Assets.Script.DynamicCards, Cynthia.Card). Good.

Now, the scene asset LadyLakePremium.unity: it should contain a root GameObject with our runtime stage component, a Camera? The task says "Model/existingcamera creation entirely originalruntimeDynamicCardView" — meaning the 3D card camera and model instantiation are done by DynamicCardView, not us. But we need a UI camera to render the Canvas (Screen Space Camera) for the scene to display. The old wrapper created a PresentationCamera. We can use Screen Space Overlay canvas instead? Task says old standalone wrapper only reference for correct UIlayout. The old wrapper used Screen Space Camera with planeDistance 5. For a standalone scene with no other camera, an Overlay canvas will render regardless. But camera capture via ScreenCapture would still work with overlay. Actually to render UI to a screenshot, Screen Capture includes overlay UI. But if root uses an in-editor camera capture, overlay works too. Hmm.

Actually "Do NOT clone player/camera/drag code" — meaning don't clone the DynamicCardView's camera/drag. The presentation camera for UI is fine (old wrapper reference for correct UI layout). But maybe simpler: use Screen Space - Overlay canvas, no extra camera needed. Then no camera at all except DynamicCardView's hidden RT camera. For "capture", we can use ScreenCapture.CaptureScreenshot (works with overlay). Let me consider: the editor bridge capture command can do `ScreenCapture.CaptureScreenshot(path)` or render the canvas camera to a RenderTexture. To be safe, we can create a UI camera (Screen Space Camera) similar to old wrapper for reliable capture. But requirement "Model/existingcamera creation entirely originalruntimeDynamicCardView" refers to the card's 3D camera. The UI camera is separate. I'll create a presentation camera like the old wrapper since it's "reference for correct UIlayout" and enables capture. Hmm, but is that "cloning camera code"? The instruction "Do NOT clone player/camera/drag code" is about the DynamicCardView's card camera and drag. A UI presentation camera is legit UI layout.

Hmm, let me re-read: "Read actual DynamicCardView/Library/Framing/Effects/SourceControllers/Presentation and collection ArtCard usages, old standalone wrapper only reference for correct UIlayout. Do NOT clone player/camera/drag code. Need call actual DynamicCardView.Bind ... Model/existingcamera creation entirely originalruntimeDynamicCardView."

So: the 3D model and its camera creation must be entirely the original runtime DynamicCardView (so the Card.prefab is just source content). And don't clone the drag (use DynamicCardDragHandle which Bind auto-adds) or the player (don't make a custom render loop). Good.

I'll use Screen Space Overlay for the Canvas to keep it simplest and avoid a UI camera entirely — but then capture of just the card needs a camera. Actually we can capture with `ScreenCapture.CaptureScreenshot` which captures the whole game view including overlay UI. That works. But the background color? We can add a full-screen backdrop Image. The task says "Existingbackground effective497710" — hmm, "Existing background effective 497x710". I think it refers to the static art effective region 497x710. Or "existing background" = the backdrop painting? Let me re-read: "Build stage Card/Pivot, adjust appearanceoffset+2 and square RT artregion originalframing so world7.1 high imagefits. FOV35 cameraDistance about-11.5. Document exactframingmath. Existingbackground effective497710."

I think "Existing background effective 497710" means the existing static background/art effective area is 497x710 px (matches contract: effective art 497x710). So the framing must fit a 497x710 image → world 4.97 x 7.10.

Let me now check DynamicCardSettings, PremiumCollectionClient, PremiumCardAppearance, DynamicCardDragHandle, and the old builder/capture to understand best approach.

Let me also check whether there's an existing editor bridge pattern in the project (maybe the old experiment has one). Search for "editor-request" or "EditorApplication.update".
dsh: reasoning:
There's an existing pattern in `Assets/Editor/RewardSuiteEditorControl.cs` and `LadyLakeAcceptance.cs` for file bridge. Let me read them. Also the old LadyLakeCardPresentationBuilder and LadyLakeAcceptance to understand capture. And PremiumCollectionClient/PremiumCardAppearance.

Important: `DynamicCardSettings.Enabled` is false by default! Because PlayerPrefs default legacy=0 → Off. So for our scene to show dynamic, we need `DynamicCardSettings.Enabled = true` (High). But the task says "No changing global userprefs without restore." So we need to temporarily set Quality=High in Preview, remember previous, and restore on destroy. Hmm — but the game normally has it enabled by the user's settings. In a standalone scene, we can set it and restore. Let me plan: On Play, if not enabled, remember current Quality and set to High (or a reasonable tier); restore on OnDestroy. But restoring on OnDestroy when exiting play mode: PlayerPrefs persist. Actually the user's real setting was Off by default in this dev environment. If we set High and restore to Off on destroy, good. But if the scene crashes / is stopped abruptly, OnDestroy may still be called on scene unload/play stop? In editor, exiting play mode calls OnDisable/OnDestroy generally. We can also restore in editor bridge stop. To be safe, we use a session-only approach: the task says "No changing global userprefs without restore." We'll set and restore.

Actually, maybe better: DynamicCardView's `premiumAllowed = premium`. But Refresh still requires DynamicCardSettings.Enabled. So we must enable. Let me handle that with restore.

Hmm, wait — but is that acceptable? The contract says the actual game uses DynamicCardSettings. The standalone scene must show dynamic premium. Enabling is necessary. We restore. That's what old experiments might have done. Let me check LadyLakeCardStage — it didn't use DynamicCardView at all, so no setting needed.

Let me check the old acceptance / presentation builder for patterns and the existing RewardSuiteEditorControl for bridge pattern.
dsh: reasoning:
Good, there are established patterns. The bridge should be opt-in: only active if a request file exists, or a session flag. The task: "must be optin no autorebuildnoplay unlesscommand". So the bridge just polls; it does nothing unless a request file exists with a command. It never auto-builds or auto-plays. Good.

Now let me read the old LadyLakeCardPresentationBuilder (Editor) to see how they built scene/prefab and attached the ArtCard, and the PremiumCardAppearance/PremiumCollectionClient. Also DynamicCardDragHandle. And CardStatus for setting 70006.

Let me read those in parallel.
dsh: reasoning:
Now let me check PremiumCardAppearance and PremiumCollectionClient to decide whether to include them. Also CardStatus constructor and GwentMap values. And check the catalog entry format in catalog.json for a Latest entry, to model catalog-entry.json exactly.

Let me check DynamicCardEffects.cs and DynamicCardSourceControllers.cs signatures and DynamicCardPaths, to know what entry fields are used, so my catalog entry doesn't break. Actually I'll just mirror a known-good entry.

Let me search catalog.json for "56180101" entry raw. It's a big file (1.1MB). Use grep to find the entry. Actually grep returns matching lines; JSON is minified probably one line. Let me instead use pwsh to extract the entry with Python or PowerShell. But "no mass scans of binary assets" — catalog.json is text, reading it is fine but it's 1.1MB. Let me extract only the c10001000 entry.

Actually I need the exact JSON schema. I can build it from DynamicCardEntry serialization. For serialization via JsonUtility: fields not set are still serialized (0/false). Existing entries presumably include most fields. Let me look at a sample. Use pwsh with ConvertFrom-Json and select the entry. That reads 1.1MB, acceptable.

Let me do that plus read PremiumCardAppearance.
dsh: reasoning:
Now I have enough to design. Let me check `CardStatus` to construct 70006 without DependencyResolver. Let me read CardStatus and see constructor.

Actually, in our integration runtime, do we need CardStatus at all? We need:
- ArtCard instance with CardImg, CardBorder, GoldBorder, FactionIcon, NeutralGoldIcon, Strength, Content etc.
- Set CardBorder.sprite = GoldBorder; FactionIcon.sprite = NeutralGoldIcon; Strength.text = "25"; StrengthShow active; CardImg.sprite = static art.
- Call DynamicCardView.Bind(card.CardImg, "c10000000", concealed:false, largePreview:true, wholeCard: card.CardBorder.rectTransform, listThumbnail:false, playPreviewAudio:false, presentationRoot:(RectTransform)card.transform, portraitBorder:card.CardBorder.rectTransform, premium:true).

That doesn't need CardStatus. But Bind sets `view.collectionCard = image.GetComponentInParent<CardShowInfo>()`. Our ArtCard prefab probably has a CardShowInfo? Let's check the ArtCard prefab structure. The collection uses CardShowInfo on cards (from CardShowInfo.SetCard). But ArtCard is a separate prefab (Assets/Resources/Prefab/Cards/ArtCard.prefab). The old wrapper used ArtCard and called DynamicCardDragHandle manually; it didn't use DynamicCardView.Bind. So ArtCard prefab likely has no CardShowInfo. So `collectionCard` will be null — fine. `UpdateCollectionVisibility` not called. In DynamicCardView.IsVisible, `presentation != null` so uses presentation.AncestorsVisible. Fine.

But note: DynamicCardView.Create uses `presentation.RegisterGraphic(surface)` and `presentation.Configure` must have been called to set up `visual`. In ArtCard.SetCard, it calls `presentation.Configure(CardBorder.rectTransform, Content.transform)` BEFORE Bind. Bind only adds/gets DynamicCardPresentation and calls presentation.Begin() in Refresh. If presentation.Configure was never called, `presentation.visual` is null and Begin() uses `rect = transform` (the card root). Actually `Begin()`: `rect = visual != null ? visual : (RectTransform)transform;`. Without Configure, visual is null, so it rotates the whole card root instead of a child pivot, and glow null. In real ArtCard, SetCard calls Configure first. So our runtime must call `presentation.Configure(card.CardBorder.rectTransform, card.Content.transform)` before Bind, exactly like ArtCard.SetCard. That's not cloning player/camera/drag; it's the correct collection usage. Good.

Also AlignPreviewPortrait uses portraitFrame (CardBorder). Good.

Now, the Content: ArtCard.Content may be null? Let's check ArtCard.prefab. I should inspect the prefab to know its structure and serialized refs, and to preserve original asset refs. Since the process: instantiate ArtCard prefab in the scene at Build time (editor), preserving prefab link. Then at runtime, no need to re-instantiate; the scene already has the ArtCard instance. The scene should contain: root object with LadyLakePremiumStage component, Canvas, card host, ArtCard instance, EventSystem, backdrop.

Actually the requirement: "Preserve originalArtCardprefab asset refs." Meaning don't modify ArtCard.prefab; instantiate it and keep references. Use PrefabUtility.InstantiatePrefab for prefab linkage like old builder.

"Build stage Card/Pivot" — There are two "Card"s here: the DynamicCards `Card.prefab` (3D source prefab) and the ArtCard UI. The `Card/Pivot` refers to the 3D assembled prefab root named "Card" with "Pivot" child. Let me make sure.

Now let me inspect the ArtCard prefab to understand its serialized fields (Content, CardBorder, etc.) and CardImg size. Let me grep for the prefab path.

Also check whether `Assets/Resources/Prefab/Cards/ArtCard.prefab` exists.

Let me look for CardStatus class and ArtCard prefab.
dsh: reasoning:
Let me read the ArtCard prefab (it's YAML text). It might be large. Let me read the first ~250 lines to see structure, plus find its CardShowInfo/Content refs. Actually I mainly need: does it have `Content` assigned (CardContent), and CardImg display name. Let me grep the prefab for key fields.

Also read PremiumCollectionClient.
dsh: reasoning:
Good: ArtCard prefab root at line 351 "m_Name: ArtCard", sizeDelta at 378: 278.83 x 385.8, anchor (0.5,1). It has Content, FactionIcon, CardBorder, CardImg, GoldBorder, NeutralGoldIcon refs. 

CardImg at line ~297 anchor (0,1), sizeDelta 560x560? Wait line 300 m_SizeDelta {x:560,y:560} is probably CardBorder. Let me read the prefab region around 250-440 to understand. Actually not strictly needed; I'll instantiate prefab as-is and use fields.

Now, the important part: the CardImg rect. In ArtCard prefab, CardImg likely anchored to fill with some size. DynamicCardView creates surface child with anchors (0,1-713/1024)..(497/1024,1). That's a 497/1024 x 713/1024 sub-rect of CardImg's rect. Since CardImg is 560x560 (square), the sub-rect is 497/1024*560 ≈ 271.8 wide and 713/1024*560 ≈ 390 high. The card window is 497:713 aspect. Good.

Now for the UI layout: card root is 278.83 x 385.8. If CardImg is 560x560, it overflows the card. Hmm. Let me read prefab around lines 280-420.

Actually let me just read lines 280-440.
dsh: reasoning:
Good. ArtCard root position z=100 local. Card root has children CardBg (which is CardImg? no wait — CardImg component is on CardBg GameObject with Image, sizeDelta 560x560 at anchoredPosition (288.4, -274)). Actually CardImg fileID 6397752530691674568 is on GameObject 6437985648306998488 named "CardBg" (line 275 component). So CardImg is a 560x560 Image anchored at (0,1) with pos (288.4,-274). Hmm, that's odd but it's the collection layout.

CardBorder is fileID 6398285563490468798, likely on a different child. Let's not worry; the prefab is used as-is.

Now, in the old wrapper, they positioned card at center of cardHost. For our scene, similar. The card height fraction .72 of canvas height. That's the "UI layout" reference.

But wait: the requirement says the scene should display a single complete gold-neutral card. And "Use original DynamicCardView.Bind". The old wrapper didn't use DynamicCardView; we must. So our UI layout can mirror the old wrapper's (Canvas Screen Space Camera, card host, card centered) but call Bind.

Now, one concern: DynamicCardPresentation.Configure reparents children of the card root into a "DynamicCardVisualPivot". The old wrapper's `visualPivot = card.CardBorder.transform.parent`. And Configure is called by ArtCard.SetCard. We'll call Configure ourselves.

Now, about "premium": PremiumCollectionClient.Show requires Owns(card) which needs DependencyResolver container — in a standalone scene with no login, calling that would throw. The task says premium=true directly. So we pass premium:true explicitly. Good. And we should NOT call PremiumCardAppearance.Apply (needs CardStatus). Actually task says "actual goldneutralassets" not necessarily PremiumCardAppearance. We'll set frame assets manually from prefab fields. That's allowed ("actual goldneutralassets").

Now let's think about the Model/Environment interfaces and prefab structure that the concurrent workers produce. I must assume:
- `Assets/Experiments/LadyLakePremium/Model/FigureRig.prefab` — root named "FigureRig", includes child Sword with marker Grip, skinned body, Animator with Intro and Loop clips.
- `Assets/Experiments/LadyLakePremium/Environment/Environment.prefab` — root named "Environment", includes Audio/LadyLakeLoop.wav 12s looping.

My assembled `Card.prefab` should be: root "Card" → child "Pivot" → instantiate FigureRig and Environment as children of Pivot.

Actually, wait: the contract says model prefab root named FigureRig at local 0, and environment at same coordinate frame. Both authored in contract coordinate space. Since both must be under Pivot (so the pivot rotation applies to the whole scene), I'll parent both under Pivot.

But "Do not bypass missing models with placeholders." So Build() must fail if prefabs/build methods absent. Reflection calls Model/EnvironmentBuild; throws useful error if absent. So at Build time:
1. Find the builder types via reflection in loaded assemblies.
2. If missing → throw with clear message.
3. Invoke Build() on each.
4. Load resulting prefabs; if null → throw.
5. Assemble Card.prefab.

Now think about the Animator/controller. The model worker produces Animator with Intro/Loop clips inside FigureRig prefab. DynamicCardView.Create does `animator.applyRootMotion=false; animator.Rebind(); animator.Update(0)`. It relies on the Animator's controller with states named "Intro" and "Loop" (from source controllers: state names "Intro", "Loop"). Actually it just rebinds; the controller's default state handles the intro→loop. For our model, the controller should have Intro → Loop transitions. That's the model worker's responsibility. But DynamicCardLibrary.OpenPart loads `RuntimeAnimatorController`s from the bundle and requires `ExpectedControllers` count. Hmm — this is important for bundling.

Let me look at the editor bundle build tool to understand how it decides which prefabs/controllers to include and whether our dynamic content would work with the bundle. This is the "Root handles actual catalog merge/cache build" part. The entry's prefab path is under Assets/Experiments/... not Assets/DynamicCards/Content. Would the bundle builder include arbitrary prefab paths? Let me check the Build Options tool.

Let me find the dynamic card bundle builder.
dsh: reasoning:
Critical finding: `DynamicCardBundleBuilder.Build` **requires** every catalog entry's prefab to start with `ContentRoot + "Old/Thronebreaker/"`, `ContentRoot + "Old/Legacy2017/"`, or `ContentRoot + "Latest/"`. Our prefab path `Assets/Experiments/LadyLakePremium/Integration/Card.prefab` does NOT match → Build throws "Premium scenes must use an explicit supported source directory."

So the root cannot simply add our entry pointing at Integration/Card.prefab and rebuild the bundle. This is the crux of "Root handles actual catalog merge/cache build to avoid touching all cards" and "Analyze whether bundled cache may take precedence over source fallback and document solution requiring root".

Options:
1. Root copies/places our assembled Card.prefab (plus dependencies: FigureRig, Environment, audio, controllers, materials, meshes) under `Assets/DynamicCards/Content/Latest/<newSceneId>/Card.prefab` and adds Shared assets. But that's root's job, and would violate "Only new scene/programming in Integration". But root handles catalog/cache. The contract says "Integration worker owns Integration/** only" and "Root merges entry into actual catalog; do NOT edit catalog." And "1. 新建 Assets\DynamicCards\Content\Latest\<新场景号>\..." is the documented production path.

2. Enable `DynamicCardLibrary.AllowEditorSourceLoading` for editor play, so the library loads catalog.json via AssetDatabase and prefabs via AssetDatabase — but wait, that path still requires `entries` to include our artId, which requires catalog.json merge. And then `AssetDatabase.LoadAssetAtPath<GameObject>(entry.prefab)` works with any path. So for editor play, root could:
   - merge catalog-entry.json into `Assets/DynamicCards/Content/catalog.json`
   - enable AllowEditorSourceLoading (EditorPrefs, must restore)
   Without rebuilding the bundle? But if the bundle already exists, `LoadCatalog` loads the bundle and **ignores** the AssetDatabase source path entirely (`if (bundle == null)`). So bundled cache takes precedence over source fallback. That's exactly the analysis requested.

So: If `Library/DynamicCardsBundles/StandaloneWindows64/cards.bundle.editor-ready` exists, the editor uses the bundle; source fallback is never consulted, even with AllowEditorSourceLoading. The merged catalog.json won't be read. Therefore root must rebuild the bundle. And bundle builder rejects non-Content paths. So root must place the assembled prefab under a supported Content directory.

Alternative: the project's documented production path is to put the new scene under `Content/Latest/<sceneId>/`. Root would need to copy Integration/Card.prefab to Content/Latest/<sceneId>/Card.prefab and its dependencies to Latest/Shared or as part of the prefab (prefabs reference assets by GUID, so dependencies can live anywhere; the bundle builder uses AssetDatabase.GetDependencies(assets,true) which includes all dependencies regardless of location). So only the prefab itself needs to be under a supported directory. Actually the check only checks `c.prefab` path prefix. Dependencies can be anywhere. And `audio` path isn't checked. So root can:
   - copy `Integration/Card.prefab` → `Assets/DynamicCards/Content/Latest/<sceneId>/Card.prefab`
   - add catalog entry with prefab = that path, audio = Environment/Audio/LadyLakeLoop.wav (anywhere)
   - rebuild bundle
   
But copying a prefab that references Integration-only assets (FigureRig, Environment) works because GUID refs persist. However the model/environment prefabs must be in the project (they are, under Assets/Experiments). Fine.

But wait — there is a subtlety: the assembled Card.prefab references prefab *instances* (PrefabUtility.InstantiatePrefab creates nested prefab instances). Nested prefabs in Unity 2019.4: prefab nesting is supported (2018.3+). But nested prefabs in AssetBundles... should work as dependencies. However `BuildOne` checks `bundle.GetAllAssetNames().Where(p => p.EndsWith("/card.prefab"))` and requires it to equal `prefabs`. The dependencies (FigureRig.prefab, Environment.prefab) won't end with "/card.prefab", so no conflict. Good.

But there's risk: the imported content pipeline "Prepare Imported Content" might not handle arbitrary prefabs. But bundle builder directly builds from catalog entries. Root will decide.

Alternatively, the simplest for the integration scene to actually Play in the editor without bundle rebuild: Clear/bypass? No — we must not move/delete cache.

Actually, there's another route: `DynamicCardLibrary` builds its `entries` dictionary only from catalog + bundle. But we are forbidden from "reflection injections of fake private Library entries". So no.

So the correct documented solution requiring root:
- Root must (a) merge `Integration/catalog-entry.json` into `Assets/DynamicCards/Content/catalog.json`, (b) place/copy the assembled prefab at a supported `Assets/DynamicCards/Content/{Latest|Old/...}/<sceneId>/Card.prefab` path (the catalog entry we emit already points there — or root rewrites it), and (c) rebuild the editor bundle via Tools > Dynamic Cards > Build Options (or `DynamicCardBundleBuilder.Build`), (d) restart Play / re-enter to reload catalog. Also note the model/environment prefabs + audio must be dependencies available to the bundle.
- If the cache exists (`.editor-ready`), it takes precedence and `AllowEditorSourceLoading` fallback is ignored; the stale cache would NOT contain our artId, so Play would show static art. Therefore rebuild is mandatory. We must not delete cache.

Hmm, but wait. Is our catalog-entry prefab path allowed to be under Integration? For the bundle builder, no. The catalog-entry.json should use a path that the bundle builder accepts. But contract says "Final assembled prefab path Assets/Experiments/LadyLakePremium/Integration/Card.prefab" and "JSON catalog entry Integration/catalog-entry.json uses id lady-lake-authored, artIds [c10000000], prefab path above". So the contract explicitly wants prefab path = Integration/Card.prefab in the entry. But bundle builder rejects it. Conflict.

Hmm. Let me re-read: "Deliver public static Editor method LegacyGwent.LadyLakePremium.Editor.LadyLakePremiumBuilder.Build(), combining two prefabs under Card/Pivot ... Final assembled prefab path Assets/Experiments/LadyLakePremium/Integration/Card.prefab, standalone scene ... Integration/LadyLakePremium.unity. JSON catalog entry Integration/catalog-entry.json uses id lady-lake-authored, artIds [c10000000], prefab path above, audio Environment/Audio/LadyLakeLoop.wav, fov35 cameraDistance approximately-11.5; pivot Pivot; introDuration12 loopDuration12. Root merges entry into actual catalog; do NOT edit catalog."

And the integration-task adds: "Root handles actualcatalogmerge/cachebuild to avoid touching allcards." and "Analyze whether bundledcache maytakeprecedence over sourcefallback anddocument solution requiringroot, do not move/deletecache."

So the entry uses prefab path Integration/Card.prefab as specified, and I must document that the current bundle builder rejects that path (supported-directory guard) and that root has a choice:
  - Option A (recommended, no production edits): root copies the assembled prefab into a supported Content directory (e.g. `Assets/DynamicCards/Content/Latest/ladylake/Card.prefab`) — but the bundle builder requires `c.prefab` prefix `Content/Latest/`, so the catalog entry must be rewritten to that path. Root can do that.
  - Option B (production edit): extend the bundle builder's supported-directory guard — but that's a production change, not ours.
  - Also root may choose to enable AllowEditorSourceLoading and NOT have a bundle — but any existing bundle takes precedence; requires removing/renaming the cache, which is prohibited here.

Actually hold on — maybe there's a cleaner solution that requires no bundle rebuild at all. What if our standalone scene doesn't rely on DynamicCardLibrary's catalog at all, but instead uses the *other* Bind overload? No, Bind always goes through the library.

Hmm, but the task explicitly says "No reflection injections of fake private Library entries and no direct prefabRenderTexture fallback." This strongly implies previous workers tried injecting entries; we must not. And "Build method reflectioncallsModel/EnvironmentBuild" - so the prefab assembly is separate from runtime. The runtime must use actual Bind.

Wait, maybe there's a way for the scene to register a catalog entry *legitimately* through a public API. Let me search DynamicCardLibrary/others for any public method to add entries or load from a custom catalog path. Earlier read of DynamicCardLibrary shows no public add API. So no.

OK so I'll document the precedence analysis and the required root steps. The integration scene, when opened after root's proper authoring, will work. Until then, it will show static art (fallback) and log warnings. That matches "ActualScenePlay should work afterRootproperpackagesauthoring."

Now — a thought: Instead of relying on catalog bundle, could `AllowEditorSourceLoading` path be made to work by ensuring `bundle == null`? We can't delete the cache. But the editor bundle only exists if built. In this repo, does `Library/DynamicCardsBundles/StandaloneWindows64/cards.bundle.editor-ready` exist? Let me check. If it doesn't exist now, and root enables AllowEditorSourceLoading, then source fallback works after merging catalog.json. But root must not rely on absence. Let me check.

Let me check the file existence.
dsh: reasoning:
Bundle cache exists. Let me confirm `.editor-ready` exists and cards.bundle, plus check whether catalog.json currently contains c10000000 (probably not, but maybe root already merged? Let me check).
dsh: reasoning:
Confirmed:
- The editor bundle exists and is ready. So `DynamicCardLibrary` in editor will load the bundle and NOT use source fallback, regardless of `AllowEditorSourceLoading`.
- catalog.json doesn't have c10000000. Root must merge.
- Since bundle takes precedence, root must rebuild the bundle after merge.

So the scene Play will show static art until root does the merge+rebuild. Our runtime should log a clear diagnostic if the dynamic view doesn't become ready within N seconds, stating the required root steps. And the fallback static art must remain visible. But wait: DynamicCardView.Refresh calls presentation.Begin() which sets CanvasGroup alpha=0 and waits. If the library has no entry, Load calls complete(null,null,null) → prefab==null → `preparing=false; presentation.Reveal(false)` → restores alpha. So static art shows. Good, but during the brief wait the card is hidden. Fine.

Now: The task says "ActualScenePlay should work afterRootproperpackagesauthoring." Good.

Also, "no direct prefabRenderTexture fallback" means: if the dynamic route is unavailable, do NOT render the prefab ourselves into an RT as a fallback. So we simply leave static art. Good.

Now let's think about the timing budget: "Complete autonomously ~20 minutes." I should be efficient. Let's write the code.

Let me now design the actual code carefully.

### Files

1. `Assets/Experiments/LadyLakePremium/Integration/Runtime/LadyLakePremiumStage.cs`
   - namespace `LegacyGwent.LadyLakePremium`
   - MonoBehaviour, `[DisallowMultipleComponent]`
   - Serialized fields: `ArtCard card; RectTransform cardHost; Canvas canvas; float cardHeightFraction=.72f; string artId="c10000000"; bool enableDynamicOnPlay=true;`
   - `const string CollectionCardPrefab = "Prefab/Cards/ArtCard";`
   - On Awake/Start: call `Build()` (runtime). Build:
     - find ArtCard if null (GetComponentInChildren)
     - if null, instantiate from Resources
     - apply gold-neutral frame via `ApplyGoldNeutralFrame(card)`
     - configure presentation: get/add DynamicCardPresentation; `presentation.Configure(card.CardBorder.rectTransform, card.Content?.transform)`
     - set CardImg.sprite static via Addressables (async, fallback if fail) — but Addressables might not be initialized in a standalone scene. Hmm. Addressables.LoadAssetAsync requires Addressables initialization which happens automatically on first call. Should be OK. But in a bare scene with no Addressables groups setup? The c10000000 sprite is an Addressables entry (Addressables/Cards). The old builder loaded it via AssetDatabase at edit time only. For runtime scene, we could load it via Addressables like CardShowInfo does. But if Addressables isn't initialized in this scene, LoadAssetAsync auto-initializes. Let me use Addressables with a completed callback and guard.
       - Alternative: serialized Sprite reference in the scene (set by the builder from AssetDatabase). That preserves the sprite at edit time and needs no runtime load. Cleaner and avoids Addressables init. But the task says "Retain fallback selected static art before dynamic ready." A serialized sprite ref is robust. We can also try Addressables if the serialized ref is null. Let's do: serialized `staticArt` sprite field; builder sets it from `Assets/Addressables/Cards/c10000000.png`. At runtime, if card.CardImg.sprite == null && staticArt != null → assign. Also kick Addressables load as a secondary. Hmm, keep it simple: serialized sprite. Actually, Addressables loading a sprite from a png: `AssetDatabase.LoadAssetAtPath<Sprite>` works for PNG (texture type Sprite? The card pngs are imported as Sprite presumably, Addressables/ Cards entries load as Sprite in CardShowInfo). Let me check the png import settings quickly. `Addressables.LoadAssetAsync<Sprite>(requestedArt)` implies the address is the sprite. AssetDatabase.LoadAssetAtPath<Sprite>("Assets/Addressables/Cards/c10000000.png") works if texture type is Sprite. Old builder did exactly that. Good.
     - enable dynamic settings with restore: save `DynamicCardSettings.Quality`, set `Enabled=true` (High), register restore.
     - Call `DynamicCardView.Bind(...)` as specified.
   - Also ensure EventSystem exists.
   - Provide `Snapshot()`/`Describe()` for verification.
   - OnDestroy: restore DynamicCardSettings.Quality if we changed it.
   - `FitCardToHost()` in LateUpdate (like old wrapper).
   - Expose `Card`, `Host`, properties, `Presentation`, `DynamicView`.

   Wait — "Do NOT clone player/camera/drag code." If I add LateUpdate fitting only (not sway/drag), that's fine. The drag is handled by DynamicCardDragHandle (Bind adds it). The sway is handled by DynamicCardView.LateUpdate. The presentation entrance is handled by DynamicCardPresentation. So I should NOT implement sway/drag in my component. Good — minimal.

   However, note DynamicCardView's pivot idle sway uses `presentation.Tick(current)` only when not preview? Actually LateUpdate always does `if (presentation != null) presentation.Tick(current)`. Good. So the whole-card motion works via the production code.

   But wait: DynamicCardView requires `view.frame` (wholeCard) for the drag handle; Bind handles it. And `dragHandle.enabled = view.preview && view.model != null` after Create. Good.

2. `Assets/Experiments/LadyLakePremium/Integration/Editor/LadyLakePremiumBuilder.cs`
   - namespace `LegacyGwent.LadyLakePremium.Editor`
   - `public static class LadyLakePremiumBuilder`
   - Constants: prefab paths, scene path, catalog entry path.
   - `public static void Build()`:
       - `AssetDatabase.Refresh()`? Maybe not (avoid side effects). 
       - Invoke model builder Build via reflection; if type/method missing throw `InvalidOperationException` with clear message. If invocation throws, wrap and rethrow.
       - Same for environment builder.
       - Load prefabs; throw if null.
       - Build the assembled `Card.prefab`:
         - Create root GameObject "Card" (not a UI element, plain Transform, layer default/0). Add nothing.
         - child "Pivot" at local zero.
         - Instantiate FigureRig and Environment under Pivot using PrefabUtility.InstantiatePrefab (nested prefab instances) — preserves prefab refs. Set their local transform to identity.
         - Compensate appearance offset: set Card root localPosition to computed `AppearanceCompensation` (see framing math). Actually simpler: set Pivot.localPosition = compensation, so the nested prefabs are authored at contract origin and the pivot shifts them. But Pivot is the rotation pivot — rotating around the content center requires Pivot at content center. If Pivot is offset, it rotates around the offset point (which is the camera center) — that's fine actually; pivot should be at the card center for correct rotation. Hmm, the camera center is the art region center, which is what we want the pivot at. But the content is authored at contract origin; if we place Pivot at (0,-2,0) and children at 0, the pivot origin (rotation center) is at the camera center, but the visual content center is at pivot + offset? No: children at local 0 relative to Pivot means content center = Pivot position = camera center. So pivot rotation rotates around content center. 
         - So set Pivot.localPosition = (dx, dy, 0) = compensation, children at local zero. Card root at local zero. Then world center = appearanceRoot + Pivot.localPos = staging + (0,2,0) + (dx,dy,0). We want = staging + (targetX, targetY,0) where targetX/targetY computed. So dx = targetX - 0, dy = targetY - 2.
         - Wait, but DynamicCardView does `pivot = model.transform.Find(entry.pivot)` where entry.pivot="Pivot". It stores pivotRest and rotates pivot.localRotation. So Pivot must be direct child named "Pivot". Good.
         - But hold on: the model worker's FigureRig root is named "FigureRig" at local 0 in contract frame; environment same. If I nest them under Pivot, they'll be at Pivot's position. Good.
       - Save as prefab `Assets/Experiments/LadyLakePremium/Integration/Card.prefab` via `PrefabUtility.SaveAsPrefabAsset`.
       - Then build the standalone scene:
         - New scene (EditorSceneManager.NewScene(NewSceneSetup.EmptyScene, NewSceneMode.Single))
         - Add root GameObject "LadyLakePremium" with `LadyLakePremiumStage`.
         - Canvas (Screen Space Camera? or Overlay). Let me choose Screen Space - Camera with a UI camera for reliable capture and matching old UI layout. Actually, to minimize risk and avoid "cloning camera code", I could use Screen Space - Overlay. But then capture via camera isn't possible; ScreenCapture.CaptureScreenshot works for overlay in the Game view. For editor bridge "capture", ScreenCapture is fine. But a RenderTexture capture of the canvas needs a camera.
         
         The old wrapper used Screen Space Camera. The requirement says "old standalone wrapper only reference for correct UIlayout." So replicating the Canvas setup is intended. I'll use Screen Space - Camera with a presentation camera (orthographic? old used perspective fov60 planeDistance5). Hmm, actually for UI it's simplest and robust: Screen Space - Overlay. Overlay canvas renders on top of everything and needs no camera. For capture, use ScreenCapture.CaptureScreenshot (editor Game view). Since DynamicCardSurface shader is a UI shader, overlay works. Also DynamicCardPresentation works with overlay (it's designed for overlay too; ArtCard is used in collection with overlay canvas). Actually the collection canvas in the real game might be Screen Space Camera (the old wrapper set that). But ArtCard is used in gameplay with world-space canvas. The DynamicCardPresentation's `PerspectiveActive` handles overlay projection divide (it's an overlay-specific hack, using DynamicCardPerspectiveMesh). So overlay is fine.

         Decision: Use Screen Space - Overlay canvas with CanvasScaler ScaleWithScreenSize 1600x900, GraphicRaycaster. Add backdrop Image (dark color). Add cardHost stretched. Instantiate ArtCard (PrefabUtility.InstantiatePrefab) under cardHost. Add EventSystem. This avoids creating a UI camera entirely, satisfying "Model/existing camera creation entirely original runtime DynamicCardView" (only camera is the dynamic card's own).
         
         But wait: for the DynamicCardView to render the RT camera, it needs to be enabled? `renderCamera.enabled=false` and `renderCamera.Render()` is called manually. That works with no other cameras. Good. The RT is displayed by the RawImage on overlay canvas. 

         Hmm, but there's a catch: The DynamicCardView's `IsVisible()` for overlay canvas: `DisplayCamera(canvas)` returns null for overlay. `Rect bounds = ScreenBounds(...)`; `screen = new Rect(0,0,Screen.width,Screen.height)`. Fine. `collectionCard` null → presentation path. Good.

         Another catch: `renderCamera` is created in a separate scene (`SceneManager.CreateScene`) and its `Render()` called. For the camera to render the model, the model must be active. It is. Good.

       - Configure stage fields: card, cardHost, staticArt, camera? no.
       - Add a `LadyLakePremiumStage` with `artId = "c10000000"`.
       - Save scene `Assets/Experiments/LadyLakePremium/Integration/LadyLakePremium.unity`.
       - Write catalog-entry.json.
       - Run validation and write report? The validation report path: `Integration/integration-report.md` (build report) and maybe a JSON validation. Task: "Supply useful static/editor validation report for prefab references/bones/clips plus clearunverifiedruntime." So a validation that inspects prefab refs (prefab dependencies, bones via SkinnedMeshRenderer.bones, Animator clips) and can be run statically. I'll produce `Integration/validation-report.json` from the builder and include findings in integration-report.md.

   - `public static void Open()`: open the scene `EditorSceneManager.OpenScene(ScenePath)`. "Need expose precise methods Build/Open forroot." So `Build()` and `Open()` public static. Maybe also `BuildAndOpen()`.
   - Menu items optional.

3. Reflection helper for model/environment builders:
   - The types may be in an Editor assembly that isn't compiled yet? They'll be `.cs` under `Model/Editor` and `Environment/Editor`. Reflection at editor time across `AppDomain.CurrentDomain.GetAssemblies()`. Since all editor scripts compile into Assembly-CSharp-Editor, they should be found after compilation. Use `Type.GetType` with assembly-qualified fallback by scanning assemblies for the full name.
   - Throw useful errors: "LadyLakePremiumBuilder: model builder type 'LegacyGwent.LadyLakePremium.Editor.LadyLakeModelBuilder' not found. Expected public static Build() in Assets/Experiments/LadyLakePremium/Model/Editor/. Build the model first."

4. `Assets/Experiments/LadyLakePremium/Integration/Editor/LadyLakePremiumValidator.cs`
   - `public static ValidationReport Validate()`: 
     - Check prefab exists, root name Card, child Pivot.
     - FigureRig/Environment instances present.
     - SkinnedMeshRenderer bones non-empty; count.
     - Animator(s) and runtimeAnimatorController clips names.
     - GripSocket marker.
     - AudioClip reference in Environment.
     - Compute framing numbers and verify art region fits 7.10 world height within tolerance.
     - Mark runtime unverified: list explicit "unverified" items.
     - Write `Integration/validation-report.json` optionally.
   - This is a static/editor validation, no Play.

5. `Assets/Experiments/LadyLakePremium/Integration/Editor/LadyLakePremiumEditorBridge.cs`
   - `[InitializeOnLoad]`, polls `Assets/Experiments/LadyLakePremium/Integration/editor-request.txt` (project-relative absolute via Application.dataPath).
   - Opt-in: only acts when request file exists. Never auto build/play.
   - Commands: `build`, `open`, `play`, `stop`, `capture [path]`, `validate`, `status`, `refresh`.
   - Writes `editor-result.txt` and `editor-state.json` (opt-in: only when request present? The old acceptance wrote state whenever. Task says must be opt-in; writing state every second isn't build/play but it's a side effect. I'll only write state while a session flag is set or when a request arrives. Actually for root's verification it may want status. I'll add a `status` command that writes state on demand, and also write state after each command. Polling itself does nothing if no request. That satisfies "no autorebuildnoplay unlesscommand".)
   - Don't poll too often (1s). Use relative paths under Integration.
   - Capture: if a camera exists, capture via render texture; else ScreenCapture.CaptureScreenshot. Since we use overlay canvas, use ScreenCapture. But ScreenCapture writes to a path relative to project root if relative; we pass an absolute path.
   - Important: `[InitializeOnLoad]` static ctor runs on editor load/compile. It must not do anything unless request present.

   Actually, the requirement "Use EditorApplication filebridge own requestfile Integration/editor-request.txt for build/open/play/stop/capture optional; must be optin no autorebuildnoplay unlesscommand." Could also be interpreted as: the bridge should only be active if an opt-in marker file exists. I'll implement: poll every second; if request file exists, process. No automatic build/play. Additionally, guard against processing while compiling.

6. `Integration/catalog-entry.json` — the DynamicCardEntry JSON with the specified fields, id `lady-lake-authored`, artIds ["c10000000"], prefab "Assets/Experiments/LadyLakePremium/Integration/Card.prefab", audio "Assets/Experiments/LadyLakePremium/Environment/Audio/LadyLakeLoop.wav", pivot "Pivot", fov 35, cameraDistance -11.5, nearClip 1, farClip 300, xStart -6 xEnd 6 yStart -2 yEnd 2, introDuration 12, loopDuration 12, cutTime -1, plus maybe nonRenderingPaths etc. Also sourceVersion "Latest"? The DynamicCardFraming.UsesRendererDefaults checks id only. RestoreSceneFacing checks `entry.prefab.Contains("/Legacy2017/")` — ours doesn't, so no facing restore. Good.

   Wait: `DynamicCardView.Create` does `pivot = model.transform.Find(entry.pivot)`. If entry.pivot = "Pivot", good.

7. `Integration/editor-request.txt` — should it exist? If it exists, the bridge will try to process its content. It should probably NOT exist initially (opt-in). The task says "own requestfile Integration/editor-request.txt". I'll create it? No — create only a README-like `.gitkeep`? If I create it with content, the bridge immediately processes on next editor load. Better to not create it, but document. Hmm, but the file must be the bridge's request file; root will write to it. I'll not create it (or create an empty one? empty would be treated as no command / unknown). Let me make the bridge ignore empty/whitespace content. I'll not create the file. Actually, the deliverable list in the task might expect the file path to exist? "Use EditorApplication filebridge own requestfile Integration/editor-request.txt". It's the interface. I'll create a placeholder file `editor-request.txt` containing a comment? But then bridge reads "..." and errors. I'll make bridge skip content starting with '#' or empty. Safer: create it with `# idle` so it's visible, bridge skips comments and does not delete. Hmm, but then each poll re-reads. Fine. Actually simplest: don't create the file; document that root writes a single command line. But a missing file might be flagged. Let me create `Integration/editor-request.txt` with content `# opt-in: write one command per line (build/open/play/stop/capture/validate/status); this file is ignored while it starts with #`. Bridge: if file content trimmed starts with '#' or is empty → ignore (no delete). Otherwise process and delete.

   Hmm, but the task says "must be optin no autorebuildnoplay unlesscommand". A comment file is fine.

8. `Integration/integration-report.md` — the report.

9. `.meta` files: Unity generates them, but since we're not running Unity, the new .cs and .json files won't have .meta until Unity imports. That's fine; root will let Unity import. But for the editor bridge static ctor to compile, Unity must import. Fine. However, if we reference assets by path (not GUID) in code, no meta needed. The scene/prefab we generate at build time will get metas.

Now, one big question: Build() must be invoked by root in the Unity editor. It creates Card.prefab and LadyLakePremium.unity. Good.

### Framing math

Let me now compute the exact numbers to embed and document.

Given: FOV = 35°, cameraDistance = -11.5 (camera at stagingRoot + (0,0,-11.5)), so d = 11.5. Aspect forced 1.

halfHeight = d * tan(FOV/2) = 11.5 * tan(17.5°) 
tan(17.5°): 17.5° = 0.305432619 rad. tan = 0.3152987889. Let me compute precisely: tan(17.5°). tan18°=0.32492, tan17°=0.30573. Interpolate 17.5 → ~0.31530. Yes 0.3152988.
halfHeight = 11.5 * 0.3152988 = 3.6259362.
fullHeight = 7.2518724.
fullWidth = 7.2518724 (square).

ArtRegion = Rect(0.16602942, 0.0035620682, 0.68260696, 0.98114324).
The RawImage uvRect maps the RT sub-rectangle. UV y=0 at bottom. The region in view space (from bottom-left UV origin):
- xMin_uv = 0.16602942 → view x from left = 0.16603*7.2518724
- xMax_uv = 0.84863638
- yMin_uv = 0.0035620682
- yMax_uv = 0.98470531

Region width world = 0.68260696 * 7.2518724 = 4.950633? compute: 7.2518724*0.682607 = 4.95065. 
Region height world = 0.98114324 * 7.2518724 = 7.115142? 7.2518724*0.98114324: 7.2518724*0.98 = 7.106835; *0.00114324=0.008291; total 7.115126. ≈7.1151.

So the art region is 4.9507 x 7.1151 world units. Contract art is 4.97 x 7.10. The region is slightly taller/narrower. To fit the 4.97x7.10 image entirely (contain) within the region, height is the binding constraint? 7.10 vs 7.115: yes height fits with 0.0151 world margin (0.2%). Width 4.97 vs 4.9507: width does NOT fit — 4.97 > 4.9507 by 0.0193 (0.39%). So a 4.97-wide image would be clipped horizontally by ~0.4%. Hmm. The contract says "effective art 497x710" and "world7.1 high image fits". The binding requirement is height 7.10 fits (yes), width slightly clipped (0.4%). Since the region is derived from original framing for a 497x713 card window, and our art is 497x710, we fit by height (7.10 ≤ 7.115) and accept negligible horizontal crop, or we scale to fit width (then height 7.068 < region, slightly smaller). "so world7.1 high imagefits" → fit height. So we keep world height 7.10 with the region's scale (1:1 px→world 0.01) and the 0.4% width clip is inherent to the original ArtRegion aspect vs 497:710. Document this.

Wait, actually let me reconsider: the ArtRegion corresponds to the card window 497x713 aspect = 1.4346. The art content is 497x710 aspect = 1.4286. The region world aspect = 7.1151/4.9507 = 1.4372. Hmm, region aspect 1.4372 vs 713/497=1.4346 — slight mismatch because the region was computed by projecting a plane. Anyway.

Now positioning: we want the content's 497x710 rectangle (in contract frame: x ∈ [-2.485, 2.485], y ∈ [-3.55, 3.55], if centered at origin). The contract coordinate frame: P(px,py,z)=((px-248.5)/100,(355-py)/100,z). For px=0 → x=-2.485; px=497 → 2.485. For py=0 → y=3.55; py=710 → -3.55. So art center at (0,0,0). Good, matches.

So content center at contract origin. We need content center to appear at the center of the ArtRegion in the RT. The region center in view coords:
- u_center = 0.16602942 + 0.68260696/2 = 0.50733290
- v_center = 0.0035620682 + 0.98114324/2 = 0.49413369

View coordinates relative to camera axis: the RT spans u∈[0,1] left→right, v∈[0,1] bottom→top, mapping to world x offset = (u-0.5)*fullWidth, y offset = (v-0.5)*fullHeight.
- dx = (0.50733290 - 0.5) * 7.2518724 = 0.0073329 * 7.2518724 = 0.053175
- dy = (0.49413369 - 0.5) * 7.2518724 = -0.00586631 * 7.2518724 = -0.042541

So the region center is at world (camera_x + 0.053175, camera_y - 0.042541).

Content center must be placed there. Prefab root Card is at appearanceRoot = stagingRoot + (0,2,0). Pivot is child at local position (px,py,0). Content center = Card + Pivot local (children at local 0) = stagingRoot + (0,2,0) + (px,py,0) = (stagingX + px, stagingY + 2 + py, 0).
Camera at (stagingX, stagingY, -11.5).
Want: stagingX + px = stagingX + 0.053175 → px = 0.053175.
stagingY + 2 + py = stagingY - 0.042541 → py = -2.042541.

So Pivot.localPosition = (0.053175, -2.042541, 0).

Hmm, but is it better to keep Pivot at origin and offset the children? Rotating around the content center is desired. If Pivot at (0.053,-2.043) and children at 0, pivot is at content center in world = region center. Rotating pivot rotates content around content center. 

But wait — the contract coordinate frame's z=0 is the "art plane". The model may have depth (z>0 behind). At the pivot, rotation around x/y is fine.

Also note the appearance offset in DynamicCardView is (0,2,0) and the camera does NOT include it. So our compensation of -2.0425 in Pivot y is exactly "-appearanceoffset+2" adjustment mentioned in the task. Good: "adjust appearanceoffset+2".

Hold on, let me double check the camera position line 280-281:
```
cameraObject.transform.position = stagingRoot.transform.position + new Vector3(0, 0, DynamicCardFraming.CameraDistance(entry, miniature))
    + (miniature ? DynamicCardFraming.AppearanceOffset : Vector3.zero);
```
For preview (not miniature), no appearance offset added. So camera y = stagingRoot.y. Yes.

Now, is `stagingRoot.transform.position` used, or local? It's world position set directly, so yes.

Now also consider: DynamicCardFraming.Apply sets camera.aspect=1 and ResetProjectionMatrix, which uses fieldOfView. Good.

Now potential issue: camera near clip = entry.nearClip. Content at z ∈ [0, ...], camera at z=-11.5, so distance 11.5. nearClip 1, farClip 300 fine.

Another issue: The environment worker's geometry "behind figure z>=.3". Camera at -11.5 looking +z, so z=0.3 is farther than the figure at z=0. Fine.

Now, the "square RT artregion originalframing" — we use the original DynamicCardFraming.ArtRegion as-is (no override). The task: "adjust appearanceoffset+2 and square RT artregion originalframing so world7.1 high imagefits." I interpret: keep the original ArtRegion (don't override framing), and adjust the pivot by appearance offset -2 so a world-7.1-high image fits. Good.

Now, could we instead set `verticalFramingCorrection`? No—that's for the thumbnail/projection and not used in DynamicCardFraming.ArtRegion. There's no per-entry art region override. So offset is the mechanism. Good.

Now, let me reconsider: is it acceptable that the content is centered in the art region via a pivot offset? The pivot is also the rotation pivot; pivotRest = its localRotation (identity). Rotation around region center is desired. Good.

However, one subtlety: `model.transform.Find(entry.pivot)` where entry.pivot="Pivot" and model is the instantiated Card prefab. If Card root has child "Pivot" → find works. Good.

Now, do we even need the "Card" root? The prefab root could be named "Card"; contract says "Build stage Card/Pivot". Could also interpret "Card" as the scene's card prefab. I'll name root "Card" with child "Pivot".

### Prefab references validation

Task: "Supply useful static/editor validation report for prefab references/bones/clips plus clear unverified runtime."

Validation should:
- Load Card.prefab and enumerate dependencies (`AssetDatabase.GetDependencies`).
- Find SkinnedMeshRenderers and their bone counts, root bone names.
- Find Animators and their RuntimeAnimatorController clip names.
- Find the "GripSocket" marker.
- Find AudioSource clip.
- Check all Renderer materials non-null.
- Check no missing scripts (`GameObjectUtility.GetMonoBehavioursWithMissingScriptCount`? Unity 2019 has `GameObjectUtility.GetMonoBehavioursWithMissingScriptCount` maybe not public. Use `GetComponentsInChildren<Component>(true)` where `component == null`? Actually missing scripts show as null components. We can count `obj.GetComponentsInChildren<Component>(true).Count(c=>c==null)`.)
- Check prefab references resolve (no null prefab instances).
- Compute framing math and check |regionHeight-7.115| etc.
- Clearly list "unverifiedRuntime": array of strings (animation visual correctness, catch timing, material look, audio sync, actual Play cost, bundle availability).

I'll write this as a `ValidationReport` serializable class written to `Integration/validation-report.json` and `integration-report.md` embeds a summary.

### Now, the runtime stage — careful about API usage

Let me re-check `DynamicCardView.Bind` signature:
```
public static void Bind(Image image, string id, bool concealed = false, bool largePreview = false, RectTransform wholeCard = null, bool listThumbnail = false, bool playPreviewAudio = true, RectTransform presentationRoot = null, RectTransform portraitBorder = null, bool premium = false)
```
Call:
```
DynamicCardView.Bind(card.CardImg, ArtId, false, true, card.CardBorder.rectTransform, false, false, (RectTransform)card.transform, card.CardBorder.rectTransform, true);
```

Bind: sets view.art=CardImg; view.collectionCard = GetComponentInParent<CardShowInfo>() (null); changed computed. `premiumAllowed=true`. `portraitFrame=CardBorder.rectTransform`. root = presentationRoot (card.transform). Since largePreview && root != null → presentation = root.GetComponent<DynamicCardPresentation>() (we added it) or add. changed=true. wholeCard != null && view.frame != wholeCard → frame=CardBorder.rect, frameRest; adds DynamicCardDragHandle to CardBorder; handle.View=view; handle.enabled = view.preview && view.model != null (model null → disabled). Then changed → view.Refresh().

Refresh: Clear(); if !activeAndEnabled... The component must be active & enabled. Since we AddComponent on CardImg which is active. hidden=false, premiumAllowed=true, DynamicCardSettings.Enabled must be true, artId nonempty. preparing=true; collectionCard null skip; preview && presentation != null && !KeepStaticDuringUpgrade → presentation.Begin() (hides card alpha 0). Then Enqueue.

But Bind adds DynamicCardView via `image.gameObject.AddComponent<DynamicCardView>()`. OnEnable of DynamicCardView runs and calls Refresh() too (art may be null at that point since Bind sets fields after AddComponent; OnEnable is called during AddComponent before art assigned → art==null → Refresh early-returns? Refresh: `if (!isActiveAndEnabled || hidden || !premiumAllowed || !DynamicCardSettings.Enabled || string.IsNullOrEmpty(artId)) return;` artId null → returns. Good.)

So we must ensure DynamicCardSettings.Enabled is true BEFORE Bind. Since we set it in Build before calling Bind. Good.

Important: DynamicCardSettings.Enabled setter sets PlayerPrefs and calls Changed. DynamicCardLibrary.Instance may not exist yet; Enqueue in Refresh calls `DynamicCardLibrary.Instance` which creates the library GameObject. That's fine. It will start LoadCatalog on first Load call (in Create). Good.

Now the sample/scene: The stage's Build() at runtime must find the card. Since the builder creates the card at edit time and serializes the reference, at Play the stage.Awake calls Build() and card is already there. Good. But we also want the scene to be self-sufficient if card ref missing → instantiate from Resources at runtime.

Also, when is `Build()` called? In Awake, the serialized refs are set. Good. But `DynamicCardPresentation.Configure` must be called before Bind. Also `CardImg.sprite` static art set before/after.

Oh wait: ordering issue. `presentation.Configure` moves the card root's children (except Content) into a new "DynamicCardVisualPivot" child. `card.CardBorder.transform` becomes a child of visualPivot. Then Bind(... wholeCard: card.CardBorder.rectTransform ...). Fine. But we must capture CardBorder reference before Configure (it stays valid). Good.

Also note: Configure takes `(RectTransform cardBorder, Transform description)`. It computes projectionDistance. And `visual = ...; visual.position = cardBorder.TransformPoint(cardBorder.rect.center)` — for a UI RectTransform, `TransformPoint` works but `visual` has anchors set... Then it reparents children with worldPositionStays=true. OK, production code.

But Configure's `foreach (Transform child in root) if (description == null || (child != description && !description.IsChildOf(child))) children.Add(child);` — since Content.transform is a child (description), it's excluded. Then visual is created as child of root, and children (including CardBg=CardImg, CardBorder, CardBack) reparented to visual. Good.

Hmm, but Configure is called with `description = card.Content.transform`. Our ArtCard.Content is a CardContent component (fileID 6333374685599534051). Should exist. If null, description=null, and Content would also be moved into visual — acceptable? The old wrapper passed `card.Content != null ? card.Content.transform : null`. I'll do same. Actually in a standalone scene we might want to hide Content (like old wrapper set content.gameObject.SetActive(false)). The old wrapper disabled Content because the rules panel sits outside the card. Should we? The task says "single complete gold-neutral card" and "No debug text overlays". ArtCard prefab's Content is the name/rules panel; in the collection ArtCard, Content is at... Actually ArtCard prefab root 278x385; Content is a child. The old wrapper's ApplyCollectionContext set content.gameObject.SetActive(false). But in ArtCard (the hover detail card), Content is the name/rules text that is part of the card? Let me check: ArtCard.SetCard calls `Content.SetCard(CurrentCore)` and `Content.gameObject.SetActive(...)` in ArtCard.Reverse? No, ArtCard.SetCard doesn't disable content. CardShowInfo does. For ArtCard (detail card), content is shown. Hmm.

Actually the old wrapper's stage used `ApplyCollectionFrame`, which called `ApplyCollectionContext` which disabled Content. But that was because it only wanted the framed card image. The task says "single complete card on Play" and old wrapper is "only reference for correct UIlayout". The ArtCard prefab's Content shows the card name + rules text to the right of the card? Let me check the prefab layout: ArtCard root size 278.83 x 385.8, child CardBg 560x560 at (288.4,-274). Hmm, CardImg is at x=288.4 relative center? For a 278-wide root, that offset places it far right. That seems weird. Actually maybe the ArtCard prefab is a collection row item where CardBorder is at the card and Content is a separate panel.

Hold on, let me reconsider. Actually the CardBg (CardImg) sizeDelta 560x560 at anchoredPosition (288.4, -274) with anchor (0,1). That is odd for a 278-wide card. But the root's local scale may be small... Actually in the collection, ArtCard might be scaled. Hmm.

Let me look at the CardBorder rect in the prefab (fileID 6398285563490468798). Let me grep for it.

Actually, the old wrapper's `FitCardToHost` scaled the card root so its rect height * fraction = host height. And placed card at center. And it disabled Content. And it worked visually (presumably). So I'll mirror: disable Content, set name text? The task says "No debug text overlays" — the card's own name text is not a debug overlay. But "single complete gold-neutral card" suggests the full card frame with art, strength, faction icon. The old wrapper disabled Content (which included name). Hmm, but then card has no name. The old wrapper's `ApplyCollectionContext` set the name text then disabled the whole Content object — so name not shown. That was intentional ("The collection rules panel sits outside the card; this standalone experiment presents only the complete framed card.").

I'll follow the old wrapper: disable Content to present only the framed card. Actually wait, is Content inside the visible card area or outside? If it's outside, disabling it removes clutter (good, no text overlays). If inside, disabling removes name (bad). The old wrapper's comment says outside. I'll trust it and disable Content, but keep the reference. This also avoids DependencyResolver (no localization).

Actually, hold on: The task says the ArtCard usage differs from CardShowInfo. For ArtCard (detail card), Content is set via `Content.SetCard(_currentCore)` in CurrentCore setter. But we don't set CurrentCore. We manually populate name/strength. The safest and closest to "collection ArtCard usage": replicate ArtCard.SetCard's frame logic without the dependency on CardStatus/Content.SetCard:
- presentation.Configure
- CardImg.raycastTarget=false; CardBorder.raycastTarget=true
- Bind(...)
- set CardBorder.sprite = GoldBorder (Gold)
- FactionIcon.sprite = NeutralGoldIcon (Neutral Gold)
- StrengthShow active, Strength.text = "25"
- Armor/Countdown off
And for Content: disable it (like old wrapper) to avoid localized rules panel. But ArtCard.SetCard does NOT disable Content. Hmm.

I think disabling Content is safer for "single complete card" and avoids null string issues. But is the name part of "complete card"? The card frame in Gwent doesn't include the name on the card art; the name is on a separate banner below. The ArtCard prefab's Content is the banner. In the collection, `CardShowInfo` uses a different prefab. For ArtCard, Content is likely the name banner attached below the card. Since we present only the card, disabling is consistent with old wrapper.

Hmm, but the task says "Need call actual DynamicCardView.Bind on ArtCard.CardImg" and "actual goldneutralassets". It doesn't mention name text. I'll disable Content and document.

Actually, wait. Let me reconsider - maybe keep Content enabled but set text via `info`? Without GwentMap, we can hardcode "湖中仙女" / "Lady of the Lake"? That's inventing content. The old wrapper used GwentMap.CardMap["70006"] to get name. GwentMap is a static client table; is it safe to access in a standalone scene? The old wrapper used try/catch because it might need initialization. Actually `GwentMap.CardMap` is a static dictionary built by reading some data? Let me check GwentMap. If it's purely static from code, accessing it is fine and gives real name "湖中仙女", strength 25, Group Gold, Faction Neutral. That would be "actual goldneutralassets" data. But the task doesn't require name text. Hmm.

Given time constraints, I'll mirror the old wrapper's `ApplyCollectionFrame` logic but include GwentMap lookup in a try/catch (it's a client static table, no DependencyResolver). And I'll disable Content like old wrapper to present only the card. Actually, the old wrapper set Content texts then disabled Content. That's contradictory but harmless.

Let me simplify: 
- `ApplyGoldNeutralFrame(card)`:
  - CardImg.raycastTarget=false; CardBorder.raycastTarget=true
  - card.CardBorder.sprite = card.GoldBorder (if both non-null)
  - card.FactionIcon.sprite = card.NeutralGoldIcon
  - card.StrengthShow.SetActive(true); card.Strength.text="25"
  - card.ArmorShow.SetActive(false); card.CountdownShow.SetActive(false)
  - card.CardBack.gameObject.SetActive(false)
  - if card.Content != null: card.Content.gameObject.SetActive(false)  // keep the framed card only, no text overlay
- This uses only prefab serialized assets → "preserve original artcard prefab asset refs", no invented assets.

Wait, but "Strength.text = 25" needs a value. GwentMap 70006 Strength=25. Hardcoding 25 is fine and documented (from research). Or use GwentMap if available. I'll try GwentMap in try/catch and default 25. Keep it simple but robust.

Hmm, actually accessing `GwentMap.CardMap` — is it a static readonly initialized inline? The old wrapper tried and caught exceptions. Let me not risk it and just hardcode 25 with a comment referencing GwentMap.cs:11253. Actually "actual goldneutralassets" - fine.

Now, let me also consider: do we need `PremiumCardAppearance`? Task says actual goldneutralassets, and premium=true to Bind. PremiumCardAppearance requires CardStatus. Skip it. Document.

### Runtime diagnostics / unverified

I'll add a `LadyLakePremiumStage.Diagnostics()` returning a JSON with:
- dynamicEnabled (DynamicCardSettings.Enabled)
- libraryHasArt? Can't access private entries. Hmm. Instead, check after N seconds whether the DynamicCardView has a model. DynamicCardView exposes internal RenderTarget, IsPresentationReady. Are those accessible? `internal` — same assembly? Our code is in Assembly-CSharp (Assets/Experiments/.../Runtime), while DynamicCardView is in Assets/DynamicCards/Runtime → Assembly-CSharp too (no asmdef presumably). Let me check for asmdef files. If none, all runtime scripts are in Assembly-CSharp, so `internal` members are accessible! Let me verify.

Actually DynamicCardView is `namespace Assets.Script.DynamicCards`, class `public sealed`. Its `internal bool IsPresentationReady`, `internal RenderTexture RenderTarget`, `internal bool IsPreview`. If same assembly, we can access. But relying on internal members is fragile. I'll use public API where possible: `DynamicCardView.Bind` is public. For diagnostics, use reflection or just check `CardImg.GetComponentsInChildren<RawImage>()` for the dynamic surface, and whether it's enabled. Better: find `DynamicCardView` component and use public `IsDragging`. Hmm, not enough. I can use C# reflection to read `IsPresentationReady` property (non-public). But task forbids "reflection injections of fake private Library entries" — not reflection for diagnostics. Still, safer: check for the existence of a child named "Dynamic art" under CardImg and whether it's active. That's a public observable.

I'll implement diagnostics by looking for the "Dynamic art" RawImage under CardImg and `IsPresentationReady` via reflection (read-only). Actually simplest: use reflection to call the internal property getter; it's read-only diagnostics. Fine.

Actually, I realize we can access internal members directly if same assembly. Let me check asmdef presence.

Let me glob for .asmdef.
dsh: reasoning:
No asmdefs → everything in Assembly-CSharp / Assembly-CSharp-Editor. So internal members of DynamicCardView are accessible from my runtime code. But to be safe and decoupled, I'll use reflection-free direct access since same assembly. Actually wait: Editor scripts are in Assembly-CSharp-Editor, runtime in Assembly-CSharp. My runtime stage is in Assets/Experiments/.../Runtime → Assembly-CSharp. Same as DynamicCardView. Good, internal access works.

Let me double check DynamicCardView fields exposed: `internal bool IsPresentationReady`, `internal RenderTexture RenderTarget`, `internal bool IsPreview`, `internal long RenderCount`. `RenderTarget` gives access to texture. Good for diagnostics. Also `IsDragging` public.

Now, `DynamicCardView` is added by Bind to CardImg. I can get it via `card.CardImg.GetComponent<DynamicCardView>()`.

Now let me check `DynamicCardEffects`/`SourceControllers` briefly to ensure my entry fields are valid (empty arrays vs null). Since DynamicCardView.Create does:
```
effects.Initialize(entry); // handles null arrays?
```
Let me check Initialize to ensure null arrays don't NRE. If entry fields are absent in JSON, JsonUtility sets them to null (for arrays). Existing entries have `particleEvents: []` etc. To be safe, my catalog-entry.json should include empty arrays for: particleEvents, uvMotions, transformPairs, viewMotions, cameraParents, jiggles, wiggles, materialValues, initialTransforms, nonRenderingPaths. Let me check DynamicCardEffects.Initialize for null handling.
dsh: reasoning:
Good, null-safe.

Now DynamicCardSourceControllers — check null handling quickly to be safe.

Actually, let me just include empty arrays in the entry JSON to mirror existing entries. JsonUtility will produce empty arrays, not null.

Now, one more crucial consideration: The entry's `prefab` path. In `DynamicCardView.Create`, `Instantiate(prefab, appearanceRoot.transform, false)`. The prefab is loaded by DynamicCardLibrary. If the root chooses source loading (AssetDatabase), the prefab path must be a valid asset path. If bundle, must be a bundled asset name. The catalog entry path specified in the contract is Integration/Card.prefab. Fine.

Also DynamicCardLibrary.Load in editor with bundle: `part.Prefabs.TryGetValue(entry.prefab, out prefab)` where prefabParts keys are from index parts `item.prefabs`. The bundle builder writes `prefabs = group.Select(c => c.prefab)`. So it uses the catalog path. Good.

Now let's think about whether `DynamicCardView.Create` will work with a prefab root named "Card" containing nested prefab instances. It does `model = Instantiate(prefab, appearanceRoot.transform, false)`. Then `foreach (Transform child in model.transform) if (child.localPosition.sqrMagnitude > 1000000) child.localPosition = Vector3.zero;`. Our Pivot localPosition ~(0.05,-2.04,0) → fine.

`NormalizeStageRoot` same.

`RestoreSceneFacing`: entry.prefab doesn't contain "/Legacy2017/" → returns. Good (no accidental flip).

`pivot = model.transform.Find("Pivot")` → found. pivotRest = localRotation.

Then `renderCamera.fieldOfView = entry.fieldOfView` (35). `Apply(renderCamera, entry, false)` → sets aspect 1, ResetProjectionMatrix. UsesRendererDefaults checks id ("lady-lake-authored") → false. Good.

Then RawImage surface, anchor rect, uvRect = ArtRegion(entry) = constant.

Then `AlignPreviewPortrait()`: uses portraitFrame (CardBorder) and surface corners to move surface vertically so its top aligns with portraitFrame top minus 2% width. This is production behavior for the collection. Hmm — this shifts the dynamic art surface to align with the CardBorder. Since we use the real ArtCard, this is correct collection behavior. Good — we don't need to manage that.

Then animator rebind, particles, effects init, sourceControllers init, RenderCard. 

Potential problem: The model prefab (FigureRig) may contain its own Animator with Intro/Loop. Rebind/Update(0) sets the initial pose. The environment may have an Animator too. Good.

Now, another issue: `entry.cutTime` default in JSON. If I omit, JsonUtility gives 0 (not -1), and `ApplyCut` would run with `entry.cutTime < 0` false → tries to find beforeCut/afterCut (null) → `DynamicCardPaths.Find(root, null)` returns null; then `beforeCutGroup==null` etc. It sets cutKnown=true, cutApplied=after. Since entry.cutTime=0, at age>=0 → after=true; groups null, meshes null. Harmless but wasteful. Better set cutTime=-1 explicitly. I will.

Now, let me also verify `DynamicCardSourceControllers.Initialize(entry, camera.transform)` handles null arrays. Let me quickly read it.
dsh: reasoning:
Null-safe. Good.

Now let me check `DynamicCardPostEffect` and `DynamicCardAnimatedMaterialProperty` presence in prefabs — not needed.

Now, let me plan the todo list and start writing. Given the ~20 min budget, I need to move fast but carefully.

Let me first check whether Model/Environment builders already exist (concurrent workers may have created them). Glob showed only Documentation and Model/Generated/analysis so far. So not yet. Our code must handle absence gracefully at Build time (throw useful error). But for the final report I should note the concurrent status.

Let me set up todos.

Actually, I need to also consider: "Build method reflectioncallsModel/EnvironmentBuild; throws useful error if absent." So Build() must call both. But if the concurrent workers haven't produced them yet, Build() will throw — that's expected and useful. But the root will run Build after workers finish.

However, I also need to generate `catalog-entry.json`, the scene, etc. The scene and prefab require the model/env prefabs to exist. So `Build()` can't complete now. That's fine; root runs it.

But the deliverable "standalone scene Assets/Experiments/LadyLakePremium/Integration/LadyLakePremium.unity" won't exist until root runs Build(). That's acceptable? The task says "Deliver ... standalone scene". Hmm. Since Unity isn't available to me and prefabs absent, I can't generate the scene asset myself. I should provide the Build() method that generates it, plus a hand-written scene? A .unity file is YAML and could be hand-authored, but referencing the ArtCard prefab instance by GUID and scripts by GUID requires knowing GUIDs of my new scripts (which don't exist until Unity imports them). So hand-authoring the scene is impractical. The intended flow: root runs Build() in Unity to generate scene+prefab. The task explicitly says "Root handles Unity execution/integration" (contract line 5) and "Main root reviews and requests repairs" and "ActualScenePlay should work afterRootproperpackagesauthoring." So yes, Build() generates.

I could additionally include a fallback runtime bootstrap that builds the UI hierarchy at runtime if the scene hierarchy is missing, but the scene itself is generated. Fine.

Now let me also make sure the builder sets up the scene so that at Play it works. Should the scene contain the assembled Card.prefab instance? No! The 3D Card.prefab is loaded by DynamicCardLibrary at runtime, not placed in the scene. The scene contains the UI (Canvas, ArtCard) only. Good.

Let me now also decide how the builder creates the nested prefab instances for Card.prefab. `PrefabUtility.InstantiatePrefab(modelPrefab, pivotTransform)` returns a GameObject that is a prefab instance; then `PrefabUtility.SaveAsPrefabAsset(root, path)` creates a prefab with nested prefab instances. This works in Unity 2019.4. Good. Need `using UnityEditor;` and `PrefabUtility`.

Alternatively, `Object.Instantiate` would break the prefab link. Use PrefabUtility.

Then scene: `EditorSceneManager.NewScene(NewSceneSetup.EmptyScene, NewSceneMode.Single)`, create objects, `EditorSceneManager.SaveScene(scene, ScenePath)`.

For the ArtCard instance in the scene: `PrefabUtility.InstantiatePrefab(artCardPrefab, cardHost)` → preserves link. Set RectTransform anchors to center, anchoredPosition zero, localScale one. Then configure stage.

Now, creating a new scene will discard the currently open scene. That could be destructive if root has unsaved work. To be safe, `Build()` should create the scene additively or open the scene after saving. Hmm. The standard approach: `EditorSceneManager.NewScene(NewSceneSetup.EmptyScene, NewSceneMode.Single)` prompts to save modified scenes. In batch mode no prompt. Alternatively, build the scene contents in a temporary additive scene then save and close. That's cleaner:
```
var scene = EditorSceneManager.NewScene(NewSceneSetup.EmptyScene, NewSceneMode.Additive);
SceneManager.MoveGameObjectToScene(go, scene);
...
EditorSceneManager.SaveScene(scene, path);
EditorSceneManager.CloseScene(scene, true);
```
Additive empty scene with no camera. Then close. This avoids disturbing the user's open scene. Good. But `Build()` also creates prefab assets (AssetDatabase operations) — fine.

Actually, adding objects to an additive scene: `EditorSceneManager.MoveGameObjectToScene(go, scene)` then set active scene? For a scene with an EventSystem and canvas, it's fine.

Hmm, `NewSceneMode.Additive` creates a scene but does it make it active? No, active stays. SaveScene(scene, path) works. CloseScene removes it. Good.

But careful: `PrefabUtility.InstantiatePrefab(prefab, parent)` where parent is in the additive scene — fine.

Let me also add the backdrop and canvas. Actually, should the canvas be Screen Space Overlay? If the newly created scene is additive and immediately closed after save, no issue.

For the "capture" command, the scene must be open and playing. Overlay canvas capture via ScreenCapture works in the editor Game view.

Let me decide the canvas render mode: **Screen Space - Overlay**. Simpler, no camera. But the old wrapper used Screen Space Camera and the task says old wrapper is reference for UI layout. Hmm. With Overlay, the CanvasScaler reference resolution 1600x900 and match 0.5, cardHost stretched, card centered, card height fraction 0.72. That's the same layout. I'll go Overlay and document the deviation (no presentation camera needed; avoids extra camera; DynamicCardPresentation's overlay perspective path is exactly designed for overlay canvases — its comment says "Overlay canvases need the same projective divide"). Actually this is a point in favor of Overlay: DynamicCardPresentation explicitly supports overlay. Good.

Wait, but for overlay, `DynamicCardView.IsVisible` uses `ScreenBounds` with camera=null → RectTransformUtility.WorldToScreenPoint(null, corner) which for overlay works. Good.

Now EventSystem: add `EventSystem` + `StandaloneInputModule` if none in scene. Since we build a fresh additive scene, there's none → add.

Now: "No debug text overlays." So backdrop Image with no text. Good. No Text except ArtCard's own (Content disabled).

Now, let me write the code. I'll be thorough but efficient.

Let me define the framing constants as computed by a shared static helper `LadyLakePremiumFraming` in Runtime so both builder/validator/stage use it.

```
public static class LadyLakePremiumFraming
{
    public const float FieldOfView = 35f;
    public const float CameraDistance = -11.5f; // matches catalog-entry.json
    // Original DynamicCardFraming.ArtRegion, copied as documented constants (must equal ArtRegion(entry)).
    public const float ArtRegionX = .16602942f, ArtRegionY = .0035620682f, ArtRegionW = .68260696f, ArtRegionH = .98114324f;
    public const float FrameWidthUnits = 4.97f;   // 497 px / 100
    public const float FrameHeightUnits = 7.10f;  // 710 px / 100
    public const float AppearanceOffsetY = 2f;
    public static float HalfHeight(float distance) => Mathf.Tan(FieldOfView * .5f * Mathf.Deg2Rad) * Mathf.Abs(distance);
    public static Vector2 PivotOffset() { ... returns (dx, dy) ... }
}
```
Compute dx, dy at runtime with the same formula. But the builder needs exact values; runtime computes same.

Let me define:
```
public static Vector3 PivotLocalPosition()
{
    float half = HalfHeight(CameraDistance);
    float full = half * 2f;
    float u = ArtRegionX + ArtRegionW * .5f;
    float v = ArtRegionY + ArtRegionH * .5f;
    float dx = (u - .5f) * full;
    float dy = (v - .5f) * full - AppearanceOffsetY;
    return new Vector3(dx, dy, 0f);
}
```
dx = 0.0531757, dy = -2.0425412.

Then `ArtRegionWorldHeight = ArtRegionH * full` ≈ 7.1151 and `ArtRegionWorldWidth = ArtRegionW*full` ≈ 4.9507.

Good.

Now the required world height 7.10 fits (7.10 <= 7.1151). Document.

Now the "square RT artregion original framing" - we should not change ArtRegion. But perhaps assert that our shared constants equal `DynamicCardFraming.ArtRegion(entry)` at validation (can't call internal? DynamicCardFraming is `internal static` in Assets.Script.DynamicCards, same assembly → accessible from runtime assembly but the validator is in Assembly-CSharp-Editor which references Assembly-CSharp; internal is not accessible across assemblies unless InternalsVisibleTo. Hmm! Editor assembly is a different assembly. `internal` members of Assembly-CSharp are NOT accessible from Assembly-CSharp-Editor by default. Wait, is that true? Unity's Assembly-CSharp-Editor references Assembly-CSharp, and internal access requires InternalsVisibleTo. I don't think Unity adds that. So editor scripts cannot access internal members. But runtime scripts (both in Assembly-CSharp) can.

So my runtime `LadyLakePremiumStage` (Assembly-CSharp) can access DynamicCardView's internals. My editor validator (Assembly-CSharp-Editor) cannot access DynamicCardFraming (internal) or DynamicCardView internals. Fine—validator will duplicate the ArtRegion constants and cross-check via reflection or just literal.

Actually, the builder is in Assembly-CSharp-Editor, and the runtime framing helper is in Assembly-CSharp (public) → accessible. Good.

Wait: will runtime stage access `DynamicCardView.RenderTarget` (internal)? Same assembly → yes. But careful: if my runtime file is under Assets/Experiments/.../Runtime and there are no asmdefs, it's Assembly-CSharp. Yes.

Now, is there any asmdef in the project at all? glob found none. Good.

Now, editor bridge in Assembly-CSharp-Editor. It invokes `LadyLakePremiumBuilder.Build()` (same editor assembly). Good.

Now let's write files. I'll start with the runtime framing + stage, then editor builder/validator/bridge, then JSON and report.

Let me create a todo list first.

One more thing: the runtime stage needs to reference `ArtCard` (global namespace, Assembly-CSharp) — fine. `Assets.Script.DynamicCards.DynamicCardView`, `DynamicCardPresentation`, `DynamicCardSettings` — fine.

Let's also handle: `DynamicCardSettings.Enabled = true` restores on OnDestroy. But the stage's OnDestroy runs when the scene unloads (stopping play). Good. Also I'll store the previous `DynamicCardQuality` and only restore if we changed it.

But wait: the game's real user setting. If the user had DynamicCards enabled (High), we don't change. If disabled (Off), we set High and restore Off. Good.

Hmm, but `DynamicCardSettings.Enabled=true` sets PlayerPrefs and saves. On restore we set back to Off which also saves. Acceptable and documented ("No changing global userprefs without restore").

Actually, is it better to avoid PlayerPrefs entirely? We can't—the only API is the property. So set/restore.

Now: Also we should ensure the ArtCard's `CardBorder` has a `DynamicCardDragHandle`. Bind adds it to wholeCard. Good.

Now, `DynamicCardView` requires `premiumAllowed=true` (passed), `DynamicCardSettings.Enabled` true.

Now, the static art: The builder sets `stage.staticArt = AssetDatabase.LoadAssetAtPath<Sprite>("Assets/Addressables/Cards/c10000000.png")` and also assigns `card.CardImg.sprite = staticArt` at edit time (so the scene shows static art). At runtime Build(), if `card.CardImg.sprite == null && staticArt != null` set it. Also we could kick Addressables load. I'll also add an async Addressables fallback to mirror CardShowInfo. Actually to keep dependencies minimal, serialized sprite is enough. But the scene's ArtCard instance sprite assignment at edit time: `card.CardImg.sprite = staticArt` modifies the scene instance (not the prefab asset) → "Preserve original ArtCard prefab asset refs" means don't modify the prefab asset. Setting the instance's sprite is fine. Actually it creates an override on the prefab instance. That's acceptable.

Hmm, but the old builder did exactly `stage.card.CardImg.sprite = AssetDatabase.LoadAssetAtPath<Sprite>(...)` and SetDirty. Good.

Now: should I also load the static art via Addressables at runtime to be safe? The serialized reference survives. I'll add a defensive Addressables load only if both are null, guarded by try/catch and `#if` not needed. Addressables is available. But calling Addressables in a bare scene might log errors if not initialized; it auto-initializes. I'll skip Addressables to reduce risk and rely on serialized ref. Document.

Now, the DynamicCardView.Bind sets `view.premiumAllowed = premium` and `changed` includes premium. Good.

Another subtlety: `DynamicCardView.Bind` also handles `collectionCard = image.GetComponentInParent<CardShowInfo>()`. Our ArtCard has no CardShowInfo, so null. In `IsVisible`, since presentation != null, it uses `presentation.AncestorsVisible(art.transform)`. Good.

But during `Refresh`, `if (collectionCard != null) collectionCard.UpdateCollectionVisibility();` skipped. Good.

Now, there's a risk: `DynamicCardLibrary.Instance.Enqueue(this, version)` → `if (view.IsPreview && !creating && !collecting && view.IsCurrent(version) && view.IsVisible())`. `IsVisible()` requires `art.isActiveAndEnabled` and canvas active, and `presentation.Waiting` true → checks AncestorsVisible. presentation.Begin() sets group.alpha=0, waiting=true. AncestorsVisible walks up from art and finds the group; `(cg == group && waiting ? alpha : cg.alpha) <= .001f` → alpha is the ORIGINAL alpha saved before hiding (1). So returns true. Good. So it starts CreateOne immediately (preview). Good.

`CreateOne` sets backgroundLoadingPriority Normal, then `view.Create(version)`. `Create` → CanCreate → IsCurrent → checks `premiumAllowed`, `DynamicCardSettings.Enabled`. Good.

Then `Load(artId,...)`: in editor with bundle ready, loads from bundle. If our entry isn't in the bundle → complete(null,null,null) → prefab null → `preparing=false; presentation.Reveal(false)` → card visible with static art. Good.

Now, `presentation.Reveal(false)` restores alpha and `animating=false`. Good.

Now let me also double-check `DynamicCardPresentation.Configure` is safe on the ArtCard prefab instance. It creates a "DynamicCardVisualPivot" and reparents children. It uses `foreach (Transform child in root)` while modifying children — but it collects into a list first, then reparents. Good. `visual.anchorMin = visual.anchorMax = root.pivot;` root.pivot = (0.5,0.5) for ArtCard. `visual.sizeDelta = root.rect.size` (278.83, 385.8). `visual.position = cardBorder.TransformPoint(cardBorder.rect.center)`. Then reparent children with worldPositionStays=true. Fine.

Then `projectionDistance = height * .5f / tan(35/2)`, height = visual.InverseTransformVector(cardBorder.TransformVector(up*cardBorder.rect.height)).magnitude. fine.

Now if the provided ArtCard prefab instance has `Content` as a child of root, and we later do `card.Content.gameObject.SetActive(false)`, that's fine.

But note: after Configure, Content is still a direct child of root (excluded). Good.

Now, one issue: If `Build()` is called and `presentation.Configure` was already called (scene saved with the visual pivot), calling again returns early (`if (visual != null || cardBorder == null) return;`). But at Play, the scene instance already has the visualPivot serialized? Wait — the scene is saved *without* playing, so Configure was called at build time? I planned to call Configure only at runtime in Build(). If the builder also calls `ApplyGoldNeutralFrame` at edit time, should it call Configure? The old wrapper's `Install` did NOT call Configure at edit time; it only added the DynamicCardPresentation component. Configure was called at runtime in `LadyLakeCardStage.Build()`. But ArtCard.SetCard calls Configure. Hmm. If the scene is saved with the card children NOT reparented, then at runtime Configure reparents — fine.

But actually, if I call Configure at edit time and save the scene, the visual pivot structure is serialized; at runtime Configure returns early (visual != null) — also fine, and more faithful to ArtCard.SetCard usage. But Configure also creates a glow child and registers graphics. At edit time that would create child objects. Either way works. To keep the saved scene clean and deterministic, I'll call Configure only at runtime (like old wrapper) and not at edit time. But then the "correct UIlayout" at edit time doesn't show the pivot. Fine.

Wait, but `presentation` component is added at edit time to the card (serialized) so the scene has it. At runtime, `Build()` gets it (or adds). Then Configure. Good.

Now, about "actualcollection ArtCard usages": ArtCard.SetCard calls Configure then Bind. We do the same. Good.

Let me now write the runtime stage. I need to be careful with Unity 2019 C# (C# 7.3). Avoid `??=`, target-typed new, etc. Use explicit types.

Let me write `LadyLakePremiumFraming.cs`, `LadyLakePremiumStage.cs`.

Also a small `LadyLakePremiumSnapshot` serializable struct for diagnostics.

Let me write now.

Runtime stage logic:

```csharp
using System;
using System.Collections;
using Assets.Script.DynamicCards;
using UnityEngine;
using UnityEngine.EventSystems;
using UnityEngine.SceneManagement;
using UnityEngine.UI;

namespace LegacyGwent.LadyLakePremium
{
    [DisallowMultipleComponent]
    public sealed class LadyLakePremiumStage : MonoBehaviour
    {
        public const string CollectionCardPrefab = "Prefab/Cards/ArtCard";
        public const string ArtId = "c10000000";
        public const int CardStrength = 25;

        [Header("Wiring (written by LadyLakePremiumBuilder)")]
        public ArtCard card;
        public RectTransform cardHost;
        public Sprite staticArt;
        [Range(.2f, 1f)] public float cardHeightFraction = .72f;

        [Header("Diagnostics")]
        public bool buildOnAwake = true;
        public bool enableDynamicCards = true;

        private bool ready;
        private float appliedScale = -1f;
        private bool changedQuality;
        private DynamicCardQuality previousQuality;
        private float startedAt;
        private bool reported;

        public bool IsReady { get { return ready; } }
        public ArtCard Card { get { return card; } }
        public DynamicCardView View { get { return card != null && card.CardImg != null ? card.CardImg.GetComponent<DynamicCardView>() : null; } }

        private void Awake() { if (buildOnAwake) Build(); }
        private void OnDestroy() { RestoreSettings(); }

        public void Build()
        {
            if (ready) return;
            if (card == null) card = GetComponentInChildren<ArtCard>(true);
            if (card == null) card = CreateCollectionCard();
            if (card == null) { Debug.LogError("[LadyLakePremium] ArtCard unavailable ..."); return; }
            if (card.CardImg == null || card.CardBorder == null) { Debug.LogError(...); return; }
            ApplyGoldNeutralFrame(card);
            var presentation = card.GetComponent<DynamicCardPresentation>();
            if (presentation == null) presentation = card.gameObject.AddComponent<DynamicCardPresentation>();
            presentation.Configure(card.CardBorder.rectTransform, card.Content != null ? card.Content.transform : null);
            EnableDynamicCards();
            DynamicCardView.Bind(card.CardImg, ArtId, false, true, card.CardBorder.rectTransform, false, false,
                (RectTransform)card.transform, card.CardBorder.rectTransform, true);
            EnsureEventSystem();
            ready = true;
            startedAt = Time.realtimeSinceStartup;
        }
        ...
    }
}
```

Wait: `CreateCollectionCard()` at runtime needs a parent: find/create cardHost. If cardHost null, find/create a Canvas host. Since the scene is generated, cardHost is set. But defensive: `if (cardHost == null) cardHost = GetComponentInChildren<RectTransform>()`? Hmm. I'll require cardHost serialized; if null, find any RectTransform child named "CardHost".

Actually let me implement `EnsureHost()`: if cardHost==null, create "CardHost" under the Canvas (find Canvas via GetComponentInChildren<Canvas> or add). Keep it simple: the builder always sets it.

Now `EnableDynamicCards`:
```
if (!enableDynamicCards) return;
if (DynamicCardSettings.Enabled) return;
previousQuality = DynamicCardSettings.Quality;
DynamicCardSettings.Enabled = true;
changedQuality = true;
```
Restore:
```
if (changedQuality) { DynamicCardSettings.Quality = previousQuality; changedQuality=false; }
```
But note DynamicCardSettings.Enabled=false when Quality=Off. Setting Quality=previousQuality (Off) restores. Good.

Now `ApplyGoldNeutralFrame`:
```
if (card.CardImg != null) card.CardImg.raycastTarget = false;
if (card.CardBorder != null) { card.CardBorder.raycastTarget = true; if (card.GoldBorder != null) card.CardBorder.sprite = card.GoldBorder; }
if (card.FactionIcon != null && card.NeutralGoldIcon != null) card.FactionIcon.sprite = card.NeutralGoldIcon;
if (card.CardBack != null) card.CardBack.gameObject.SetActive(false);
if (card.StrengthShow != null) card.StrengthShow.SetActive(true);
if (card.Strength != null) card.Strength.text = CardStrength.ToString();
if (card.ArmorShow != null) card.ArmorShow.SetActive(false);
if (card.CountdownShow != null) card.CountdownShow.SetActive(false);
if (card.Content != null) card.Content.gameObject.SetActive(false);
if (staticArt != null && card.CardImg != null) card.CardImg.sprite = staticArt;
```
Hmm — GoldBorder/FactionIcon could be null if ArtCard prefab refs are missing; we only set when both non-null.

Actually `card.GoldBorder` is a public Sprite field; `card.CardBorder` Image. Check both.

Now LateUpdate FitCardToHost (like old wrapper). That's UI layout, not player/camera/drag. Actually is it "cloning"? It's a small scaling helper. The task says old wrapper only reference for correct UIlayout, so this is explicitly sanctioned.

Actually, do we even need FitCardToHost? If the canvas is 1600x900 and the card root is 278x385, the card would be small. The old wrapper scaled it to 72% of host height. Without it the card is tiny. So yes include.

Now diagnostics:
```
public string Describe() { return JsonUtility.ToJson(Snapshot()); }
public LadyLakePremiumSnapshot Snapshot()
{
    var view = View;
    var snapshot = new LadyLakePremiumSnapshot();
    snapshot.ready = ready;
    snapshot.artId = ArtId;
    snapshot.dynamicCardsEnabled = DynamicCardSettings.Enabled;
    snapshot.viewPresent = view != null;
    snapshot.dynamicArtPresent = card != null && card.CardImg != null && card.CardImg.transform.Find("Dynamic art") != null;
    snapshot.presentationReady = view != null && view.IsPresentationReady;   // internal, same assembly
    snapshot.renderTarget = view != null && view.RenderTarget != null && view.RenderTarget.IsCreated();
    snapshot.dragging = view != null && view.IsDragging;
    snapshot.staticArt = card != null && card.CardImg != null && card.CardImg.sprite != null;
    snapshot.goldFrame = card != null && card.CardBorder != null && card.GoldBorder != null && card.CardBorder.sprite == card.GoldBorder;
    snapshot.neutralGold = card != null && card.FactionIcon != null && card.NeutralGoldIcon != null && card.FactionIcon.sprite == card.NeutralGoldIcon;
    snapshot.cardName... 
    snapshot.strength = card != null && card.Strength != null ? card.Strength.text : null;
    snapshot.pivotLocalPosition = LadyLakePremiumFraming.PivotLocalPosition();
    snapshot.artRegionWorldHeight = LadyLakePremiumFraming.ArtRegionWorldHeight();
    ...
}
```
`view.IsPresentationReady` is `internal` — accessible same assembly. `view.RenderTarget` internal. Good. But wait, is `RenderTarget` `internal RenderTexture RenderTarget`? Yes.

Hmm, but if `premiumAllowed` false... we pass true.

Now, in LateUpdate, after dynamic becomes ready (or fails), log once a clear status with the bundle precedence guidance if not ready after N seconds. Let me add:
```
private void LateUpdate()
{
    if (!ready) return;
    FitCardToHost();
    if (!reported && Time.realtimeSinceStartup - startedAt > 3f)
    {
        reported = true;
        var view = View;
        if (view == null || !view.IsPresentationReady || view.RenderTarget == null)
            Debug.LogWarning("[LadyLakePremium] Dynamic card did not become ready for art " + ArtId + ". ... root must merge Integration/catalog-entry.json and rebuild the editor bundle (bundled cache takes precedence over source fallback) ...");
        else Debug.Log("[LadyLakePremium] Dynamic card ready for " + ArtId + ".");
    }
}
```
Wait, IsPresentationReady is `!preparing`. If the load failed, preparing=false → IsPresentationReady=true, but RenderTarget null (no surface). So check both. `view.RenderTarget` null means not loaded. Good.

Now `FitCardToHost` uses `((RectTransform)card.transform).rect.height`. Good.

Now editor builder details.

`LadyLakePremiumBuilder`:
```
using System;
using System.Linq;
using System.Reflection;
using UnityEditor;
using UnityEditor.SceneManagement;
using UnityEngine;
using UnityEngine.EventSystems;
using UnityEngine.SceneManagement;
using UnityEngine.UI;
using Assets.Script.DynamicCards;

namespace LegacyGwent.LadyLakePremium.Editor
{
    public static class LadyLakePremiumBuilder
    {
        public const string Root = "Assets/Experiments/LadyLakePremium";
        public const string Integration = Root + "/Integration";
        public const string ModelPrefab = Root + "/Model/FigureRig.prefab";
        public const string EnvironmentPrefab = Root + "/Environment/Environment.prefab";
        public const string AssembledPrefab = Integration + "/Card.prefab";
        public const string ScenePath = Integration + "/LadyLakePremium.unity";
        public const string CatalogEntryPath = Integration + "/catalog-entry.json";
        public const string ReportPath = Integration + "/integration-report.md";
        public const string ValidationJsonPath = Integration + "/validation-report.json";
        public const string ArtCardPrefab = "Assets/Resources/Prefab/Cards/ArtCard.prefab";
        public const string StaticArtPath = "Assets/Addressables/Cards/c10000000.png";

        public static void Build() { BuildInternal(); }
        public static void Open() { EditorSceneManager.OpenScene(ScenePath); }
        public static void BuildAndOpen() { BuildInternal(); Open(); }
        ...
    }
}
```
Wait: ModelPrefab path per contract: Assets/Experiments/LadyLakePremium/Model/FigureRig.prefab. Environment/Environment.prefab. Good.

`BuildInternal()`:
1. `InvokeWorker("LegacyGwent.LadyLakePremium.Editor.LadyLakeModelBuilder", "Build", "model");`
2. `InvokeWorker("...LadyLakeEnvironmentBuilder", "Build", "environment");`
3. Load prefabs → throw if null.
4. `BuildAssembledPrefab(model, env)`.
5. `BuildScene()`.
6. `WriteCatalogEntry()`.
7. `WriteValidation()`.

InvokeWorker:
```
private static void InvokeWorker(string typeName, string methodName, string label)
{
    var type = FindType(typeName);
    if (type == null) throw new InvalidOperationException(
        "[LadyLakePremium] Cannot build the premium card: the " + label + " builder '" + typeName +
        "' is not compiled. Expected a public static " + methodName + "() in Assets/Experiments/LadyLakePremium/" + ... + ". Build the " + label + " first; the integration assembler does not substitute placeholders.");
    var method = type.GetMethod(methodName, BindingFlags.Public | BindingFlags.Static, null, Type.EmptyTypes, null);
    if (method == null) throw new InvalidOperationException(... "has no public static " + methodName + "()");
    try { method.Invoke(null, null); }
    catch (TargetInvocationException e) { throw new InvalidOperationException("[LadyLakePremium] " + label + " builder " + typeName + "." + methodName + "() failed: " + (e.InnerException ?? e).Message, e.InnerException ?? e); }
}
private static Type FindType(string name)
{
    foreach (var assembly in AppDomain.CurrentDomain.GetAssemblies())
    {
        var t = assembly.GetType(name, false);
        if (t != null) return t;
    }
    return null;
}
```

`BuildAssembledPrefab`:
```
var root = new GameObject("Card", typeof(Transform));  // plain
var pivot = new GameObject("Pivot");
pivot.transform.SetParent(root.transform, false);
pivot.transform.localPosition = LadyLakePremiumFraming.PivotLocalPosition();
pivot.transform.localRotation = Quaternion.identity;
pivot.transform.localScale = Vector3.one;
var figure = (GameObject)PrefabUtility.InstantiatePrefab(modelPrefab, pivot.transform);
figure.transform.localPosition = Vector3.zero; localRotation identity; localScale one;
figure.name = "FigureRig";
var environment = (GameObject)PrefabUtility.InstantiatePrefab(environmentPrefab, pivot.transform);
... name "Environment";
var prefab = PrefabUtility.SaveAsPrefabAsset(root, AssembledPrefab);
Object.DestroyImmediate(root);
```
Wait: order matters — the pivot rotation rotates all children. Both nested prefabs under Pivot. Good.

Note: layer? Keep default 0. DynamicCardView's card camera cullingMask default (everything). The isolated scene has nothing else. Fine.

Potential issue: `PrefabUtility.SaveAsPrefabAsset(root, path)` — the root is not part of a scene; it's a plain GameObject created via `new GameObject`. SaveAsPrefabAsset accepts a scene GameObject. Actually `new GameObject` is created in the active scene, so it's fine. But if no scene open? There's always a scene. OK.

Also, can `PrefabUtility.InstantiatePrefab(modelPrefab, pivot.transform)` be used when pivot is a plain (non-scene-root) object? Yes.

Now `BuildScene()`:
```
var scene = EditorSceneManager.NewScene(NewSceneSetup.EmptyScene, NewSceneMode.Additive);
try {
   var rootGo = new GameObject("LadyLakePremium");
   SceneManager.MoveGameObjectToScene(rootGo, scene);
   var canvasGo = new GameObject("CardCanvas", typeof(RectTransform), typeof(Canvas), typeof(CanvasScaler), typeof(GraphicRaycaster));
   canvasGo.transform.SetParent(rootGo.transform, false);
   var canvas = canvasGo.GetComponent<Canvas>();
   canvas.renderMode = RenderMode.ScreenSpaceOverlay;
   canvas.sortingOrder = 100;
   var scaler = canvasGo.GetComponent<CanvasScaler>();
   scaler.uiScaleMode = CanvasScaler.ScaleMode.ScaleWithScreenSize;
   scaler.referenceResolution = new Vector2(1600, 900);
   scaler.screenMatchMode = CanvasScaler.ScreenMatchMode.MatchWidthOrHeight;
   scaler.matchWidthOrHeight = .5f;
   // backdrop
   var backdrop = new GameObject("Backdrop", typeof(RectTransform), typeof(CanvasRenderer), typeof(Image));
   backdrop.transform.SetParent(canvasGo.transform, false);
   Stretch((RectTransform)backdrop.transform);
   var backdropImage = backdrop.GetComponent<Image>();
   backdropImage.color = new Color(.012f,.035f,.043f,1f);
   backdropImage.raycastTarget = false;
   // card host
   var host = new GameObject("CardHost", typeof(RectTransform));
   host.transform.SetParent(canvasGo.transform, false);
   Stretch((RectTransform)host.transform);
   // ArtCard prefab instance
   var artPrefab = AssetDatabase.LoadAssetAtPath<GameObject>(ArtCardPrefab);
   if (artPrefab == null) throw ...
   var cardInstance = (GameObject)PrefabUtility.InstantiatePrefab(artPrefab, host.transform);
   cardInstance.name = "ArtCard";
   var cardRect = (RectTransform)cardInstance.transform;
   cardRect.anchorMin = cardRect.anchorMax = new Vector2(.5f,.5f);
   cardRect.pivot = new Vector2(.5f,.5f);
   cardRect.anchoredPosition = Vector2.zero;
   cardRect.localRotation = Quaternion.identity;
   cardRect.localScale = Vector3.one;
   var card = cardInstance.GetComponent<ArtCard>();
   // event system
   var eventGo = new GameObject("EventSystem", typeof(EventSystem), typeof(StandaloneInputModule));
   SceneManager.MoveGameObjectToScene(eventGo, scene);
   // stage
   var stage = rootGo.AddComponent<LadyLakePremiumStage>();
   stage.card = card; stage.cardHost = (RectTransform)host.transform;
   var art = AssetDatabase.LoadAssetAtPath<Sprite>(StaticArtPath);
   stage.staticArt = art;
   if (card != null && card.CardImg != null && art != null) card.CardImg.sprite = art;
   EditorSceneManager.MarkSceneDirty(scene);
   EditorSceneManager.SaveScene(scene, ScenePath);
} finally { EditorSceneManager.CloseScene(scene, true); }
```
Hmm — `new GameObject` creates in the active scene, then MoveGameObjectToScene moves it. But children created after moving the parent: `new GameObject` creates in active scene, then SetParent to a parent in the additive scene → Unity moves it to the parent's scene automatically? Actually SetParent does not change scene; the child stays in the active scene unless it's a scene root being parented... Hmm, in Unity, when you parent a GameObject to a parent in another scene, Unity moves the child to the parent's scene. I believe `Transform.SetParent` keeps the object in its current scene, which could create a cross-scene hierarchy (allowed only for scene roots? Actually cross-scene parenting is not allowed; Unity moves it). To be safe, after creating each GameObject I should `SceneManager.MoveGameObjectToScene(go, scene)` BEFORE/after SetParent. Simpler: create the root, move to scene, then for each child created via `new GameObject`, it goes to active scene; then `SetParent(parentInScene)` — Unity will move it to the parent's scene automatically in recent versions. I recall that `SetParent` does move the object to the parent's scene. Let me just also call MoveGameObjectToScene for safety after creating the root hierarchy? Can't move a non-root. 

Alternative: make the additive scene the active scene during construction:
```
var previousActive = SceneManager.GetActiveScene();
SceneManager.SetActiveScene(scene);
... create objects (they go into active scene) ...
SceneManager.SetActiveScene(previousActive);
```
Yes — `new GameObject` is created in the active scene. Set active to the new scene during construction, then restore. That's clean. Then SaveScene. Good.

Actually `EditorSceneManager.NewScene(..., NewSceneMode.Additive)` — does it set the new scene active? I think NewScene makes it active. But to be safe set it explicitly and restore.

Also `PrefabUtility.InstantiatePrefab(prefab, parent)` places the instance in parent's scene.

Now `WriteCatalogEntry()`: build a `DynamicCardEntry` object and `JsonUtility.ToJson(entry, true)` → writes `Integration/catalog-entry.json`. But the contract says the entry must use id `lady-lake-authored`, artIds ["c10000000"], prefab path above, audio Environment/Audio/LadyLakeLoop.wav, fov35 cameraDistance -11.5, pivot Pivot, introDuration 12 loopDuration 12. I'll construct:
```
var entry = new DynamicCardEntry {
  id = "lady-lake-authored",
  sourceVersion = "Latest",
  sourceId = "lady-lake-authored",
  artIds = new[]{"c10000000"},
  prefab = AssembledPrefab,
  audio = EnvironmentPrefabDir + "/Audio/LadyLakeLoop.wav",
  pivot = "Pivot",
  fieldOfView = 35f,
  cameraDistance = -11.5f,
  nearClip = 1f, farClip = 300f,
  xStart=-6f,xEnd=6f,yStart=-2f,yEnd=2f,
  introDuration=12f, loopDuration=12f,
  cutTime=-1f,
  particleEvents = new DynamicCardParticleEvent[0],
  ...
};
```
Hmm, JsonUtility can serialize `DynamicCardEntry` (it's [Serializable]). Arrays default null unless set → JsonUtility outputs `"particleEvents": []`? For null arrays, JsonUtility writes `[]`? Actually Unity's JsonUtility serializes null arrays as `[]`. I think so. But to be safe assign empty arrays.

Wait — `DynamicCardEntry` inherits from nothing; fields are public. JsonUtility.ToJson works. Good.

But should I hand-write the JSON instead to control exact content? Using JsonUtility is cleaner and guaranteed schema-valid. I'll use JsonUtility but also make the builder write it. But the task lists `Integration/catalog-entry.json` as a deliverable that root reads. If the builder generates it, it appears after root runs Build. Should I also hand-write a static version now? Yes — I'll hand-write catalog-entry.json now (so it exists as a deliverable), and the builder will regenerate/overwrite it with identical content (or I can make the builder only write if missing). Better: builder writes it every time (idempotent). But hand-written must match. Let me hand-write it in the exact format (minified or pretty). Root reads JSON, so formatting doesn't matter. I'll write it pretty for readability.

Actually, there's a risk: hand-written JSON must match `DynamicCardEntry` field names exactly. I'll model it on the sample entry.

Let me hand-write:
```json
{
  "version": 1,
  "cards": [ { ...entry... } ]
}
```
Hmm — the catalog format is `{ "version":1, "cards":[entry] }`, not a bare entry. The contract says "sourcecatalogentry Integration/catalog-entry.json" and "JSON catalog entry ... uses id ...". Root merges it into the actual catalog. Should the file be a bare entry or a full catalog fragment? To make merging easy, I'll emit a small catalog fragment: `{"version":1,"cards":[entry]}`. That's directly deserializable as `DynamicCardCatalog` and mergeable. I'll document that root can either append `cards[0]` or merge the fragment.

Hmm, "sourcecatalogentry Integration/catalog-entry.json" — singular entry. Could be a bare entry. But a fragment is more useful and still contains the entry. I'll make it a fragment and document both. Actually, to be safe for root's merge, let me produce the fragment `{"version":1,"cards":[...]}`. I'll document clearly in the report.

Wait, but maybe root expects a bare `DynamicCardEntry`. Hmm. The contract line: "JSON catalog entry Integration/catalog-entry.json uses id lady-lake-authored, artIds [c10000000], prefab path above, audio ..., fov35 ...; pivot Pivot; introDuration12 loopDuration12." It says "catalog entry". I think a bare entry is what's expected, but a fragment is more merge-friendly. I'll go with the fragment because root "merges entry into actual catalog", and a fragment mirrors the catalog shape. I'll clearly document. Actually, let me hedge: I can make the file a **bare entry** (as literally said) AND have the builder also write `catalog-fragment.json`? Overkill. 

Let me reconsider: Root must merge into `catalog.json` which is `{version, cards[]}`. If root does `ConvertFrom-Json` on my file expecting an entry, a fragment would break. If root expects a fragment and I give a bare entry, also breaks. The safest is to match the contract wording literally: "JSON catalog entry". Hmm.

I'll emit a bare entry (the DynamicCardEntry) at `Integration/catalog-entry.json`, and in the report clearly state it is a single `DynamicCardEntry` object, so root wraps it as `catalog.cards.Add(entry)`. That matches the literal wording.

Hmm, but the builder's `JsonUtility.ToJson(entry, true)` produces a bare entry. Good. Let me do that.

Now `WriteValidation()` calls `LadyLakePremiumValidator.Validate()` and writes JSON + report.

Actually the report should be authored by me now, and updated by the builder at runtime. I'll have the builder regenerate/append a "build stamp" to the report? Simpler: builder writes `validation-report.json`; the markdown report is static documentation authored now. The builder can also update a small "last build" section? Let's keep the builder writing validation JSON and leaving the MD to me. But task says "Build report Integration/integration-report.md." So I author it. Fine.

Now `LadyLakePremiumValidator`:
```
public static LadyLakePremiumValidationReport Validate()
{
    var report = new ...();
    // prefab
    var prefab = AssetDatabase.LoadAssetAtPath<GameObject>(AssembledPrefab);
    report.assembledPrefabPresent = prefab != null;
    if (prefab == null) { AddUnverified/ failures ...; return; }
    var root = prefab.transform;
    report.rootName = root.name;
    var pivot = root.Find("Pivot");
    report.pivotPresent = pivot != null;
    report.pivotLocalPosition = pivot != null ? pivot.localPosition.ToString("F6") : null;
    report.framing...
    // nested prefab instances
    report.figureRigPresent = pivot != null && FindDescendant(pivot, "FigureRig") != null;
    report.environmentPresent = pivot != null && FindDescendant(pivot, "Environment") != null;
    // dependencies
    report.dependencies = AssetDatabase.GetDependencies(AssembledPrefab, true).OrderBy(...).ToArray();
    // bones, clips, grip, audio
    foreach SkinnedMeshRenderer: bones count, rootBone name
    foreach Animator: controller name + clips
    marker GripSocket
    foreach AudioSource: clip name
    missing scripts count
    null materials count
    ...
}
```
Editor assembly can access `UnityEngine` types freely. Good.

`Animator.runtimeAnimatorController` may be null for nested prefab if the model worker used an AnimatorOverrideController? We'll report.

`SkinnedMeshRenderer.bones` accessible.

Now the editor bridge `LadyLakePremiumEditorBridge`:
```
[InitializeOnLoad]
public static class LadyLakePremiumEditorBridge
{
    private const string Root = "Assets/Experiments/LadyLakePremium/Integration";
    private static double next;
    static LadyLakePremiumEditorBridge() { EditorApplication.update += Poll; }
    private static string Absolute(string relative) => Path.GetFullPath(relative);
    private static void Poll()
    {
        if (EditorApplication.timeSinceStartup < next) return;
        next = EditorApplication.timeSinceStartup + 1.0;
        if (EditorApplication.isCompiling || EditorApplication.isUpdating) return;
        string request = Path.Combine(Root, "editor-request.txt");
        if (!File.Exists(request)) return;
        string command = File.ReadAllText(request).Trim();
        if (command.Length == 0 || command[0] == '#') return;   // opt-in placeholder; do nothing
        File.Delete(request);
        try { Execute(command); File.WriteAllText(Path.Combine(Root,"editor-result.txt"), command + " OK " + DateTime.UtcNow.ToString("o")); }
        catch (Exception e) { File.WriteAllText(Path.Combine(Root,"editor-result.txt"), e.ToString()); Debug.LogException(e); }
    }
    private static void Execute(string command)
    {
        // command may be "capture <path>" or "build" etc.
        var parts = command.Split(new[]{' ','\t'}, StringSplitOptions.RemoveEmptyEntries);
        switch (parts[0].ToLowerInvariant())
        {
            case "build": LadyLakePremiumBuilder.Build(); break;
            case "open": LadyLakePremiumBuilder.Open(); break;
            case "play": if (!EditorApplication.isPlaying) EditorApplication.isPlaying = true; break;
            case "stop": if (EditorApplication.isPlaying) EditorApplication.isPlaying = false; break;
            case "capture": Capture(parts.Length>1?parts[1]:Path.Combine(Root,"capture.png")); break;
            case "validate": LadyLakePremiumBuilder.ValidateAndWrite(); break;
            case "status": WriteState(); break;
            default: throw new InvalidOperationException("Unsupported LadyLakePremium command: " + command);
        }
        WriteState();
    }
}
```
Wait — "must be optin no autorebuildnoplay unlesscommand". So writing editor-state.json on a schedule would be a side effect even without a command. My Poll only writes state when a command arrives. Good. But root "will use this bridge for verification" — root may want status without issuing a scene-modifying command. `status` command handles that. Good.

But there's a subtlety: after `build`, `LadyLakePremiumBuilder.Build()` may trigger a domain reload (new assets/scripts) — not usually. `AssetDatabase.Refresh` isn't called. Fine.

Also `play` requires the scene open. Root will do open then play.

Capture: Since canvas is overlay, `ScreenCapture.CaptureScreenshot(path)` captures the game view. But if not in Play, nothing. Guard: throw if not playing. Also support a camera-based capture fallback.

Actually, `ScreenCapture.CaptureScreenshot` is async (captures at end of frame). It works. For a deterministic file, use `Application.CaptureScreenshot`? Same. I'll use ScreenCapture and also allow a delayed capture. Simplicity: call ScreenCapture.CaptureScreenshot(path).

Hmm, but the root may want capture of the card region. Let's keep whole game view.

Now: the bridge must not delete my placeholder `editor-request.txt` (comment). Good.

Now, a concern: `[InitializeOnLoad]` bridge polls every second and reads a file. If the file has a comment, no side effect. Good.

Now, about `Build()` calling `EditorSceneManager.NewScene` — this can prompt to save. With Additive new scene it doesn't prompt (additive empty scene doesn't discard). Good.

Now let me also double check that `LadyLakePremiumBuilder.Build()` is a public static Editor method named exactly `Build` and `Open` — yes.

Now the report `integration-report.md` must include: framing math, bundle precedence analysis, root steps, interface description, validation summary, unverified runtime list, provenance.

Let me also create `Integration/README.md`? Not required. Report covers it.

Now let me write everything. Let me create the todo list.

Given the volume, I'll write files with the write tool. Let me be careful with C# correctness.

Let me also double check `DynamicCardQuality` enum is public (used in stage). `DynamicCardSettings.Quality` is public static. `DynamicCardQuality` enum — let me verify it's public. It's referenced in DynamicCardSettings as `DynamicCardQuality`. Let me check the file.
dsh: reasoning:
Good. Now let me write the files. Let me create the todo list first.
dsh: reasoning:
Now write the runtime framing file.
dsh: reasoning:
Wait, `DynamicCardFraming` is `internal static class` in namespace `Assets.Script.DynamicCards`, same assembly (Assembly-CSharp). My runtime file is in Assembly-CSharp, so accessible. Good. `DynamicCardFraming.AppearanceOffset` is internal static readonly Vector3 — accessible. Good.

But `internal static Vector3 PivotLocalPosition()` — internal to Assembly-CSharp, and the Editor builder (Assembly-CSharp-Editor) cannot access internal! I need these to be accessible from the editor builder. Make them `public`. Since the class is public and in Assembly-CSharp, editor can call public members. Let me change internal → public for PivotLocalPosition, ArtRegionWorldHeight, ArtRegionWorldWidth. Also `DynamicCardFraming.AppearanceOffset.y` is internal but used only inside Assembly-CSharp (runtime) → fine.

Let me edit.
dsh: reasoning:
Now the runtime stage. Let me write it carefully.

Note: `DynamicCardView.IsPresentationReady` and `RenderTarget` are internal to Assembly-CSharp → accessible from runtime (same assembly). Good.

Actually wait — I should double check there isn't a `Cynthia.Unity.Card` asmdef. glob for asmdef returned none in whole Assets. So yes, one assembly.

Let me write the stage. Include a serializable snapshot struct.

One more consideration: `card.CardImg.transform.Find("Dynamic art")` — DynamicCardView names the overlay "Dynamic art". I'll use that for `dynamicArtPresent`, but I can also just check RenderTarget. Keep both.

Also, we should be careful: `DynamicCardSettings.Enabled = true` triggers `Changed` event; library may create instance. It's fine.

Also: `DynamicCardLibrary` uses `PlayerPrefs.GetInt("isCloseSound",1)` for volume. Not our concern.

Now the "no debug text overlays" — no Text added.

Let me write.
dsh: reasoning:
Wait: `view.IsPresentationReady` and `view.RenderTarget` are `internal` in Assembly-CSharp. My runtime stage is in Assembly-CSharp → accessible. Good.

But `DynamicCardView.RenderTarget` getter is `internal RenderTexture RenderTarget { get { return texture; } }` — internal. OK.

`DynamicCardView.IsPresentationReady` — internal. OK.

Potential compile issue: `view.RenderTarget.width` — fine.

Another: `view.IsDragging` public. Good.

Now `EnableDynamicCards` sets `DynamicCardSettings.Enabled = true`; but `DynamicCardSettings.Enabled` setter sets Quality = High. `previousQuality` might be Off; restore sets Off. Good.

Now the editor builder. Let me write it.

Important details:
- `PrefabUtility.InstantiatePrefab(Object, Transform)` returns Object.
- `PrefabUtility.SaveAsPrefabAsset(GameObject, string)`.
- After SaveAsPrefabAsset, destroy the temp root.
- Nested prefab instances have `PrefabInstance` status. `PrefabUtility.SaveAsPrefabAsset` on a root containing prefab instances → nested prefabs. In Unity 2019.4 this works.

- `AssetDatabase.LoadAssetAtPath<GameObject>(ModelPrefab)`.
- Need `UnityEditor.SceneManagement`.

- Setting active scene: `SceneManager.SetActiveScene(scene)`. But an additive new scene might not be loaded? NewScene returns a Scene that is loaded. Good.

Let me write the builder with `Build()`, `BuildAndOpen()`, `Open()`, `ValidateAndWrite()`, `WriteCatalogEntry()`.

For catalog entry, I need to add empty arrays. `DynamicCardEntry` fields: particleEvents, uvMotions, transformPairs, viewMotions, cameraParents, jiggles, wiggles, materialValues, initialTransforms, nonRenderingPaths.

Wait, `transformPairs` field exists in DynamicCardCatalog.cs line 49: `public DynamicCardTransformPair[] transformPairs;`. Yes.

Let me set all to empty arrays.

For JsonUtility.ToJson of DynamicCardEntry — it will include all public fields. Good.

Now, the `audio` path: contract says `Environment/Audio/LadyLakeLoop.wav`, full path `Assets/Experiments/LadyLakePremium/Environment/Audio/LadyLakeLoop.wav`. Set that.

Now, for the scene build, also add `stage.buildOnAwake = true`.

Let me also set `stage.staticArt` and card sprite.

Also: Should the builder add the `LadyLakePremiumStage` before or after configuring card refs? AddComponent then set fields.

Now, one concern: `EditorSceneManager.NewScene(NewSceneSetup.EmptyScene, NewSceneMode.Additive)` — this may not be allowed to create an empty additive scene while another scene is dirty? Additive is fine.

Actually, `NewSceneSetup.EmptyScene` vs `DefaultGameObjects`. EmptyScene → no camera/light. Good.

Let me also handle if the scene already exists: SaveScene overwrites. Fine.

Let me write.

Also `LadyLakePremiumBuilder` should have `[MenuItem]` entries for convenience:
- `Tools/Lady Lake Premium/Build Card + Scene`
- `Tools/Lady Lake Premium/Open Scene`
- `Tools/Lady Lake Premium/Validate`

Good.

Now, the reflection call for model/environment: The type full names per contract are `LegacyGwent.LadyLakePremium.Editor.LadyLakeModelBuilder` and `LegacyGwent.LadyLakePremium.Editor.LadyLakeEnvironmentBuilder`. Good.

Let me write the builder.
dsh: reasoning:
Concerns:
1. `using System.Linq;` unused maybe. Not an error.
2. `DynamicCardViewMotion`, `DynamicCardCameraParent`, `DynamicCardJiggle`, `DynamicCardWiggle`, `DynamicCardMaterialValue`, `DynamicCardInitialTransform` are public classes in namespace `Assets.Script.DynamicCards` — accessible from editor assembly? They are `public` top-level classes, yes. And `DynamicCardParticleEvent`, `DynamicCardUvMotion`, `DynamicCardTransformPair` are public in DynamicCardCatalog.cs. Good.
3. `DynamicCardEntry` public. Good.
4. `LadyLakePremiumStage.ReferenceResolution` and `.BackdropColor` are public static. Good.
5. `LadyLakePremiumFraming.FieldOfView` etc public const. Good. `PivotLocalPosition()` public. Good.
6. `EditorSceneManager.CloseScene(scene, true)` — if SaveScene already saved, closing removes it. Good. But careful: after `SaveScene`, the scene is saved; `CloseScene(scene, true)` with removeScene=true. If the scene was the active scene and we set previousActive back after close... We set active in finally after CloseScene. Actually we call CloseScene then SetActiveScene(previousActive). previousActive is the scene that was active before (the user's scene). It should still be loaded. Good.

   But there's a subtle bug: `previousActive` could be the same as `scene`? No, NewScene additive creates a new one; previousActive is the old active. Fine.

7. `EditorSceneManager.NewScene` returns Scene. Good.

8. `stage.card = cardInstance.GetComponent<ArtCard>();` — but `LadyLakePremiumStage.card` field type ArtCard (global namespace). Good.

9. Creating GameObjects while the additive scene is active: `new GameObject(...)` goes to active scene. Good. But `root` GameObject is created in the active scene (the new one). Then children parented. Then `root.AddComponent<LadyLakePremiumStage>()`. Good.

10. `eventGo.transform.SetParent(root.transform, false)` → EventSystem becomes child of root. That's fine (EventSystem can be nested). Actually EventSystem usually at scene root; as a child it still works. Fine.

11. `EditorSceneManager.SaveScene(scene, ScenePath)` where ScenePath is a project-relative asset path. Good.

12. Potential issue: `DynamicCardSettings` and `LadyLakePremiumStage` are runtime types; builder references them (editor assembly references runtime). Fine.

13. `AssetDatabase.SaveAssets()` after building prefab and scene.

14. `ValidateAndWrite()` is called in Build() after BuildInternal(). But when the validator can't find Card.prefab it still writes a report. Fine.

Now, a real concern: `PrefabUtility.SaveAsPrefabAsset(root, AssembledPrefabPath)` where root contains nested prefab instances. In Unity 2019.4, this creates a prefab with nested prefab instances. OK. But there's a known caveat: nested prefabs created from `InstantiatePrefab` inside another prefab are supported.

15. `BuildScene` uses `stage.staticArt` — the sprite at `Assets/Addressables/Cards/c10000000.png`. `AssetDatabase.LoadAssetAtPath<Sprite>` requires the texture type to be Sprite. The old builder used the same call, so it's fine.

16. The `DynamicCardEntry` for `audio`: our runtime `DynamicCardView.Create` calls `DynamicCardLibrary.Load(artId, preview && previewAudio, ...)` and we pass `playPreviewAudio:false` in Bind → `previewAudio=false` → withAudio false. So audio won't load. That's fine (Bind param playPreviewAudio false matches ArtCard.SetCard). The catalog entry still declares audio for the environment worker's 12s loop; DynamicCardView would need previewAudio true to play it. Hmm — the task said "audio Environment/Audio/LadyLakeLoop.wav" in the entry, and the environment worker wants audio. But ArtCard.SetCard passes playPreviewAudio:false (collection cards don't play audio). The contract says "actual collection ArtCard usage". So we match. The audio is declared in the entry but not played by preview (same as collection). Should we pass playPreviewAudio:true? The task explicitly says: "Need call actual DynamicCardView.Bind on ArtCard.CardImg largePreview=true premium=true, wholeCardborder/presentationroot samecollection". "samecollection" refers to wholeCard/presentationRoot being the same as collection. It didn't say playPreviewAudio. ArtCard.SetCard uses false. I'll keep false to match ArtCard exactly. Document that the catalog audio is declared but the collection preview path does not play audio (production behavior), and the environment audio loop is available for the production detail view.

Hmm, but actually maybe the standalone scene should play audio for the atmosphere. The task says "single complete card onPlay" and "Environment worker ... Audio/LadyLakeLoop.wav, 12s looping". The catalog entry declares it. But DynamicCardView only plays audio when `preview && previewAudio` and `clip != null`. If we pass playPreviewAudio:false, no audio. If true, an AudioSource is added to the model and plays looped. That would showcase the environment audio. But "samecollection" ArtCard usage passes false. Hmm.

The ArtCard (detail/hover) prefab's SetCard passes playPreviewAudio:false. But CardShowInfo (collection grid) passes default true (playPreviewAudio defaults true) — wait: CardShowInfo.SetCard Bind call:
```
DynamicCardView.Bind(CardImg, CurrentCore.CardArtsId, CurrentCore.IsCardBack || CurrentCore.Conceal, premium: ...);
```
It doesn't pass largePreview, wholeCard etc, and playPreviewAudio defaults to true! So collection grid cards play preview audio. ArtCard detail passes false.

Our scene is a standalone showcase of a single card. The task says "actual collection ArtCard usages" (plural, read actual ArtCard usages). And "single complete card onPlay". I think playing the 12s loop audio is desirable for the environment deliverable. But the explicit instruction says call Bind "on ArtCard.CardImg largePreview=true premium=true, wholeCardborder/presentationroot samecollection". It doesn't specify audio. 

Given the environment worker's audio needs a consumer and the entry declares it, I'll make the stage expose a serialized bool `playPreviewAudio` defaulting to... Hmm. To be safe and faithful to ArtCard.SetCard (which is the actual usage with largePreview/wholeCard/presentationRoot), I'll keep false. But then the environment audio never plays, which might be seen as incomplete.

Actually, re-reading: "Need call actual DynamicCardView.Bind on ArtCard.CardImg largePreview=true premium=true, wholeCardborder/presentationroot samecollection; actual goldneutralassets." The phrase "samecollection" likely means "wholeCard = border, presentationRoot = same as collection". ArtCard.SetCard is the exact reference. I'll match it exactly, including playPreviewAudio:false, and document that audio playback is disabled by the collection detail path and can be enabled by passing playPreviewAudio:true. Hmm, but the environment's deliverable includes audio looping. 

Compromise: Add a serialized field `playPreviewAudio` default false (matching ArtCard) but let the scene builder set it to true? That deviates. Or default true to demonstrate audio. 

Let me think about what "single complete card on Play" requires: visual card. Audio not mentioned. And "No debug text overlays". The environment worker's audio was a requirement for them. The catalog entry declares it; whether the preview plays it is a production toggle. I'll keep the exact ArtCard.SetCard call (false) to satisfy "same collection" and note in the report that setting `LadyLakePremiumStage.playPreviewAudio=true` (or a second Bind) enables the 12s loop, and that the production collection grid path uses true. Actually, let me expose the field with default **true** but then the Bind call uses it. Hmm, but then it's not exactly ArtCard.SetCard.

Decision: Expose `public bool playPreviewAudio = false;` and pass it. Document. This keeps exact production ArtCard parity by default. Root can flip it in the scene inspector. Good enough. Actually, I'll make the catalog entry's audio meaningful and mention it.

Hmm, wait. Let me reconsider — maybe better to default true so the scene "works" with the environment audio; the task emphasizes actual production path, and CardShowInfo (the actual collection usage) uses true. The instruction "wholeCardborder/presentationroot samecollection" is about those two params. "actual collection ArtCard usages" — ArtCard is one usage; CardShowInfo is another. 

I'll add the field and default it to **true** (so the authored scene plays the 12s loop, which is a deliverable), while documenting that ArtCard.SetCard passes false and CardShowInfo uses true. Hmm, but that risks the reviewer saying we didn't match ArtCard. 

Let me re-read once more: "Read actual DynamicCardView/Library/Framing/Effects/SourceControllers/Presentation and collection ArtCard usages, old standalone wrapper only reference for correct UIlayout. ... Need call actual DynamicCardView.Bind on ArtCard.CardImg largePreview=true premium=true, wholeCardborder/presentationroot samecollection; actual goldneutralassets."

"collection ArtCard usages" = the way ArtCard is used in the collection (ArtCard.SetCard). So Bind with largePreview=true, wholeCard=border, presentationRoot=transform, premium. ArtCard.SetCard passes playPreviewAudio:false. I'll follow ArtCard.SetCard exactly and set `playPreviewAudio` field default false, passing it. Document that the audio track is declared in the catalog and played by the collection grid path (CardShowInfo), and can be enabled here by setting the field. This is the most defensible.

Actually, you know what — the environment worker needs their audio to loop in the scene. If it never plays, the deliverable is hollow. But strictly, the contract says the environment worker delivers the wav and the integration catalog entry references it. The root may later enable it. I'll set the field default to true but note it. Ugh.

Let me settle: I'll expose `playPreviewAudio` defaulting to **true**, and document clearly:
- ArtCard.SetCard (detail hover) passes false.
- CardShowInfo (collection grid) leaves it default true.
- The standalone showcase wants the 12s atmosphere loop, so the scene builder leaves the default true; set the field false for exact ArtCard detail parity.
Hmm, but then the Bind call isn't exactly ArtCard's. The task said "samecollection" for wholeCard/presentationRoot, which I satisfy.

I think enabling audio is better for a "complete" deliverable. But risk... The instruction "Do NOT clone player..." etc. Audio is production. I'll go with a serialized field default **false** to exactly match ArtCard.SetCard, but have the builder set `stage.playPreviewAudio = true` in the generated scene? That's inconsistent.

OK final decision: field default **true**, builder doesn't override, pass `playPreviewAudio` to Bind. Document the divergence from ArtCard.SetCard's `false` and why (the standalone scene is meant to present the environment's 12s loop; set false for exact detail parity). This gives a working scene with audio. Actually no — wait. There's a subtle problem: if playPreviewAudio=true, DynamicCardView adds an AudioSource to the model and plays the clip. The clip is bundled from Environment/Audio/LadyLakeLoop.wav. If the bundle doesn't include it (because the prefab path issue / root hasn't rebuilt), clip is null and no audio. Fine. And if the library fails entirely, no audio. Fine.

I'll go with true and document. Let me update the stage to add the field and pass it.

Actually, hold on. Let me reconsider the whole "collection" requirement once more. The task says "Need call actual DynamicCardView.Bind on ArtCard.CardImg largePreview=true premium=true, wholeCardborder/presentationroot samecollection". If the reviewer checks the source, they'll look for `DynamicCardView.Bind(card.CardImg, ArtId, ..., largePreview:true, ..., premium:true)`. The audio param is minor. Adding `playPreviewAudio` is fine.

I'll modify the stage: add `public bool playPreviewAudio = true;` and pass it.

Let me edit the stage.
dsh: reasoning:
Now the validator. Editor assembly, uses `UnityEditor`, `UnityEngine`. It must produce a serializable report with useful info and explicit "unverified" list.

Let me design `LadyLakePremiumValidationReport`:
```
[Serializable] public sealed class LadyLakePremiumValidationReport
{
    public string generatedAtUtc;
    public bool assembledPrefabPresent;
    public string assembledPrefabPath;
    public string rootName;
    public bool pivotPresent;
    public string pivotLocalPosition;
    public bool figureRigPresent;
    public bool environmentPresent;
    public string[] prefabDependencies;
    public int skinnedMeshRendererCount;
    public string[] boneSummaries;      // "path -> bones=N root=xxx"
    public int totalBoneCount;
    public string[] animatorSummaries;  // "path -> controller=xxx clips=a,b"
    public string[] animationClipNames;
    public bool gripSocketPresent;
    public string gripSocketPath;
    public string[] audioClips;
    public int missingScriptComponents;
    public int nullMaterialSlots;
    public float fieldOfView;
    public float cameraDistance;
    public float artRegionWorldWidth;
    public float artRegionWorldHeight;
    public float paintingWorldHeight;
    public bool paintingHeightFitsArtRegion;
    public string[] checks;
    public string[] failures;
    public string[] unverifiedRuntime;
    public string scenePath;
    public bool scenePresent;
    public bool sceneHasStage;
    public bool sceneHasArtCard;
    public bool sceneHasCanvas;
    public bool sceneHasEventSystem;
    ...
    public string Summary();
}
```

Validation logic:
- `AssetDatabase.LoadAssetAtPath<GameObject>(AssembledPrefabPath)`.
- If null → failure "assembled prefab missing; run Build".
- root = prefab.transform; rootName.
- pivot = root.Find("Pivot").
- figureRig: search descendants by name "FigureRig" (could be pivot/FigureRig). environment similarly.
- dependencies = AssetDatabase.GetDependencies(prefabPath, true).
- SkinnedMeshRenderers: `prefab.GetComponentsInChildren<SkinnedMeshRenderer>(true)`.
- Animators: `prefab.GetComponentsInChildren<Animator>(true)`; controller clips.
- GripSocket: search by name.
- AudioSource clips: `prefab.GetComponentsInChildren<AudioSource>(true)` → clip names; also check `AssetDatabase.LoadAssetAtPath<AudioClip>(EnvironmentAudioPath)`.
- Missing scripts: `prefab.GetComponentsInChildren<Transform>(true).Sum(t => t.GetComponents<Component>().Count(c => c == null))`.
- Null materials: for each Renderer, count null sharedMaterials.
- Framing: use LadyLakePremiumFraming (public). `artRegionWorldHeight`, `paintingWorldHeight`, fits = paintingHeight <= regionHeight + epsilon.
- Scene: load `AssetDatabase.LoadAssetAtPath<SceneAsset>(ScenePath)` for presence; to check contents statically without opening, we can `EditorSceneManager.OpenScene`? That would disturb. Instead, use `AssetDatabase.LoadAllAssetsAtPath(ScenePath)`? Not reliable for scene GameObjects. Simpler: check scene file exists via `File.Exists(ScenePath)` and report; deepest scene-content verification is "unverified runtime". Actually we can open the scene additively to inspect then close, but that risks side effects. I'll do a non-destructive additive open inside try/finally? Hmm, opening a scene additively to inspect and closing is safe. But `EditorSceneManager.OpenScene(ScenePath, OpenSceneMode.Additive)` then find stage via `FindObjectOfType` across scenes. Then close. This gives useful validation. Let me do it but guard with try/catch and only if not playing. Actually, to keep it simple and avoid interfering, I'll just check the scene asset exists and list its serialized dependencies, and mark runtime wiring as unverified. But "supply useful static/editor validation report" — opening additively then closing is standard and safe. I'll do it.

Hmm, opening a scene while in Play mode is problematic. Guard `if (!EditorApplication.isPlaying)`. And use `OpenSceneMode.Additive`. Then find stage and close. But `Object.FindObjectOfType<LadyLakePremiumStage>()` after additive open will find it (only loaded scenes). After close, gone. Good.

Actually there's risk: closing the additive scene might mark it dirty. We don't modify it. Fine.

Let me implement scene validation via additive open.

Also, unverifiedRuntime list (explicit):
- "Visual parity of the authored skinned mesh/hair/face versus figure-v5.png has not been rendered here."
- "12s cycle timing (fingers close at 3.2s, lifted hold 5.6-8.3s) is authored in the model clips and not evaluated statically."
- "Animator Intro->Loop transition continuity is not evaluated statically."
- "Material/shader visuals of the reused premium content are not rendered here."
- "DynamicCardView runtime framing could only be verified in Play Mode after the root merges the catalog entry and rebuilds packages."
- "Audio loop seamlessness and loudness not auditioned."
- "ActualScenePlay requires bundle rebuild; the bundled cache takes precedence over source fallback."

Now write the validator file.

One more: `prefab.GetComponentsInChildren<Renderer>(true)` for null materials.

For bone summary, use `DynamicCardPaths.RelativePath`? That's in runtime assembly namespace Assets.Script.DynamicCards (public static class DynamicCardPaths, public methods). Yes `public static class DynamicCardPaths`. Accessible. Good.

Let me write.
dsh: reasoning:
Concerns in validator:
- `report.sceneHasDynamicView = card != null && card.CardImg != null && card.CardImg.GetComponent<DynamicCardView>() != null;` — at edit time, no DynamicCardView exists (Bind only at runtime). So this is false. It's just reported, not checked. Fine.
- `DynamicCardPaths.RelativePath(animator.transform, root)` — public static. Good.
- `EditorSceneManager.OpenScene(path, OpenSceneMode.Additive)` — OpenSceneMode is in UnityEditor.SceneManagement. Good.
- `EditorSceneManager.CloseScene(scene, true)`.
- `AssetDatabase.Refresh(ImportAssetOptions.ForceUpdate)` at the start of Validate() — this is an editor side effect. It's acceptable for a validate command but might be undesirable when called from Build() (right after building, refresh unnecessary). It could trigger a domain reload mid-build if scripts changed. Hmm. Since our own scripts are already compiled, refresh is mostly harmless but could be slow. Let me remove ForceUpdate refresh to avoid surprise domain reloads during Build → Validate. Actually, validating freshly created assets needs them imported; `AssetDatabase.LoadAssetAtPath` after `PrefabUtility.SaveAsPrefabAsset` works without refresh. I'll remove the Refresh call.

- `Check(report, report.paintingWorldWidth <= report.artRegionWorldWidth + .05f, ...)` — 4.97 <= 4.9507+0.05=5.0007 → true. Good.

- `sceneHasDynamicPresentation` unused in checks; fine.

- Unused `using System.Text;` and `System.Linq` used. Fine.

- `LadyLakePremiumValidationReport` has public fields with initializers; JsonUtility serializes. Good.

Let me remove the AssetDatabase.Refresh line.
dsh: reasoning:
Now the editor bridge. Let me write it.

Requirements:
- `[InitializeOnLoad]`, opt-in via request file.
- Commands: build, open, play, stop, capture, validate, status.
- No autorebuild/noplay unless command.
- Paths under Integration.
- Write editor-result.txt, editor-state.json.
- Do not issue requests ourselves.

Implementation. Note: after `build`, opening the scene might be nice but the contract says separate `open`.

For capture: overlay canvas → `ScreenCapture.CaptureScreenshot(path)`. But capture requires Play mode. Also, to capture the Game view properly, the editor window should be the Game view. `ScreenCapture.CaptureScreenshot` works regardless of focused window? It captures the game view render. Should be fine.

Alternatively, to make capture reliable, find a camera and render to RT. But overlay canvas isn't rendered by a camera. So ScreenCapture is the way.

I'll implement `Capture(string path)`:
```
if (!EditorApplication.isPlaying) throw new InvalidOperationException("capture requires Play Mode");
if (string.IsNullOrEmpty(path)) path = Path.Combine(IntegrationRoot, "capture.png");
var dir = Path.GetDirectoryName(Path.GetFullPath(path)); Directory.CreateDirectory(dir);
ScreenCapture.CaptureScreenshot(path);
```
ScreenCapture writes asynchronously at end of frame; the file appears shortly after. That's fine.

Also add a `stage` diagnostic command that reads the stage snapshot and writes a JSON file. Useful for root verification. Let me add `sample` command: find `LadyLakePremiumStage` (including inactive) and write `stage-sample.json`. And include it in result.

Since the bridge is in Assembly-CSharp-Editor, it can access the runtime `LadyLakePremiumStage` public API. `Object.FindObjectOfType<LadyLakePremiumStage>()` public. Good.

`status` writes `editor-state.json` with playing/scene/compiling/updating/dynamic settings? Keep minimal.

Let me be careful: `EditorApplication.update += Poll` and poll every 1s. Reading a file every second is cheap.

Also guard `EditorApplication.isPlayingOrWillChangePlaymode` for build? Build during play would be bad. I'll block build/validate during play with a clear error.

Let me write.
dsh: reasoning:
Now the catalog-entry.json (bare DynamicCardEntry) and the placeholder editor-request.txt.

Let me generate catalog-entry.json matching the DynamicCardEntry field names/order. JsonUtility field names are the C# public field names. Include all fields:
id, sourceId, sourceVersion, artIds, prefab, audio, pivot, fieldOfView, cameraDistance, nearClip, farClip, xStart, xEnd, yStart, yEnd, introDuration, topMargin, loopDuration, particleEvents, uvMotions, transformPairs, viewMotions, cameraParents, jiggles, wiggles, materialValues, initialTransforms, nonRenderingPaths, verticalFramingCorrection, dragFramingCorrection, thumbnailFramingCorrection, cutTime, beforeCut, afterCut.

For arrays, empty arrays. cutTime -1.

Let me write it.

Value cameraDistance = -11.5. fov 35. nearClip 1, farClip 300. xStart -6 xEnd 6 yStart -2 yEnd 2. introDuration 12 loopDuration 12. topMargin 0. verticalFramingCorrection 0, dragFramingCorrection 0, thumbnailFramingCorrection 0. beforeCut/afterCut null/empty string.

Now the file should be a bare entry. Let me write it.

Note: DynamicCardEntry JSON with JsonUtility.ToJson(entry, true) would omit fields? No, JsonUtility includes all serializable fields, including null strings as "" and arrays. For beforeCut/afterCut null → "". Fine.

I'll write it to match what the builder would produce. Actually, to guarantee the builder and static file are consistent, maybe I should just hand-write and note the builder regenerates. Fine.

Now editor-request.txt placeholder with comment.
dsh: reasoning:
Now, an important issue: The bridge's request file starts with '#', so it's ignored — good. But when root writes a command, it replaces content. Good.

Wait, there's a problem: `editor-request.txt` is a `.txt` file inside Assets. Unity imports .txt as TextAsset. That's fine. But writing to it triggers an AssetDatabase refresh/import every time (editor sees file change). The bridge polls File.Exists/ReadAllText directly, so it doesn't need refresh. But Unity will notice the file change and re-import, possibly causing `EditorApplication.isUpdating` briefly. That's fine.

Hmm — but there's a subtlety: Unity may not detect our external File.WriteAllText until it refreshes, but we read directly via System.IO, so fine.

Now, the report. Let me write `integration-report.md` with all required content:
- Deliverables and interfaces
- Framing math (exact)
- Catalog entry and bundle precedence analysis + root steps
- What is/isn't cloned
- Validation report contents
- File bridge usage
- Unverified runtime
- Provenance / API references

Also, the report is a deliverable and will be overwritten? No, the builder doesn't write the MD. Good.

Before writing the report, let me double-check a few code-level risks:

1. `LadyLakePremiumFraming` uses `DynamicCardFraming.AppearanceOffset` (internal, same assembly). Fine.

2. In `LadyLakePremiumStage`, `view.IsPresentationReady` and `view.RenderTarget` internal — same assembly. Fine.

3. `LadyLakePremiumStage.Snapshot()` uses `view.RenderTarget.width` etc. Fine.

4. Editor `LadyLakePremiumBuilder` references `DynamicCardEntry`, `DynamicCardParticleEvent`, etc. — public. `JsonUtility.ToJson(entry, true)` requires the type be [Serializable] — DynamicCardEntry is [Serializable]. Good.

5. `LadyLakePremiumBuilder.Build()` calls `LadyLakePremiumValidator` — same assembly.

6. `LadyLakePremiumStage.ReferenceResolution` is `public static readonly Vector2`. In builder: `scaler.referenceResolution = LadyLakePremiumStage.ReferenceResolution;` Good.

7. `LadyLakePremiumStage.BackdropColor` public static readonly Color. Good.

8. In builder `BuildScene`, `root.AddComponent<LadyLakePremiumStage>()` — the GameObject "LadyLakePremium" is a plain GameObject (no RectTransform). Stage is a MonoBehaviour; fine.

9. In `BuildScene`, `new GameObject("Backdrop", typeof(RectTransform), typeof(CanvasRenderer), typeof(Image))`. Image requires CanvasRenderer; providing it explicitly is fine.

10. `stage.staticArt = AssetDatabase.LoadAssetAtPath<Sprite>(StaticArtPath);` — if the png isn't imported as Sprite, returns null. Old builder used same. Fine.

11. Build ordering: `Build()` → BuildInternal() → reflection builders → load prefabs → assemble → scene → catalog entry → then ValidateAndWrite(). Good.

12. `EditorSceneManager.NewScene(NewSceneSetup.EmptyScene, NewSceneMode.Additive)` in Play mode? Build is blocked in play via bridge, but the menu item could be clicked in play. Add a guard? `BuildInternal` could throw if `EditorApplication.isPlaying`. Let me add at the top of BuildInternal and Open. Actually the bridge guards; menu items should guard too. Let me add.

13. Potential issue: `PrefabUtility.SaveAsPrefabAsset` requires the path directory to exist. `Assets/Experiments/LadyLakePremium/Integration` exists (we created files there). Good.

14. `AssetDatabase.SaveAssets()` in BuildAssembledPrefab and BuildScene. Fine.

15. The `Card` GameObject created via `new GameObject("Card")` is in the active scene (which could be the user's scene). We destroy it immediately after saving. Fine.

16. `ResetLocal(figureInstance.transform)` sets localPosition zero — but the model worker's FigureRig root is at local 0 anyway. Fine.

17. Nested prefab instance names: We renamed them to "FigureRig"/"Environment". Good.

18. `LadyLakePremiumValidator` uses `AssetDatabase.GetDependencies(report.assembledPrefabPath, true)` — for a prefab asset path works.

19. `DynamicCardPaths.RelativePath(animator.transform, root)` — root is `prefab.transform` (Transform). Good.

20. `LadyLakePremiumEditorBridge` uses `UnityEngine.Object.FindObjectOfType<LadyLakePremiumStage>()`. Requires stage type accessible (public). Good. But `FindObjectOfType` doesn't find inactive objects. Our stage object is active in the scene. Fine.

21. `ScreenCapture.CaptureScreenshot(path)` — exists in Unity 2019.

22. `EditorApplication.isPlaying` setter. Good.

Now let me add play-mode guards to BuildInternal/Open.

Also, one more consideration: The contract says "Public static Editor method LegacyGwent.LadyLakePremium.Editor.LadyLakePremiumBuilder.Build(), combining two prefabs under Card/Pivot". Done.

"Need expose precise methods Build/Open forroot." Done.

Now let me also reconsider: "Preserve original ArtCard prefab asset refs." Our builder instantiates the ArtCard prefab and modifies the instance's CardImg.sprite. Prefab instance overrides are recorded on the instance in the scene. When saved, the scene contains the override, not a modification to the prefab asset. Good. However, there's an alternative: we could add the sprite via AddComponent? No. It's fine.

But there's a subtlety: When we set `stage.card.CardImg.sprite` on a prefab instance in the scene, Unity records a property override. At Play, the scene instance has the sprite. Good.

Now, another important check: `DynamicCardPresentation.Configure` at runtime creates `DynamicCardVisualPivot` and reparents `CardImg`. But `DynamicCardView.Bind(... wholeCard: card.CardBorder.rectTransform ...)` → `view.frame = wholeCard`. `DynamicCardPresentation.Configure` created `visual` from `cardBorder.rectTransform` and reparented children into it. The `CardImg` is now under visual. `DynamicCardView.Create` creates the surface under `art.transform` (CardImg), so it's under visual. `presentation.RegisterGraphic(surface)` requires `surface.transform.IsChildOf(visual)` — true. Good.

Now the `AlignPreviewPortrait` uses `portraitFrame` = CardBorder. It moves `surface.rectTransform.position` by `portraitFrame.TransformVector(...)`. Good.

Now, is there any concern about `DynamicCardPresentation.Configure` being called at runtime and then `Bind` calling `presentation.Begin()`? Begin saves `rect = visual`. Then `Reveal(true)` restores and animates. Good.

Now let me add the edit-mode guards.
dsh: reasoning:
Now, let me reconsider a critical integration risk: the model worker's prefab root is named "FigureRig" and environment "Environment". I find them in the assembled prefab by name. Good.

But there's a deeper issue with the animation clips and bundling: `DynamicCardLibrary.OpenPart` loads ALL RuntimeAnimatorController assets in the part bundle and compares count to `ExpectedControllers`. The bundle builder records `.controller` dependencies. If the model worker uses an AnimatorController stored in the FBX (via `Animator` with a controller asset under Model/), the dependency is a `.controller` asset → included. Good. If the model uses legacy Animation components instead of Animator, `DynamicCardView` still does `GetComponentsInChildren<Animator>()` and would find none → no animation. That's the model worker's responsibility per contract ("Animator with Intro and Loop clips").

Now, another risk: our `Card.prefab` will be loaded from the bundle as a nested-prefab reference to FigureRig.prefab/Environment.prefab. The bundle builder includes dependencies of `Card.prefab` (which includes the nested prefab assets and their dependencies). Good.

Now — the bundle builder path guard. Our assembled prefab path is Integration/Card.prefab, which will be rejected by `DynamicCardBundleBuilder.Build`. So root cannot add our entry to catalog.json and rebuild the bundle as-is. This is the central documented issue.

Wait, will the guard actually be reached? `Build()` reads catalog.json and checks every prefab prefix. If our entry is present with Integration path, it throws. So root must relocate or adjust.

Solution requiring root (documented):
- Preferred: root copies the assembled prefab to a supported path, e.g. `Assets/DynamicCards/Content/Latest/ladylake/Card.prefab` (or `<sceneId>`), and rewrites `prefab` in the catalog entry to that path. Dependencies (FigureRig/Environment and their meshes/materials/controllers/audio) are resolved by AssetDatabase.GetDependencies and can stay under Assets/Experiments/LadyLakePremium. Then rebuild.
- Alternative: root copies the assembled prefab AND its content into the Content tree per the documented production path.
- Alternative (production change, not ours): widen the guard in DynamicCardBundleBuilder to accept a new explicit source directory. That's a production edit; the contract forbids workers touching production, but root owns integration decisions.
- The "enable AllowEditorSourceLoading" shortcut does NOT work while a ready bundle exists, because DynamicCardLibrary.LoadCatalog loads the bundle and skips the AssetDatabase path (`if (bundle == null)`). Even with no bundle, the guard is only in the builder, not the loader, so source loading would work with a catalog merge. But a present cache wins. Do not delete/rename the cache.

Let me also double-check: could the root instead place the prefab under `Assets/DynamicCards/Content/Latest/` without copying (e.g., create a prefab variant)? Copy works.

Actually, hmm — one more possibility: the guard checks `c.prefab.StartsWith(ContentRoot + "Latest/")`. If root sets the catalog `prefab` to the Content path but the actual asset is a *copy*, done. So I'll document that the emitted catalog-entry.json already has the Integration path per the contract, and root must rewrite it to the supported path when merging.

Actually, maybe I should emit a second file `catalog-entry-content.json` with the suggested Content path? That might be presumptuous. I'll document the exact suggested path in the report and mention the one-line rewrite. Keep the deliverable as specified.

Now let me write the integration report. It's a key deliverable. Let me be thorough but concise.

Also I should double check: does the task want me to *not* create the scene/prefab now (can't), but provide Build()? Yes.

Let me also verify there are no other files in Integration that I should create, e.g. a `.meta`? Unity generates. Fine.

Let me write integration-report.md.
dsh: reasoning:
Now let me update the todo and then do a careful review of the code for compile errors. Let me re-read the three C# files I wrote to catch issues.

Let me re-read LadyLakePremiumStage.cs and check.
dsh: reasoning:
Potential compile issue: `card.Content` is of type `CardContent` (public class in global namespace?). `card.Content != null ? card.Content.transform : (Transform)null` — the ternary has types Transform and Transform (null cast). Fine.

`target.Content.gameObject.SetActive(false)` — CardContent is MonoBehaviour, has gameObject. Fine.

`FindObjectOfType<EventSystem>()` inside a static method of a MonoBehaviour — `FindObjectOfType` is a static method of UnityEngine.Object, accessible unqualified in a static context? In a static method of a class deriving from MonoBehaviour, you cannot call instance methods, but `FindObjectOfType` is static and inherited static members are accessible via the type name; in C#, static members of a base class are accessible unqualified within the derived class, including in static methods. Yes, `Object.FindObjectOfType` is static, so `FindObjectOfType<EventSystem>()` works in a static method. Similarly `Instantiate(prefab, cardHost)` in instance method works. Good.

`Resources.Load<GameObject>` static. Good.

Now, `snapshot.renderSize = ... : null;` ternary with string and null → string. Fine.

Now `view.RenderTarget` internal — but wait, is `DynamicCardView` in the same assembly? My file is under `Assets/Experiments/LadyLakePremium/Integration/Runtime/`. There's no asmdef. All runtime scripts compile to Assembly-CSharp. DynamicCardView is under `Assets/DynamicCards/Runtime/` → Assembly-CSharp. Same. Good.

However — `DynamicCardFraming` is `internal static class`. My `LadyLakePremiumFraming` references `DynamicCardFraming.AppearanceOffset` — same assembly. Good.

Now let's double-check `LadyLakePremiumFraming`: `using Assets.Script.DynamicCards;` and references `DynamicCardFraming.AppearanceOffset.y`. Since `DynamicCardFraming` is internal, this only compiles if same assembly. Yes.

But wait: will the Editor assembly's reference to `LadyLakePremiumFraming.PivotLocalPosition()` (public) work? Yes, public method on public class in Assembly-CSharp. Good.

Now, the builder references `LadyLakePremiumStage.ArtId` (public const). Good.

Now compile issue in the builder: `using System.Linq;` unused — no error. `using UnityEngine.UI;` used for CanvasScaler/GraphicRaycaster/Image. `using UnityEngine.EventSystems;` used. `using UnityEditor.SceneManagement;` used. `using UnityEngine.SceneManagement;` used for SceneManager, Scene. But `UnityEngine.SceneManagement.Scene` referenced in `Builder`? Not directly. Fine.

Wait: `Assets.Script.DynamicCards` namespace also has `DynamicCardSettings`, etc. But builder uses `DynamicCardEntry` etc. Good.

Potential ambiguity: `using UnityEngine.SceneManagement;` and `using UnityEditor.SceneManagement;` both may define `SceneManager`? No, SceneManager is only in UnityEngine.SceneManagement. `EditorSceneManager` is in UnityEditor.SceneManagement. `OpenSceneMode` in UnityEditor.SceneManagement. Good.

In the validator I have both usings too; `Scene` is UnityEngine.SceneManagement.Scene. Good.

Potential ambiguity: `SceneManager` used in builder (`SceneManager.GetActiveScene()`, `SetActiveScene`, `MoveGameObjectToScene`) — only UnityEngine.SceneManagement defines it. Good.

Now, one concern: In `LadyLakePremiumBuilder.BuildScene`, I call `SceneManager.SetActiveScene(scene)`. If `scene` isn't loaded, throws. NewScene additive is loaded. Good.

Now `EditorSceneManager.CloseScene(scene, true)` then `SceneManager.SetActiveScene(previousActive)`. If previousActive scene got unloaded (it shouldn't), guard `isLoaded`. Good.

Now let me double check `LadyLakePremiumValidator`: it uses `Scene` and `OpenSceneMode`. Also `report.sceneHasDynamicView` uses `DynamicCardView` type — imported via `using Assets.Script.DynamicCards;`. Good.

`report.sceneHasDynamicPresentation` uses `DynamicCardPresentation`. Good.

`LadyLakePremiumValidationReport` fields with array initializers — JsonUtility serializes. Fine.

Now, a concern: `LadyLakePremiumValidator.Validate()` calls `EditorSceneManager.OpenScene(report.scenePath, OpenSceneMode.Additive)`. If the scene is already open (e.g., root opened it for play/verification), opening additively again would create a duplicate or throw. `OpenScene` on an already-open scene throws `ArgumentException`? In Unity, opening an already-open scene additively may fail. To be safe, check if the scene is already loaded first:
```
var existing = SceneManager.GetSceneByPath(report.scenePath);
if (existing.IsValid() && existing.isLoaded) { inspect existing; }
else { open additive; inspect; close; }
```
Let me refactor ValidateScene: find existing loaded scene by path; if found, inspect without closing; else open additively, inspect, close.

Let me update the validator.

Also `Validate()` is called by Build() right after BuildScene() saved and closed the scene, so it won't be loaded. But root might call validate while the scene is open. Handle both.

Let me edit ValidateScene.
dsh: reasoning:
Now `using System.Linq;` in validator — used for `.OrderBy`, `.Select`, `.FirstOrDefault`, `.Where`. Good.

Let me re-read the validator top part to ensure correctness.
dsh: reasoning:
One issue: `report.runtimeChecklist` is a *list of claims*, not verified — the header says "checks" would imply pass. It's fine as documentation, but to be honest, it's a checklist not all verified at validate time (e.g., "DynamicCardView.Bind is called..." is verified by source, not runtime). The task wants "clear unverified runtime". The runtimeChecklist is labeled as such. Fine.

Potential compile issue: `root.GetComponentsInChildren<Transform>(true)` returns Transform[]; `transform.GetComponents<Component>()` — Transform derives from Component, so GetComponents<Component>() works. Good.

Now, `CountMissingScripts(root)` where `root` is `prefab.transform` (Transform). Good.

Now let me check the builder file for the `using System.Linq;` unused warning and `DynamicCardEntry` object initializer field names. Let me re-read the builder quickly around WriteCatalogEntry and BuildScene.

Actually there's a possible compile problem: `UnityEngine.Object.DestroyImmediate(root);` — `Object` is ambiguous? In namespace `LegacyGwent.LadyLakePremium.Editor` with `using UnityEngine;` and `using UnityEditor;`, `UnityEngine.Object` fully qualified → fine. I used `UnityEngine.Object.DestroyImmediate`. Good.

`PrefabUtility.InstantiatePrefab(figure, pivot.transform)` returns `UnityEngine.Object`; cast to GameObject. Good.

`PrefabUtility.SaveAsPrefabAsset(root, AssembledPrefabPath)` returns GameObject. Good.

Now, `LadyLakePremiumBuilder` uses `DynamicCardEntry` object initializer with `particleEvents = new DynamicCardParticleEvent[0]` etc. These types are in `Assets.Script.DynamicCards`. The `using Assets.Script.DynamicCards;` is present. Good.

One issue: `DynamicCardEntry` has a field `topMargin` (float) that I don't set → defaults 0. Fine. `beforeCut`/`afterCut` default null → JsonUtility writes "". Fine.

Now `sourceId`/`sourceVersion` fields exist. Good.

Now, `WriteCatalogEntry` writes a bare entry (JsonUtility.ToJson(entry)). Good.

Now, a subtle issue: `JsonUtility.ToJson` on `DynamicCardEntry` will serialize fields in declaration order including `artIds` etc. Fine.

Now, `LadyLakePremiumBuilder.Build()` menu item attribute: `[MenuItem(...)]` requires `using UnityEditor;` — present. Good.

Now let me consider: Does the editor assembly have a reference to `UnityEngine.UI`? Yes, Unity's default. `CanvasScaler`, `GraphicRaycaster`, `Image` in UnityEngine.UI. Good.

Now, one more important thing: the `LadyLakePremiumEditorBridge` static constructor registers `EditorApplication.update += Poll`. This is fine, but `[InitializeOnLoad]` on a class whose static ctor throws can break the editor. Our static ctor only subscribes. Good.

Now, is `File.Exists(RequestPath)` with a project-relative path reliable? The editor process CWD is the project root (the folder containing Assets). Unity's current directory is the project root. `Path.Combine("Assets/.../editor-request.txt")` → relative to CWD = project root. The old LadyLakeAcceptance used `Application.dataPath`-based absolute. To be robust, I should build absolute paths from `Application.dataPath`. `RequestPath = Path.Combine(Root, ...)` where Root = "Assets/...". If CWD isn't project root, this breaks. Unity's CWD is generally the project root, but let me make it robust:
```
private static readonly string IntegrationRoot = Path.GetFullPath(Path.Combine(Application.dataPath, "Experiments/LadyLakePremium/Integration"));
```
and path combine. But `Application.dataPath` is only valid at runtime/editor. In a static readonly field initializer of an [InitializeOnLoad] class, it runs on editor load; `Application.dataPath` is available. Good.

Similarly, the builder uses project-relative asset paths (AssetDatabase) which is correct for AssetDatabase APIs. The bridge's file IO should be absolute. Let me update the bridge.

Also `ScreenCapture.CaptureScreenshot(path)` accepts absolute or relative-to-project. Absolute is safer.

Let me edit the bridge to use absolute IO paths.

Also: `LadyLakePremiumEditorBridge` should not spam `editor-state.json` unless a command. It doesn't. Good.

Let me update.
dsh: reasoning:
`RootAssetPath` is now unused → compiler warning, not error. But to be tidy, let me remove it or use it. Actually unused private const → CS0414 warning for fields, but const unused doesn't warn. Fine. But it's dead. Let me remove it.

Also I referenced `Path.Combine(Root, "capture.png")` in Execute for capture default — Root is now absolute. Good.

Let me remove RootAssetPath.
dsh: reasoning:
Now let me verify the bridge file compiles logically. Let me read it.
dsh: reasoning:
One issue: `WriteSample()` uses `FindObjectOfType<LadyLakePremiumStage>()` which only finds active objects. If the stage object is active, fine. Also, during Play mode, it finds the scene instance. Good.

Another issue: The bridge `sample` command writes `stage-sample.json` but only after `Execute` succeeds. Good.

Now, `ScreenCapture.CaptureScreenshot(path)` writes on the next frame end. Fine.

Potential issue: In `Capture`, `Path.GetFullPath(path)` for a relative path resolves against CWD (project root), which is fine.

Now, one important consideration about the file bridge and the `.txt` asset: Since `editor-request.txt` is inside Assets and is a TextAsset, when root writes to it Unity will detect the change and possibly reimport, causing `EditorApplication.isUpdating` true briefly. Our poll checks isUpdating and skips. Then on next poll reads it. But the file might get its content replaced? No, Unity import doesn't modify source. Good. However, Unity might create a `.meta` and keep the asset; our File.Delete removes the file; Unity sees deletion and reimports → removes meta? Not important.

Actually, a subtle risk: writing/deleting a `.txt` under Assets triggers asset refresh loops. The old LadyLakeAcceptance used `work/LadyLakeLab` **outside** Assets for its request file, avoiding this. The task explicitly says "own requestfile Integration/editor-request.txt", so it's inside Integration. I'll keep it as specified. To reduce churn, that's acceptable.

Now, let me reconsider one potentially serious issue: **`[InitializeOnLoad]` + `Application.dataPath` in a static field initializer.** Static field initializers run in the static constructor before the body. `Application.dataPath` is available. Fine.

Now let me double-check the builder file once more for correctness.
dsh: reasoning:
`using System.Linq;` is unused in builder. That's fine (no error). `using System;` used for InvalidOperationException, AppDomain, Type. Good.

`ReportPath` const is unused; fine.

Now, an important design question: `Build()` calls `BuildInternal()` then `ValidateAndWrite()`. But `BuildInternal` builds the scene by opening it additively and closing it. Then `ValidateAndWrite` → validator → `SceneManager.GetSceneByPath(ScenePath)` returns invalid (closed) → opens additively → inspects → closes. Good.

Now: A potential issue with `ValidateAndWrite` being a `[MenuItem]` AND called from Build. Fine.

Now let me reconsider: the builder calls the model/env `Build()` methods, which will create prefabs. Those Build methods might themselves do `AssetDatabase.Refresh` or open scenes. Not our concern.

Now, the biggest remaining risk: **the assembled prefab's nested prefab instances and the `entry.pivot = "Pivot"` lookup.** `DynamicCardView.Create` does `model.transform.Find(entry.pivot)` where `model` is the instantiated Card prefab root. `Find("Pivot")` finds direct child. Good.

Now, another risk: `DynamicCardView.Create` does:
```
foreach (Transform child in model.transform)
    if (child.localPosition.sqrMagnitude > 1000000) child.localPosition = Vector3.zero;
```
Our Pivot localPosition magnitude ~4.17 → fine.

Now, let me reconsider the "Card/Pivot" naming vs `DynamicCardPaths` for effects. Not relevant.

Now, let's think about whether the Animator in FigureRig will animate correctly. The model worker's Animator is nested under Pivot. `DynamicCardView` calls `GetComponentsInChildren<Animator>(true)`, `Rebind()`, `Update(0)`. The controller's Intro/Loop states should play. Good.

Now a subtle but important issue: **The environment worker's audio `Audio/LadyLakeLoop.wav` is at `Environment/Audio/...`, not inside the `Environment.prefab` as an AudioSource necessarily.** Our catalog entry declares `audio` path; DynamicCardView loads it if previewAudio true and adds an AudioSource to the model. Good. If the environment prefab also has an AudioSource, there could be two audio sources; but the environment worker was told "do not add separate AudioListener or duplicate audioSource". Their prefab may have an AudioSource. DynamicCardView adds another with the catalog clip. That could double-play. Hmm. But DynamicCardView's added AudioSource plays the catalog clip; if the environment prefab has its own AudioSource with a clip, both play. The environment worker said they'd provide the wav and expose the catalog fragment; likely no AudioSource in the prefab (since audio is driven by the catalog). I'll leave playPreviewAudio=true and note the possibility. Actually, to avoid double audio, maybe I should set playPreviewAudio=false and instead let the environment prefab's own AudioSource (if any) handle it. But if none, no audio. Hmm.

The safest is to leave it as a serialized field (default true) and document. Root can adjust.

Actually, wait — there's a real risk that playPreviewAudio=true causes the catalog `audio` path to be loaded from the bundle. If root's bundle rebuild doesn't include the audio (because the entry's audio path is under Environment/ and the bundle builder includes `c.audio` in assets via `assets = group.SelectMany(c => new[] { c.prefab, c.audio })`), so it will include it. Good.

OK.

Now let me reconsider the requirement: "Do not bypass missing models with placeholders." We throw. Good.

"Do not issue editorrequests yourself." We don't. Good.

"Only new scene/programming in Integration, no production changes or catalogmerge." We only wrote under Integration. Good.

Now, one thing I should double check: Did I create any files outside Integration? No.

Now, let me reconsider the `editor-request.txt` placeholder. When Unity imports it as a TextAsset, that's fine. But the bridge checks `command[0] == '#'`. The placeholder's first line is `# LadyLakePremium opt-in editor bridge.` Good.

Now, there's a subtle risk: `LadyLakePremiumEditorBridge.Poll` calls `File.Exists(RequestPath)`. If Unity hasn't imported the folder yet... it exists on disk. Fine.

Now, let me reconsider whether the bridge should be opt-in more strongly: "must be optin no autorebuildnoplay unlesscommand". Our bridge only acts on a command. Good.

Now, a possible compile error: `EditorSceneManager.OpenScene(report.scenePath, OpenSceneMode.Additive)` in the validator — `OpenSceneMode` is in `UnityEditor.SceneManagement`, imported. Good.

Now, `LadyLakePremiumValidator` uses `UnityEngine.SceneManagement.Scene` via `using UnityEngine.SceneManagement;` → `Scene`. And `UnityEditor.SceneManagement` has `Scene`? No. There's `UnityEditor.SceneManagement.EditorSceneManager` only. No ambiguity.

Wait, there IS a potential ambiguity: both `UnityEngine.SceneManagement` and `UnityEditor.SceneManagement` might define `OpenSceneMode`? No, only UnityEditor.

Now, `SceneManager` — only UnityEngine.SceneManagement. Good.

Now let me also double-check the validator's `using System.Text;` — unused. Fine.

Now, let me reconsider one important correctness point in `LadyLakePremiumFraming`: I subtract `DynamicCardFraming.AppearanceOffset.y` which is 2. But is the appearance offset applied along the staging root's Y, and does the camera really not include it? Yes (verified lines 254-281). Good.

But wait — there's also `RenderCard` in `DynamicCardView` for the *thumbnail* case adding the appearance offset to the camera. For preview (largePreview=true, miniature=false), the camera is NOT offset. Our scene uses largePreview. Good.

Now, another subtlety: `DynamicCardFraming.CameraDistance(entry, miniature)` returns `entry.cameraDistance` for non-thumbnail (and non-renderer-default id). Our id isn't one of the three special ids. So -11.5. Good.

Now let me reconsider the framing offset sign once more with a concrete check. Camera at (X, Y, -11.5), looking +Z. In camera view, a world point (X+dx, Y+dy, 0) projects to view x = dx/d, view y = dy/d in normalized camera units where the half-height at distance d is `tan(FOV/2)`. The RT UV: u = 0.5 + (view_x)/(2*halfHeight/d)?? Let's redo: At distance d, the visible half-height in world = tan(FOV/2)*d = 3.6259. A point with world y offset dy (relative to camera axis) maps to v = 0.5 + dy/(2*halfHeight) = 0.5 + dy/7.2519.

We want the content center (world offset from camera = (contentX - cameraX, contentY - cameraY)) to map to the region center (u=0.507333, v=0.494134). So:
contentX - cameraX = (0.507333-0.5)*7.2519 = +0.053175 → contentX = cameraX + 0.053175.
contentY - cameraY = (0.494134-0.5)*7.2519 = -0.042541 → contentY = cameraY - 0.042541.

cameraY = stagingY. contentY = stagingY + 2 + pivotY. So pivotY = -0.042541 - 2 = -2.042541. ✓.
cameraX = stagingX. contentX = stagingX + pivotX. pivotX = +0.053175. ✓.

Good.

Now, the contract coordinate frame: art center at px=248.5 → x=0. Our content center is at Card origin + pivot offset. The FigureRig is authored in contract frame with its content centered at (0,0,0) presumably. Actually not necessarily "centered at origin" — the contract frame origin is the center of the 497x710 art. The model worker authors the figure in that frame. The "content" (the whole 497x710 painting) is centered at origin by construction. So placing the pivot at the computed offset centers the painting in the ArtRegion. Good.

Now, potential issue: the figure might not fill the painting; but that's the model worker's job.

Now, one more: the environment worker's geometry "behind figure z>=.3". With the pivot offset only in x/y, z stays. Good.

Now, I should double check `LadyLakePremiumFraming.ArtRegionWorldHeight()` uses the same formula. Yes.

Let me view the final framing file to confirm.
dsh: reasoning:
Good.

Now let me think about whether there are other things the task explicitly asks that I haven't covered:

- "Model/existingcamera creation entirely originalruntimeDynamicCardView." — Yes, the scene has no camera; DynamicCardView creates the card camera. ✓
- "No reflection injections of fakeprivateLibraryentries and no direct prefabRenderTexture fallback." — ✓ (we only use reflection for worker Build methods, explicitly required).
- "Build method reflectioncallsModel/EnvironmentBuild; throws useful error if absent." — ✓
- "Do not bypass missing models with placeholders." — ✓
- "Build stage Card/Pivot, adjust appearanceoffset+2 and square RT artregion originalframing so world7.1 high imagefits." — ✓
- "FOV35 cameraDistance about-11.5." — ✓
- "Document exactframingmath." — ✓ in report + code comments.
- "Existingbackground effective497710." — documented as painting 497x710. ✓
- "Preserve originalArtCardprefab asset refs." — instantiate via PrefabUtility, don't modify prefab asset. ✓
- "Supply useful static/editor validation report for prefab references/bones/clips plus clearunverifiedruntime." — ✓
- "Use EditorApplication filebridge own requestfile Integration/editor-request.txt for build/open/play/stop/capture optional; must be optin no autorebuildnoplay unlesscommand. Main root will use thisbridge forverification. Do not issue editorrequests yourself." — ✓
- "Need expose precise methods Build/Open forroot." — ✓
- "Only new scene/programming in Integration, no production changes or catalogmerge." — ✓
- "No changing globaluserprefs without restore." — DynamicCardSettings uses PlayerPrefs; we restore. EditorPrefs untouched. ✓
- "Use Unity2019 APIs/C# and existingproject namespaces." — ✓
- "ActualScenePlay should work afterRootproperpackagesauthoring." — ✓ (with fallback warning otherwise)
- "Analyze whether bundledcache maytakeprecedence over sourcefallback anddocument solution requiringroot, do not move/deletecache." — ✓
- "Build report Integration/integration-report.md." — ✓
- "No commit, Unity restart or mass scans ofbinaryassets." — ✓

One thing: "Implement real premium production path scene and prefab assembler" — ✓.

Now, there's a phrase: "Existingbackground effective497710." I interpreted as the existing background/painting effective 497x710. Let me double check contract line: "Effective art 497x710 pixels". Yes.

Now, potential issue: "Build stage Card/Pivot" might mean the assembled prefab should be `Card` root with `Pivot` child. ✓.

Now, another important gap: The task says "Code should produce single complete card onPlay". Our scene produces the card via the stage. But the stage's `Build()` is invoked in `Awake`. At that point, has the ArtCard prefab instance been fully deserialized? Yes, Awake is after deserialization. Good.

But there's an ordering subtlety: `DynamicCardView.Bind` adds the DynamicCardView component to CardImg. `DynamicCardView.OnEnable` runs immediately; artId is null → Refresh returns. Then Bind sets fields and calls Refresh → presentation.Begin() → hides. Then Enqueue. Good.

Now, the DynamicCardPresentation.Configure is called before Bind. But `Configure` iterates `foreach (Transform child in root)` and reparents. Our `card.Content` is disabled by `ApplyGoldNeutralFrame` before Configure. Does Configure skip disabled children? `foreach (Transform child in root)` includes inactive children (Transform enumeration includes inactive). Yes. Content is excluded by description anyway.

Wait: `ApplyGoldNeutralFrame` disables Content's GameObject. Then Configure's `children` list excludes `description` (Content.transform) regardless of active state. Fine.

Now, does `Configure` include the `DynamicCardVisualPivot` we might have created? It creates it fresh. On a fresh play, no prior visual. Good.

Now, one concern: `Configure` does `visual.position = cardBorder.TransformPoint(cardBorder.rect.center);`. For an overlay canvas, TransformPoint returns world coordinates. Fine. Then reparents children with `SetParent(visual, true)` (worldPositionStays=true). Fine.

Now, `projectionDistance` computed. Fine.

Now, the drag handle: Bind adds it to CardBorder and sets `handle.View = view; handle.enabled = view.preview && view.model != null` → model null → disabled. Later in Create, `if(dragHandle!=null)dragHandle.enabled=preview;` → enabled. Good.

Now, `DynamicCardView.IsVisible()` requires the canvas. Our Canvas is overlay, active. Good. And `art.canvasRenderer.cull`? For overlay it should not cull. Good.

Hmm, `IsVisible()` also loops parents for RectMask2D/Mask. Our hierarchy: CardHost (no mask) → Canvas. Good.

Now, the RT camera renders the model in an isolated scene. The model is active only when `IsVisible()`. In LateUpdate, `model.SetActive(running)`. On the first LateUpdate after Create, model is active (Create sets `model.SetActive(true)`). Good.

Now, one more: `RenderCard()` is called in Create before `surface.enabled = true`. It renders the camera. Good.

Now, the RawImage surface uses the `DynamicCardSurface` shader loaded from Resources. Good.

Now — an important potential problem: **DynamicCardSettings enabled state triggers PlayerPrefs writes**, and `DynamicCardSettings.Changed` event. On `OnDestroy` we restore. But if the domain reloads on script recompile while in Play (unlikely with our code), OnDestroy may not run. Acceptable; documented.

Now, let me reconsider the scene's Canvas: Screen Space Overlay with `CanvasScaler` reference 1600x900. The card is scaled by `FitCardToHost` to 72% of cardHost height. cardHost is stretched to canvas, so its rect height in canvas units = 900 (at reference resolution). Card root rect height 385.8 → scale = 900*0.72/385.8 = 1.679. So card displays ~648 canvas units tall. Good.

Now, `FitCardToHost` runs in LateUpdate. On the first frame, scale applied. Good.

Now, an issue: `card.transform.localScale` is set, but `DynamicCardPresentation.Configure` set `visual.anchorMin = visual.anchorMax = root.pivot` and `visual.sizeDelta = root.rect.size`. Scaling the card root scales everything. Good.

Now, there's a concern that `Configure` computes `projectionDistance` using scaled sizes; but it's computed at Build time before FitCardToHost scales. `visual.InverseTransformVector(cardBorder.TransformVector(...))` — since visual and cardBorder are in the same local frame, the scale cancels. Fine.

Now let me consider whether the DynamicCardPresentation overlay perspective works when the card root is nested under a scaled hierarchy. It uses local rotation/position of `visual`. Fine.

Now, one more: The task says "old standalone wrapper only reference for correct UIlayout". Our UI layout: Canvas overlay, backdrop, cardHost, card centered, scaled to 72%. This matches the old wrapper's structure (they used Screen Space Camera; we use Overlay). The difference is documented? I should mention it in the report. Let me add a note. Actually I mentioned "UI layout reference only". Let me explicitly note the Overlay-vs-Camera deviation in the report.

Let me add a short note to section 5 or 7.

Also, I should double-check: is there any issue with using Screen Space Overlay and the old wrapper's `GraphicRaycaster`? Overlay canvas with GraphicRaycaster works with EventSystem. Good. Drag works.

Now let me also reconsider: The `EventSystem` is created as a child of the root. The `StandaloneInputModule` requires an `EventSystem` on the same GameObject — yes, both on eventGo. Good. But in Unity 2019, if the project uses the new Input System, StandaloneInputModule may warn. The project uses legacy input (Input.anyKey etc.), so fine.

Now, one more: The builder creates the EventSystem in the new scene, but `EnsureEventSystem()` at runtime checks `FindObjectOfType<EventSystem>()` — one exists. Good.

Now let me add the Overlay note and also mention playPreviewAudio divergence in the report. Let me edit the report section 5.

Actually the report already mentions playPreviewAudio. Let me add a bullet about Overlay.

Let me also reconsider whether I should include an `Integration/README`? Not needed.

Now, let me also verify there are no leftover `ReportPath` references that might cause "unused" — const unused is fine.

Let me now do a final syntax sanity check by attempting a rough parse. I can't compile C#. But I can at least re-read the remaining builder section.
dsh: reasoning:
There's a potential issue at line 149: `SceneManager.SetActiveScene(scene)` where `scene` is from `EditorSceneManager.NewScene`. If the new scene is additive and loaded, fine.

But line 207-208: `EditorSceneManager.CloseScene(scene, true);` then `SceneManager.SetActiveScene(previousActive)`. If `previousActive` was the same as the currently-active `scene`... no. But wait: after `NewScene(..., Additive)`, is `scene` active? EditorSceneManager.NewScene with Additive may or may not set it active. We explicitly set it active. `previousActive` captured before. Good.

However, if `EditorSceneManager.NewScene` throws, `scene` is unassigned and the finally references it → compile error: "use of unassigned local variable 'scene'". In C#, `var scene = EditorSceneManager.NewScene(...)` — if the initializer throws, the variable is never assigned, but the compiler considers it definitely assigned after the declaration statement (the assignment is part of the declaration). Actually `var scene = expr;` — the variable is definitely assigned after that statement only if the statement completes; for exception paths, the variable isn't used because control leaves. The compiler's definite assignment analysis treats `scene` as assigned at the point after the declaration. In the `finally`, `scene` is used; the compiler considers it assigned because the try block begins after the declaration. So it compiles. Good.

Similarly in ValidateScene, `Scene scene = SceneManager.GetSceneByPath(...)` is before try. Good.

Now, line 207: `EditorSceneManager.CloseScene(scene, true)` in finally could throw if scene already closed/not loaded. Wrap in guard? Add `if (scene.IsValid() && scene.isLoaded)`. Let me add for safety.

Also line 208: after CloseScene, `SceneManager.SetActiveScene(previousActive)`. If editor is in a weird state, could throw. Guard is present.

Let me guard CloseScene.

Another concern: `EditorSceneManager.NewScene(NewSceneSetup.EmptyScene, NewSceneMode.Additive)` may return a scene that isn't loaded immediately? It is.

Now, importantly: `SceneManager.SetActiveScene` requires the scene to be loaded; fine.

Let me add the guard.

Also: a bigger correctness concern — `EditorSceneManager.NewScene` with `NewSceneMode.Additive` while a scene is being modified... it's fine.

One more: the builder sets `cardRect.anchorMin = cardRect.anchorMax = new Vector2(.5f,.5f)` on the ArtCard prefab instance. The prefab root has anchors (0.5,1) and anchoredPosition (393,-210). We override to center. This records overrides on the instance. Good.

Now, a very important thing: `stage.card.CardImg.sprite = stage.staticArt;` — the ArtCard prefab's CardImg is on the "CardBg" child with sprite guid 11a9596f8c9955c468372cb016162865. Setting the instance's sprite to c10000000 records an override. Good.

Now let me add the CloseScene guard.
dsh: reasoning:
Now, let me think about a potentially critical issue with the assembled prefab and the DynamicCardLibrary's `nonRenderingPaths`. Our entry sets `nonRenderingPaths = []`, fine.

Now, another important concern: **`DynamicCardLibrary.Load` in editor uses the bundle.** The bundle's `entries` index is built from the bundle's `catalog.json` (the one baked into cards.bundle). When root merges the entry into `Assets/DynamicCards/Content/catalog.json` and rebuilds, the bundle's catalog includes it. Good.

Now, what about the `DynamicCardBundleBuilder` guard check on `c.audio`? It doesn't check audio path prefix; it includes `c.audio` in assets. The audio under Assets/Experiments will be included. Good.

Now, another important consideration about **`DynamicCardMaterialValidation.Validate(cards)` and `DynamicCardSkinValidation.Validate(cards)`** — these run on all catalog entries at bundle build. They might fail for our entry (e.g., requiring specific material setups). Let me check what they validate, to document risk. Let me quickly read them.
dsh: reasoning:
`DynamicCardMaterialValidation.Validate` checks `/conversion.json` next to the prefab. Our prefab is `Integration/Card.prefab` with no `conversion.json` → `File.Exists` false → continues. Good.

`DynamicCardSkinValidation`: `File.ReadAllText(card.prefab)` — the asset path is relative; `File.ReadAllText("Assets/...")` works if CWD is project root. Our prefab path is Integration/Card.prefab. It checks if the text contains "m_Bones: []". If our FigureRig has nested prefab instances, the Card.prefab text contains a `PrefabInstance` with modifications but the SkinnedMeshRenderer is in FigureRig.prefab, not Card.prefab. So `File.ReadAllText(Card.prefab)` likely does NOT contain "m_Bones: []" → `continue`. So the validation is skipped for our card. Good (no failure). Although this means the skin validation doesn't check the nested rig — the model worker should ensure bones.

Wait — if `Card.prefab` doesn't contain the string "m_Bones: []", it continues (skips). Good. If it did contain it (e.g., an explicit SkinnedMeshRenderer override), it would load the prefab and check. Fine.

Now, the bundle builder checks `c.prefab.StartsWith(...)` for all cards including ours. So our entry must NOT be added with the Integration path. Documented.

Now, let me think about whether I should proactively provide a helper in Integration that copies the assembled prefab to the supported Content directory when the root requests it — but the task says "Only new scene/programming in Integration, no production changes or catalogmerge" and "do not move/deletecache". Copying into Content would be a production-area write. The task says root handles catalog merge/cache build. So I should NOT copy. Documented solution only. Good. But the task also says "Root handles actualcatalogmerge/cachebuild to avoid touching allcards." So root will do it. Good.

Hmm, but should I offer a `Build()` option to emit the prefab directly under a Content dir? That would touch production dirs (Assets/DynamicCards/Content). The contract says integration worker owns Integration/** only. So no.

Now, one more requirement I should double check: "sourcecatalogentry Integration/catalog-entry.json". Done.

Let me now update the report with the Overlay canvas note and the bundle-builder guard details (already in section 6). Let me add the Overlay note in section 5.

Also, I realize I should double-check: does `DynamicCardPresentation` overlay-perspective path actually require a camera? Its comment: "Overlay canvases need the same projective divide." So it's designed for overlay. Good.

Let me add the note.
dsh: reasoning:
Now, let me reconsider a potentially serious compile issue: `DynamicCardSettings` is `public static class` in `Assets.Script.DynamicCards` — accessible. `DynamicCardQuality` public enum. Good.

Another: `LadyLakePremiumStage` references `CardContent` implicitly via `card.Content` — its type is `CardContent` (global namespace, public class). We don't name the type, so no using needed. Good.

Now, `target.Content.gameObject.SetActive(false)` — `CardContent` derives from MonoBehaviour → gameObject. Good.

Now — potential problem: `card.Content` might be a `CardContent` component whose transform is reparented by Configure only if description != null. We pass `card.Content.transform` as description so it's excluded. Then we disable it. Good.

Now let me think about whether `DynamicCardPresentation.Configure` might fail when called at runtime on a prefab instance whose visual pivot creation conflicts with the disabled Content. No.

Now, a concern: `Configure` requires `root.rect.size` — the card root RectTransform. For a prefab instance under a Canvas, `rect.size` is 278.83 x 385.8. Fine.

Now, let me think about the event ordering in `Awake`: `LadyLakePremiumStage.Awake` calls Build. But the ArtCard prefab instance's own `Awake` (if ArtCard had one — it doesn't) would run first. Fine.

Now, `DynamicCardLibrary.Instance` is created lazily in `Enqueue`. That creates a `DontDestroyOnLoad` GameObject. In a standalone scene, this persists. Good. On scene unload, the library's OnDestroy unloads bundles. Good.

Now, there's a subtle issue: `DynamicCardLibrary.Update` checks `PlayerPrefs.GetInt("effectVolum"...)`? No, that's DynamicCardView. Fine.

Now, another subtle issue: `DynamicCardLibrary.LoadCatalog` in editor, when bundle present, loads it. The bundle's catalog.json is the BAKED one. After root merges + rebuilds, the bundle catalog includes our entry. Good.

Now, let me reconsider the requirement: "ActualScenePlay should work afterRootproperpackagesauthoring." Yes.

Now, let me think about whether the `Build()` method should ALSO produce a `catalog-entry.json` with the supported Content path to make root's job easier. I documented it. Maybe I can add a second field or a comment in the JSON? JSON can't have comments. I'll leave it.

Now, let me consider adding to the report an explicit "root quickstart" with the bridge commands, which I have in section 8.

Now let me do a final review of the remaining validator portion (lines 1-160) for compile issues.
dsh: reasoning:
Now I notice a potential compile issue at line 170: `var eventSystem = roots.Select(...).FirstOrDefault(...)` — `roots` is `GameObject[]`; `GetComponentInChildren<EventSystem>(true)` requires `using UnityEngine.EventSystems;` OR fully qualified `UnityEngine.EventSystems.EventSystem` — I used fully qualified type, so fine. Good.

Line 89: `var clipNames = new HashSet<string>();` — HashSet requires `System.Collections.Generic`, imported. Good.

Line 127: `SkinnedMeshRenderer[] skins` — UnityEngine.SkinnedMeshRenderer, `using UnityEngine;` present. Good.

Now line 73: `DynamicCardPaths.RelativePath(skin.transform, root)` — root is Transform. Good.

Now `Check(report, report.paintingWorldWidth <= report.artRegionWorldWidth + .05f, ...)` — floats. Good.

Now `Scene scene = SceneManager.GetSceneByPath(report.scenePath);` — `Scene` from UnityEngine.SceneManagement. But both `UnityEngine.SceneManagement` and `UnityEditor.SceneManagement` are imported; is there a `Scene` type in UnityEditor.SceneManagement? No. Good.

Now, the `LadyLakePremiumValidationReport` has `public string[] checks = new string[0];` etc. JsonUtility serializes arrays. Good.

Now, potential issue: `System.Text` unused in validator → warning only.

Now let me reconsider: `LadyLakePremiumValidator.Validate()` calls `ValidateScene` which opens the scene additively; but if the current active scene IS the LadyLakePremium scene, `GetSceneByPath` returns it and `opened=false`, so we don't close it. Good.

Now, there's a subtle bug: `SceneManager.GetSceneByPath` in the editor (edit mode) — works for loaded scenes. Good.

Now let me think about whether the `LadyLakePremiumStage` type is in the runtime assembly and visible to the editor validator. Yes, public.

Now, one more important thing: The **runtime stage is in Assembly-CSharp** and references `DynamicCardView` internals (`IsPresentationReady`, `RenderTarget`). This is only valid if both are in Assembly-CSharp. Confirmed no asmdefs. But wait — is there a `Cynthia.Card` asmdef or a precompiled DLL for DynamicCards? No.

But hold on: `Assets/DynamicCards/Runtime/*.cs` — is `Assets/DynamicCards` perhaps inside a package or has a `.asmdef` we missed? glob `Assets/**/*.asmdef` returned "No files found". So no asmdefs anywhere in Assets. Good. But there may be asmdefs in Packages (not relevant). DynamicCardView is in Assets → Assembly-CSharp.

Hmm, actually, `glob` with pattern `Assets/**/*.asmdef` — does the glob tool match recursively? Pattern contains "/", anchored. It should match. It returned none. Good.

Now, there's a risk I should mitigate: relying on `internal` members across files is fine for same-assembly, but if the reviewer later adds an asmdef, it breaks. To be robust, I could use reflection for `IsPresentationReady`/`RenderTarget`. But reflection on private members is fine for diagnostics. However, using them directly is simpler and compile-checked. Given the current project has no asmdefs, direct access is fine. But the task says "No reflection injections of fakeprivateLibraryentries" — unrelated. I'll keep direct access but maybe make the snapshot more robust by not depending on internal members? The `Snapshot()` is diagnostics. If it fails to compile due to assembly boundaries, the whole file fails. That's a risk. To be safe, I could avoid `IsPresentationReady` and `RenderTarget` (internal) and instead detect readiness via the public surface:
- `dynamicArtNodePresent`: find child "Dynamic art" under CardImg and check its RawImage enabled + texture.
- `renderTargetCreated`: check the RawImage.texture is a RenderTexture.
- `presentationReady`: not accessible publicly. Could infer from dynamicArtNodePresent.

This avoids internal access entirely, making the runtime robust. But `IsPresentationReady` is useful. Hmm.

Actually, the task says to read and use the actual DynamicCardView. Using internal members is legitimate. And since same assembly, it compiles. I'll keep it. But there's a real possibility the reviewer compiles and it works. Let me keep.

Wait, actually there's a genuine concern: `DynamicCardView.RenderTarget` getter is `internal` — yes. `IsPresentationReady` is `internal bool IsPresentationReady`. Both same assembly. Fine.

Now, let me reconsider whether the runtime stage should be in the same folder structure. Yes.

Now, let me think about a critical functional issue: When `playPreviewAudio = true` and the library successfully loads, `DynamicCardView.Create` adds an `AudioSource` to `model` and plays the clip. But the model is in an isolated scene at position 10000+. `AudioSource.spatialBlend = 0` → 2D → audible. Good.

But if the clip is null (because the entry's audio path isn't in the bundle), no AudioSource added (Create only adds if clip != null). Good.

Now, `DynamicCardLibrary.Load` loads audio only if `withAudio` true — we pass `preview && previewAudio` = true. Good.

Now, another thought: The `audio` path in the catalog entry `Assets/Experiments/LadyLakePremium/Environment/Audio/LadyLakeLoop.wav` — for the bundle, the builder includes `c.audio` as an asset. In `Load`, `owner.LoadAssetAsync<AudioClip>(entry.audio)` uses the asset path as the bundle asset name. Bundle asset names are the lowercase project paths? Actually `BuildAssetBundles` with `assetNames` uses the exact asset path as provided; Unity stores asset names lowercased? In `DynamicCardLibrary.Load`, existing entries use `entry.audio` exactly and it works, so paths are stored as given. Good.

Now, let me revisit the `wav` meta: The environment worker creates it; needs to be imported as an AudioClip (default for .wav). Good.

Now, one more: The `DynamicCardBundleBuilder` `assets` include `c.prefab` and `c.audio`. It calls `AssetDatabase.GetDependencies(assets, true)` for controllers. For our nested prefabs, dependencies include FigureRig.prefab, Environment.prefab, their meshes, materials, and the `.controller` assets. Good.

Now, I'm fairly confident in the code. Let me now also consider adding a tiny guard: if the model/env builders are present but the prefab path differs (e.g., worker names differ), we throw with the exact path. Good.

Now, let me re-examine the `editor-request.txt` file: the bridge reads `.Trim()` and checks first char '#'. Our file's first line is `# ...`. Trim removes leading whitespace/newlines; first char '#'. Returns without deleting. Good.

Now, one issue: Every poll (1s), the bridge reads the file. `File.ReadAllText` on a TextAsset under Assets. Fine.

Now, let me reconsider whether writing results into `Integration/editor-result.txt` (inside Assets) causes Unity import churn. Yes, but only after commands. Acceptable.

Now, there's one more requirement I might have missed: "Supply useful static/editor validation report for prefab references/bones/clips plus clear unverifiedruntime." Done via validator. But the report is only generated when root runs Build/Validate. Should I also provide a static analysis *now*? I can't load prefabs (not built). The report at `Integration/integration-report.md` includes a section. Good.

Now, let me think about whether I should add a `.meta`-free approach. Unity generates metas on import. Root will import. Fine.

Now, let me consider the possibility that the concurrent workers' prefabs have root names different from "FigureRig"/"Environment". The contract says Model prefab root named FigureRig; Environment prefab is Environment.prefab (root name presumably "Environment"). We find by descendant name; if not found, validation fails but Build still succeeds. Should Build enforce presence? The task says "Build stage Card/Pivot" combining two prefabs. If the roots are named differently, that's a worker contract violation. I'll leave Build permissive (nests whatever), but validation reports. Actually, better: Build should verify the instantiated prefabs exist (they do) — fine.

Hmm, but if the environment prefab's root is named e.g. "EnvironmentRoot", our rename to "Environment" makes it "Environment". We explicitly set `.name = "Environment"`. So validation always passes. Good — rename normalizes.

Wait, but renaming a prefab instance's root name is an override; fine.

Now, another concern: `PrefabUtility.InstantiatePrefab` returns a GameObject whose name is the prefab name. We rename. Good.

Now, let me reconsider the possibility that the model worker's FigureRig prefab root is NOT the contract-space root — e.g., prefab root "FigureRig" with child content at contract coords. Contract §8: "prefab root named FigureRig at local 0". So the root is at contract origin. Good.

Now, environment: "It receives same coordinate frame." Root presumably at origin. Good.

Now, I want to double check the appearance compensation direction once more against how source premium prefabs are structured, because if the source convention already includes the +2 inside the prefab, our -2 may be wrong. Let's check a real source prefab: `56180101/Card.prefab` root "Card" → child "56180101" → "Pivot". And catalog pivot = "56180101/Pivot". The appearance anchor is at +2 (world). The camera at staging axis. For these source cards, the content framing works with the original ArtRegion. What's the source's coordinate convention? The source `Card` prefab likely has the scene content authored such that the card art plane sits at some offset. The `AppearanceOffset = (0,2,0)` comment says "CardRTRenderer/Card/Appereance is at (0,2,0) in Legacy2017, Thronebreaker and Latest. CameraValuesChanger changes Z and FOV only." So in the ORIGINAL clients, the "Appereance" node was at +2 and the camera was presumably at the same +2? Or the camera was at 0 and the appearance at +2 with the scene authored around the appearance node.

In DynamicCardView, the camera is at staging+0 (not +2). So relative to the camera, the whole prefab is +2 in Y. For source scenes, the content must be authored such that when shifted +2, it's centered. That means the source prefab's Card root content is effectively centered at local y = -2 (so that +2 puts it at 0). Hmm! That suggests source prefabs have their Card→sceneId→Pivot content positioned at y=-2 relative to the Card root so that the +2 anchor centers it. Or the camera in the original was also offset.

Wait, let's check: In the original clients, "CardRTRenderer/Card/Appereance" at (0,2,0), and the camera presumably at Card root + (0,0,Z) — i.e., the camera is at the Card root axis, and the appearance content is at +2. The source scene content is authored relative to the Appereance node, so content centered at Appereance origin. Then in the RT, the content center is +2 above the camera axis! That can't be right unless the camera looks at the appearance center. Unless the camera's projection matrix is offset (the original clients might offset the projection).

Hmm, but DynamicCardView's `AppearanceOffset` is applied to `appearanceRoot` (the parent of the prefab) at +2, and the camera at 0. So content center = +2. To be centered in the RT, the ArtRegion center in UV must correspond to +2 world. But ArtRegion v center = 0.49413, i.e., slightly BELOW center. That would put content even higher. Contradiction... unless the source prefab's content is authored at local y=-2.

Wait, maybe I have the sign wrong. Let me re-examine: `stagingRoot.transform.position = (10000+..., 10000+..., 0)`. `appearanceRoot.localPosition = (0,2,0)`. `model = Instantiate(prefab, appearanceRoot.transform, false)`. Camera position = `stagingRoot.transform.position + (0,0,CameraDistance)` = (X, Y, -Z). So camera y = Y, content at Y+2. Content 2 units above camera axis → appears in upper part of RT (v > 0.5). But the ArtRegion v center is 0.494 (just below center), which would correspond to a region slightly below center. So the source content would appear at v ≈ 0.5 + 2/7.25 = 0.7758, way above the ArtRegion center. That would mean source cards render their content in the top portion, not centered. That seems wrong.

Unless... the source prefab root's content is authored with a -2 offset. Let me actually check a source prefab's Card root transform and its child offsets. Let me inspect `Assets/DynamicCards/Content/Latest/56180101/Card.prefab` root RectTransform/Transform localPosition and the child `56180101` localPosition, and `Pivot`. This is important to validate my framing assumption. The prefab is 1.6MB; I'll grep for the root Transform and children. Let me read the head of the prefab and find the "Card" GameObject + Transform + child list.

Actually, a faster approach: search the prefab text for `m_Name: Card`, `m_Name: 56180101`, `m_Name: Pivot` and their `m_LocalPosition`. Let me use pwsh regex to extract the Transform blocks for these objects. But reading 1.6MB text is fine (not a "mass scan of binary assets"; it's a targeted text search). Let me do it carefully with a small script that finds the GameObject named Card and its Transform's m_LocalPosition, and the child object's local position.

Actually, easier: grep the prefab for `m_LocalPosition: {x: 0, y: 2` near the root. Let me just grep for `m_Name: Card` and nearby local positions. Hmm, prefab YAML order is GameObject then Transform. Let me use pwsh to parse: read text, regex for `--- !u!1 &(\d+)\s+GameObject:(.*?)(?=\n--- )` to map fileID→name, and `--- !u!4 &(\d+)\s+Transform:(.*?)` (or !u!224 for RectTransform) to map fileID→localPosition and m_Father/m_Children.

This is a targeted read of a text asset, allowed. Let me do it.
dsh: reasoning:
Very important finding: In the source premium prefab `56180101/Card.prefab`, `Pivot` localPosition = **(0, -2, 0)**. The Card, sceneId, and model are at 0.

So the source convention: the content is authored such that the `Pivot` sits at y = -2 inside the Card prefab, exactly compensating the +2 appearance anchor. Then in DynamicCardView, the content (under Pivot) ends up centered on the camera axis. But wait — the model is at (0,0,0) and Pivot at (0,-2,0)? In this prefab, `model` is at localPos 0 under `56180101` (which is under Card at 0). And `Pivot` is at (0,-2,0). That means `model` and `Pivot` are siblings, not parent-child. Hmm: the catalog pivot is `56180101/Pivot`. The `model` node is separate at 0. So the animated content (`model`) is NOT under Pivot! Then DynamicCardView rotating Pivot wouldn't rotate the model... unless the model is a child of Pivot in the real hierarchy. My extraction just shows the first matching Transform for each name; maybe there are multiple "Pivot" or the hierarchy differs. Let me get the parent relationships.

Actually wait — the important part: Pivot localPosition = (0,-2,0). This strongly supports my compensation of -2! The source prefabs put the pivot at y=-2 to compensate the +2 appearance anchor. And my computed compensation is (0.0532, -2.0425, 0), which is -2 minus the small region-center offset. 

But hold on — my reasoning assumed the *content* center should be at the art region center. But maybe the source convention is that the content is centered at the Pivot, and the pivot is placed at (0,-2,0) to compensate the appearance anchor, meaning the content center maps to the RT center (v=0.5), not the ArtRegion center (v=0.49413). The tiny 0.0425 offset difference corresponds to the ArtRegion not being exactly centered; source cards apparently don't compensate that. So source cards place content center at RT center (v=0.5), and the ArtRegion center (v=0.494) samples slightly below the content center — a 0.6% vertical shift. For source cards this is part of the original framing.

So which is correct for us? The task says "adjust appearanceoffset+2 and square RT artregion originalframing so world7.1 high imagefits." This suggests: compensate the appearance offset (+2 → -2) and rely on the original ArtRegion framing. That matches the source convention: Pivot at (0,-2,0), content centered on camera axis.

If I center on the ArtRegion center instead, the content shifts down by 0.0425 world (0.6% of 7.1) relative to source convention. That's a small difference. But to match the production/source convention exactly, I should use Pivot = (0, -2, 0) (content center at camera axis), which is what real crafted cards do.

Hmm, but then the 497x710 painting centered at the camera axis: its vertical extent is ±3.55. The ArtRegion spans v ∈ [0.00356, 0.98471] → world y ∈ [(0.00356-0.5)*7.2519, (0.98471-0.5)*7.2519] = [-3.6000, +3.5149]. So the region in world y is [-3.6000, +3.5149], height 7.1151. A painting centered at 0 spans [-3.55, +3.55]. It fits? Top: 3.55 > 3.5149 → top clipped by 0.0351 world (0.49%). Bottom: -3.55 > -3.6000 → fits with margin. Hmm! So with content centered at camera axis (pivot y=-2), the painting's TOP is clipped by ~0.035 world, and the bottom has margin. Whereas with my region-center compensation, the painting is centered in the region and fits better vertically (both top and bottom have ~0.0076 world margin each).

Wait, let me recompute. If content center at world y=0 (camera axis), painting spans y ∈ [-3.55, 3.55]. ArtRegion world y span:
v_min=0.0035620682 → y = (0.0035620682-0.5)*7.2518724 = -0.4964379*7.2518724 = -3.60013.
v_max=0.98470531 → y = 0.48470531*7.2518724 = 3.51519.
So region = [-3.6001, 3.5152]. Painting centered at 0 = [-3.55, 3.55]. Top: 3.55 > 3.5152 → clipped 0.0348 (0.49%). Bottom: -3.55 > -3.6001 → 0.0501 margin.

If content center shifted to region center y = (-3.6001+3.5152)/2 = -0.04247 (my compensation dy=-0.04254 minus 2 → content center at world -0.0425), then painting spans [-3.5925, 3.5075], which is inside the region [-3.6001, 3.5152] with margins 0.0076 both sides. So my compensation makes the painting fit fully (by height).

The task explicitly says "so world7.1 high imagefits". With source convention (pivot 0,-2,0), the world-7.1 image does NOT fully fit (top clipped 0.49%). With my region-center compensation, it fits (since region height 7.1151 > 7.10). So the task's requirement "world7.1 high image fits" implies we should center in the ArtRegion, i.e., my (0.0532, -2.0425, 0) is MORE correct for the stated requirement.

But the task also says "adjust appearanceoffset+2 and square RT artregion originalframing". Hmm. "adjust appearance offset +2" → -2. The residual -0.0425 is the "artregion originalframing" centering. I think my approach satisfies "world 7.1 high image fits" better and is justified.

However, there's a subtlety: The source convention places `Pivot` at (0,-2,0) and apparently the `model` is NOT a child of Pivot in that prefab (model at localPos 0 under `56180101`, Pivot sibling). Let me verify the hierarchy, because it affects whether rotating Pivot rotates the content. If in source prefabs the animated content is under a different node and `Pivot` is just a rotation pivot at -2 with the content parented to it, then my extraction is misleading. Let me check the parents/children.

Let me extract the parent (m_Father) for model and Pivot in that prefab.
dsh: reasoning:
PowerShell syntax issue with `foreach` inside an index expression. Let me simplify: build a transform map id -> (goName, localPos, father). Then resolve.

Let me write a cleaner script.
dsh: reasoning:
Confirmed: source convention is:
```
Card (0,0,0)
└─ 56180101 (0,0,0)
   └─ Pivot (0,-2,0)
      └─ model (0,0,0)  [and all content]
```
So `Pivot` is at (0,-2,0) and content is under it. This exactly compensates the +2 appearance anchor, centering the content on the camera axis (RT center). The ArtRegion then samples a slightly-below-center region, causing the top ~0.49% clip for a 7.10-high centered painting.

My computed pivot is (0.053175, -2.042541, 0). This differs from source convention by the region-center offset (+0.0532, -0.0425). Which should I use?

The task says: "Build stage Card/Pivot, adjust appearanceoffset+2 and square RT artregion originalframing so world7.1 high imagefits." 

Interpretation A (source-convention): Pivot = (0,-2,0) → content centered on camera axis; "world7.1 high image" then has ~0.5% top clip, contradicting "fits".

Interpretation B (region-center): Pivot = (0.0532,-2.0425,0) → painting centered in the ArtRegion so it fully fits.

The task explicitly states the goal "so world7.1 high image fits", which supports B. But "preserve original framing"/"adjust appearanceoffset+2" suggests A plus maybe a tiny correction.

Hmm. Also note: the source prefabs put the pivot at exactly (0,-2,0), and the whole pipeline's ArtRegion was designed for content centered on the camera axis (with the understanding that the original clients' art plane wasn't exactly the region). The "original framing" means keeping ArtRegion as-is.

But if I use (0,-2,0), the 7.10-high image is clipped at top by 0.0348 world (≈0.35 px of 710? Let's compute: 0.0348 world / 0.01 world-per-px = 3.5 px). Actually 0.0348/0.01 = 3.48 px. So ~3.5 px clipped at top. That's small but non-zero. With region-center compensation, 0 px clipped.

The task says "so world7.1 high imagefits" — I'll go with B (region center) since it literally satisfies "fits", and document the deviation from the source's exact (0,-2,0) convention and why. Actually, hmm, but "originalframing" might mean "keep the original ArtRegion" (which we do). The extra 0.04 shift is negligible and improves fit.

But wait — there's a risk the reviewer expects exactly (0,-2,0) to match source. The task says "adjust appearanceoffset+2". Hmm. Let me think about which is more defensible.

The strongest literal requirement: "world7.1 high imagefits". My region-center gives a full fit. The source convention gives a 0.5% top clip. So B is correct per the requirement. I'll keep B and clearly document the math and the 0.04 world residual correction. I already documented it.

Actually, let me reconsider: maybe the intended "fits" is loose (7.10 ≈ region 7.115) and they just want the -2. Given the explicit phrase "square RT artregion originalframing", maybe they want exactly the source's (0,-2,0). But then the content wouldn't be exactly centered in the *region*; it'd be centered in the RT. The phrase "artregion originalframing so world7.1 high imagefits" reads: "use the original ArtRegion framing so that a 7.1-high image fits". Since region height is 7.115 > 7.1, it "fits" only if centered in the region. Center-in-RT doesn't fit. So B.

I'm fairly confident B is right. But let me hedge by making the compensation explicit and document the alternative. Actually, better: I could compute the pivot as the source convention (0,-2,0) PLUS the region-center correction, which is exactly B. Keep B.

Hmm, but hold on. Let me reconsider whether centering in the region is what we want visually. The static art (c10000000.png) displayed by CardImg.sprite fills the card window (497x713 region) with the full 1024x1024 texture, showing the top-left 497x710 content. The dynamic art should match the static composition. The static sprite is drawn over the CardImg rect (the 497x713 window), the full texture 1024x1024 squeezed? Actually CardImg is a 560x560 Image; the sprite (1024x1024) is drawn into the Image rect (preserveAspect=false), so the entire 1024x1024 is squeezed into 560x560, and the surface (497x713 anchors) overlays a sub-region. Hmm, the static art and dynamic art alignment is handled by production's ArtRegion + anchors, which are designed to match. The dynamic art plane (7.10) should be positioned so the visible 497x713 window shows the intended crop. In production, content centered on the camera axis is sampled by ArtRegion → shows region [-3.6001,3.5152] of content centered at 0. So the top 3.5px of the painting is cropped. That's the production behavior for source cards whose art is centered. The static art presumably shows the same crop (the art region). So maybe matching production (A) is actually more faithful to the static fallback alignment!

If the static sprite, via the same anchors/uv, shows the same ArtRegion crop of the source image (which is 1024² with content at top-left 497x710, and the Image is 560²... hmm, the static path doesn't use ArtRegion; it just shows the sprite in the Image rect).

This is getting deep. The static art: CardImg is an Image with sprite = c10000000 (1024x1024) and the raw Image rect 560x560. The sprite (preserveAspect=false) is stretched to 560x560. The surface RawImage is anchored to (0, 1-713/1024)..(497/1024,1) of the 560x560 rect → 271.8 x 389.8 px, and shows ArtRegion of the RT. Since the sprite's 1024x1024 is mapped to 560x560, the sub-rect (497/1024, 713/1024) of CardImg corresponds exactly to the (497x710 content)/1024 of the sprite. So the static art window shows the 497x710 content scaled. The dynamic surface shows the ArtRegion of the square RT. For alignment, the dynamic content plane (497x710) must fill the ArtRegion exactly. So region-center compensation (B) is correct for the dynamic art to match the static 497x710 content region. 

Yes! The static content occupies (497/1024)x(713/1024) of the CardImg, and the dynamic surface occupies the same anchored sub-rect. So the dynamic surface must show the full 497x710 content plane. Thus the 7.10-high painting must be centered in the ArtRegion, not in the RT. So B is correct. 

Wait, but the static content region is 497x710 within a 1024 canvas; the window is 497x713. The dynamic surface window is 497x713 (aspect 1.4346), while the content is 497x710 (aspect 1.4286). So the dynamic content is slightly wider than the window → tiny horizontal crop, OR we letterbox. Since the window height 713/497 vs content 710/497: content is slightly shorter. If we fit the content width to the window width, the height would be 713*(710/497)/... let me not overanalyze. The production approach: ArtRegion defines a world rect (4.9507 x 7.1151, aspect 1.4372) sampled into the 497x713 window (aspect 1.4346). The content plane 4.97x7.10 (aspect 1.4286) is slightly smaller aspect. If we center the content in the region, the region maps to the window and the content appears with a tiny horizontal crop (since content wider relative to height). Either way, centering in the region is the best fit and matches the static content region. Good.

So B is correct and well-justified. Great.

Now, I realize there's one more consideration: the environment worker's backdrop painting. They "preserve backdrop painting but model waterbed and plants depth". If the environment includes a backdrop plane sized to 497x710 at the contract frame, it will also be centered by B. Good.

Now, let me also verify my assumption about source `Card` prefab root being instantiated at appearanceRoot: yes. And source Pivot at (0,-2,0) centers content on camera axis. Since the source art plane presumably is a bit different (the source art is a full-bleed 3D scene not a 497x710 plane), the source didn't need the -0.04 correction. For our explicit 497x710 painting plane, B is right.

Good. I'm confident.

Now, let me double-check one thing about `DynamicCardView.Create`: it calls `AppearanceOffset` on the appearanceRoot, but does it use `stagingRoot.transform.position` (world) and set camera y = stagingRoot.y. But `stagingRoot.transform.position` is set directly (world), so stagingRoot's localPosition relative to its scene is (10000+...,10000+...,0). Then appearanceRoot.localPosition = (0,2,0). So content y = stagingY + 2 + pivotY. Camera y = stagingY. Yes. Confirmed.

Now let me finalize. Let me also add the source-convention note to the framing docs/report for transparency: source prefabs use Pivot=(0,-2,0); we add the region-center correction so the 497x710 painting fits the unchanged ArtRegion. Let me add that to the report's framing section.

Let me edit the report.
dsh: reasoning:
Oops — my edit replaced the paragraph but the old_string I gave included the paragraph, and the new_string re-included it plus the new text. Wait, I intended to append after the paragraph. Let me check: my old_string was the paragraph ending with "checks these numbers." and new_string was the same paragraph + the new paragraph. That results in the paragraph followed by the new paragraph. Good. Let me verify there's no duplication.

Actually wait, I need to re-read: the old_string ended with "preserved exactly. `LadyLakePremiumValidator` recomputes and checks these numbers." and the new_string was the same text plus "\n\nVerified source convention...". That's correct — appended. Good.

Let me read that section to confirm.
dsh: reasoning:
Good.

Now, let me reconsider whether the 497x710 static content is in the **top-left** of the 1024 texture. The static sprite is stretched into the 560x560 CardImg, and the surface anchors to (0, 1-713/1024)..(497/1024, 1) — i.e., left 497/1024 and top 713/1024 of CardImg. So the surface covers the top-left 497x713 region of the sprite, which corresponds to the top-left 497x710 content. Good. And the dynamic ArtRegion samples the RT so that the content plane appears in that same window. With region-center compensation the 497x710 plane fills the ArtRegion. Good.

Now, one more consideration: The `DynamicCardFraming.ArtRegion` is applied with `surface.uvRect`. The RawImage's uvRect samples the RT with the region. The RT is a square. The ArtRegion rect is in UV with y=0 bottom. The static content's top-left maps to the surface top-left. The RawImage uvRect (x,y,w,h) in Unity's UI: uvRect.x/y is the bottom-left of the sampled region in texture UV. So the region [x=.166, y=.00356, w=.6826, h=.98114] samples from near the bottom. Good.

Now, our content plane center in world maps to UV (0.50733, 0.49413). But the RT camera image: the model at world +y appears at higher v? Let's see: camera looks +Z, up is +Y. A point above the camera axis (world y > camera y) appears higher in the image, i.e., higher v. Our content center at world y = camera y - 0.0425 (slightly below) → v = 0.49413 (slightly below center). ✓ matches ArtRegion center. Good. Note the camera image v is bottom-up? Unity's screen/RenderTexture has v=0 at bottom. Camera up = +Y → higher world y → higher v. So world y = cameraY + dy → v = 0.5 + dy/full. dy = -0.0425 → v=0.49413. ✓.

Good, consistent.

Now, x: camera right = +X. World x > camera x → higher u. dx=+0.0532 → u=0.50733. ✓.

Great.

Now let me consider whether the model worker authored the figure in the contract frame with x right and y up as defined. Yes per contract.

Now, let me finalize by reviewing remaining report sections and making sure the report is coherent. Let me read the rest.

Actually, time is limited. Let me do a final check for any obvious compile problems and then wrap up.

Potential compile issue: In `LadyLakePremiumStage`, `using System;` is used for `[Serializable]`. Good. `using UnityEngine.EventSystems;` for EventSystem/StandaloneInputModule. Good. `using UnityEngine.UI;` for `GraphicRaycaster`, `CanvasScaler`, `Image`? I use `GraphicRaycaster` and `CanvasScaler` in FindOrCreateHost. Yes. Good.

Potential compile issue: `LadyLakePremiumStage.FindOrCreateHost()` references `CanvasScaler` and `GraphicRaycaster` → UnityEngine.UI. Good.

Potential compile issue: `LadyLakePremiumFraming` — `DynamicCardFraming.AppearanceOffset` is `internal static readonly Vector3`. Accessing `.y` is fine.

Potential compile issue: In the builder, `using System.Linq;` unused → no error.

Potential compile issue: `LadyLakePremiumValidator` uses `System.Text` unused → no error.

Now, a bigger concern: `LadyLakePremiumValidator.Validate()` calls `AssetDatabase.GetDependencies(report.assembledPrefabPath, true)` — fine.

Now, the `LadyLakePremiumValidationReport` constructors/fields: public fields with array initializers. JsonUtility.ToJson serializes all. Fine.

Now, let me reconsider: `LadyLakePremiumBuilder.Build()` has `[MenuItem]` and is `public static void Build()` — required signature. Good. But wait: `Build()` is also called by the bridge. Good.

Now, `LadyLakePremiumBuilder.Open()` has `[MenuItem]`. Good.

Now, one issue: `LadyLakePremiumBuilder.Build()` calls `BuildInternal()` which calls the worker Build methods via reflection. If the worker types are in the same editor assembly and their `Build()` has a different signature (e.g., returns something or takes params), `GetMethod(name, Public|Static, null, Type.EmptyTypes, null)` returns null → clear error. Good.

Now, an important concern: the model/env workers might name their classes differently or in a different namespace. The contract explicitly defines the exact names, so fine.

Now, there's a possibility the workers put their Editor code in a file that's not compiled because it's under a folder without an `Editor` directory. The contract says `Model/Editor/LadyLakeModelBuilder.cs`. We expect them there. Good.

Now, let me also double-check: the task says "Model worker owns Model/**" and "Deliver public static Editor method LegacyGwent.LadyLakePremium.Editor.LadyLakeModelBuilder.Build()". Good.

Now, one more subtle thing: Our `LadyLakePremiumBuilder` is in namespace `LegacyGwent.LadyLakePremium.Editor`. That's the same namespace as the worker builders. Fine — different class names.

Now, let me make sure the `Integration` folder has no conflicting `Editor` folder naming issue: `Assets/Experiments/LadyLakePremium/Integration/Editor/...` — Unity treats any folder named "Editor" as editor-only. Good. `Runtime` folder — normal. Good.

Now, there's a potential issue: The `Assets/Experiments/LadyLakePremium/Integration/Runtime/LadyLakePremiumStage.cs` references `DynamicCardView` internals — if Unity compiles Assembly-CSharp and the file is in a folder not named Editor → runtime. Good.

Now, I should also ensure that the runtime stage doesn't accidentally get included in a build in a way that references editor code. It doesn't.

Now, let me reconsider the `editor-request.txt`: it starts with '#'. But note `File.ReadAllText(RequestPath).Trim()` then `command[0] == '#'` → returns. However, the bridge also checks `command.Length == 0`. Fine.

Now, I want to double check that `Poll` doesn't run before `Application.dataPath` is valid — static ctor runs after editor load, dataPath valid. Good.

Now, one more: `EditorApplication.update += Poll;` in a static ctor of `[InitializeOnLoad]` runs on every domain reload, re-subscribing. Since static ctor runs once per domain, no duplicate subscriptions. Good.

Now, let me reconsider a risk with the bridge: If root writes `build` and the bridge runs `LadyLakePremiumBuilder.Build()` which itself triggers `AssetDatabase.SaveAssets()` and creates assets, this could trigger a script recompile? No scripts changed. Fine. But `EditorSceneManager.NewScene` during `EditorApplication.update` is allowed.

Now — one significant risk: `EditorSceneManager.NewScene(..., Additive)` inside `EditorApplication.update` callback while Unity is not in a "safe" state. It's generally okay during update.

Now let me think about whether I should also handle the case where the model/env builders themselves call `AssetDatabase.Refresh()`, which sets `isUpdating` and can defer. Not our concern.

Now, I think the deliverables are complete. Let me do a final listing of Integration files and update the todo.

Actually, one more thing: The task says "Build report Integration/integration-report.md." and "Supply useful static/editor validation report". I have both. 

Also "Need expose precise methods Build/Open forroot." Maybe also expose `Validate` and `BuildAndOpen`. Done.

Let me also add a tiny `Integration/README.md`? No.

Let me verify all files exist.
dsh: reasoning:
Interesting — `.meta` files already exist for my created files and folders! That means Unity is running (or a file watcher generated them). Actually, Unity might be open and importing. Wait, the `.meta` files appeared; that suggests Unity is active in the background and imported my files. Let me check one meta to confirm and check for compile errors? I can't query Unity directly, but the presence of .meta means Unity imported. If Unity is open and compiling, there might be compile errors logged. But I shouldn't issue editor requests. However, I could check if there's a console log file. Hmm.

Actually the `.meta` files might have been created by Unity's asset pipeline if the editor is open. Let me check timestamps and whether there's an Editor.log with errors. But the task says "No ... Unity restart" and don't issue editor commands. Reading logs is allowed (read-only).

Let me check if there's a Library/Editor.log or the Unity log. Actually, the presence of `Integration.meta` and `Runtime.meta` (folder metas) plus file metas strongly suggests Unity imported them. Let me look for a log to see compile errors. The Unity editor log on Windows is at `%LOCALAPPDATA%\Unity\Editor\Editor.log`. Let me check the tail for compile errors mentioning LadyLakePremium.

Actually, careful: if Unity is currently open and compiling my files, there could be errors I should fix. Let me check the log tail. Reading a log is a read-only operation.

Let me find the log.
dsh: reasoning:
Unity is open and compiling. Great feedback! My `LadyLakePremiumValidationReport` uses `string[] failures` and `string[] checks`, but I call `.Add(...)`. I intended them as `List<string>`. I need to change `checks` and `failures` to `List<string>` in the report. But JsonUtility doesn't serialize `List<string>`? Actually JsonUtility DOES serialize `List<T>` fields (it supports generic List of serializable types). Yes, JsonUtility supports List<T>. But arrays are also fine. Let me change `checks` and `failures` to `List<string>` and keep others as arrays. Then `report.failures.Add(...)`, `report.checks.Add(...)`, `report.failures.Add(...)` work.

But `Summary()` uses `checks.Length` — change to `.Count`.

Also line 259/260: in `AddUnverifiedRuntime`, `report.failures`? No — lines 259-260 might be in `Check` (report.checks.Add / report.failures.Add). Let me update.

Also `AddUnverifiedRuntime` adds to `report.failures`? Let me check: line 30 `report.failures.Add("Run ...")`. Line 195 `report.failures.Add("Scene inspection failed: ...")`. Line 259-260 are in `Check`. So all `failures`/`checks` usages.

Let me change the report class:
```
public List<string> checks = new List<string>();
public List<string> failures = new List<string>();
```
and imports `System.Collections.Generic` already present.

Summary():
```
public string Summary()
{
    return "checks=" + (checks == null ? 0 : checks.Count) + " failures=" + (failures == null ? 0 : failures.Count) + ...
}
```

Let me apply the edits.

Also, there may be additional errors beyond these (the log tail may have been cut). Let me fix these and then re-check the log after Unity recompiles (it will auto-refresh when I save). Actually, since Unity is open, saving files triggers recompile automatically. Let me fix and then re-check the log.

Let me edit the validator report class.
dsh: reasoning:
I accidentally provided identical strings. I need to actually change the field types to List<string>. Let me do that.
dsh: reasoning:
Now, since Unity is open and auto-refreshing, I can wait a moment and re-check the log for new errors. Let me wait ~15-20 seconds and check the log tail. But I shouldn't busy-poll; I can run a command that sleeps then reads. Actually, let me first check if there are OTHER compile errors in the log that were truncated. Let me grep the log for errors related to my files more broadly, and also check the timestamp to see if a new compilation happened.

Let me search the log for all "error CS" lines in the last portion. Actually the log is 1.2MB; let me search for recent errors after my files were created. Let me get the last 400 lines and filter for "error".

Better: run a command that waits a bit and then reports errors. Since Unity recompiles on file change, let me sleep 20s then grep the log tail.

Also note: there were references to `Assets\Experiments\LadyLakePremium\Acceptance\Editor\PremiumDelivery.cs` and `PremiumSourceAudit.cs` in the log — those are other workers' files (or root's). Not my concern.

Let me check now for any remaining errors in my files, and also detect other errors. I'll grep the whole log for the last occurrence of "Compilation failed" and list subsequent error CS lines.

Actually a cleaner approach: grep the log for lines matching `Integration\\(Editor|Runtime).*error CS` or `LadyLakePremium.*error CS`. Let me do that, and also sleep to allow recompile.
dsh: reasoning:
The log hasn't been modified since 22:48:42, meaning Unity hasn't recompiled after my edit (maybe Unity is not focused / auto-refresh is off, or the log wasn't flushed). The `.meta` files appeared earlier though. Hmm — maybe Unity generated metas earlier and is idle now, or it only refreshes when focused. The log modify time is fixed.

Wait, `.meta` files exist for my files at creation. That means Unity imported them at some point (maybe the editor is running in background and imports on focus, or a prior import). But the log hasn't updated. Maybe Unity's log flush happens on certain events.

I can't force a refresh (that would be an editor request, and root handles verification). But I should make sure my code compiles. The identified errors are fixed. Let me carefully look for any other potential compile errors by reasoning, since I may not get another compile feedback.

Let me re-scan my files for errors:

1. `LadyLakePremiumValidator.cs`:
   - `report.failures.Add(...)` — now List<string>. ✓
   - `report.checks.Add(...)` — List<string>. ✓
   - `report.checks.Count`/`failures.Count` in Summary. ✓
   - But `JsonUtility.ToJson(report, true)` with `List<string>` fields — JsonUtility serializes List<T> as arrays. ✓
   - `report.prefabDependencies = ...ToArray()` → string[]. ✓
   - `report.unverifiedRuntime = new[] {...}` → string[]. ✓
   - `Check` signature uses `LadyLakePremiumValidationReport report`. ✓

2. Are there other `.Add` calls on arrays? Let me grep for `.Add(` in my files.

3. Any other errors Unity might report? The log only showed these 4. After fixing, should compile. But let me double-check the whole log for errors in my other files (Builder, Bridge, Stage, Framing). The earlier grep pattern `LadyLakePremium|error CS` showed only validator errors (plus the file list). So Builder/Bridge/Stage compiled? Not necessarily — compilation stops? No, C# reports all errors across files. Since only validator errors appeared, the others compiled cleanly *at that time*. But note: the log's grep showed the file list (from some other context) and only validator errors. So likely the others are fine.

Wait, but did the compiler even see my files? The log listed:
```
Assets\Experiments\LadyLakePremium\Acceptance\Editor\PremiumDelivery.cs
Assets\Experiments\LadyLakePremium\Acceptance\Editor\PremiumSourceAudit.cs
Assets\Experiments\LadyLakePremium\Integration\Editor\LadyLakePremiumBuilder.cs
Assets\Experiments\LadyLakePremium\Integration\Editor\LadyLakePremiumEditorBridge.cs
Assets\Experiments\LadyLakePremium\Integration\Editor\LadyLakePremiumValidator.cs
```
This looks like a list of files being compiled (or "Refreshing native plugins"?). Possibly a compile set. The errors only for validator. Good.

Now, my edit changed List<string>. But will `List<string>` serialization by JsonUtility work? Yes, JsonUtility supports List<T> for serializable T (string is fine). Good.

Hmm, one concern: `[Serializable]` on the report class with `public System.Collections.Generic.List<string> checks` — JsonUtility serializes it. Fine.

Let me grep for `.Add(` in my files to catch any other Add on arrays.
dsh: reasoning:
All `.Add` targets: `report.failures` (List now), `boneSummaries` (List<string>), `clipNames` (HashSet<string>), `animatorSummaries` (List<string>), `audioClips` (HashSet<string>), `report.checks` (List now). All good.

Now, is `report.runtimeChecklist` assigned via `new[]{...}` → string[]. Good.

Now, one more potential issue: `LadyLakePremiumValidationReport` has `public string[] prefabDependencies = new string[0];` etc. and we assign `.ToArray()`. Good.

Now, I need Unity to recompile to confirm. Since Unity is open but the log isn't updating, maybe auto-refresh is disabled or the editor is in the background. I shouldn't issue editor requests. But maybe I can check if Unity is running and whether it will refresh. Actually, creating `.meta` files implies it already imported my files once. Perhaps the editor is open but the log flush is lazy.

Let me check if the editor log has newer entries if I wait / re-check. The log modify time is 22:48:42. What's the current time? Let me check. If it's much later, Unity isn't writing. Perhaps Unity is paused or the log only flushes on exit.

Alternative: There might be another log or the compile errors are cached in `Library/` (e.g., `Library/Bee` or `Temp/UnityLockfile`). Not helpful.

Given I can't force a compile without issuing an editor request (forbidden), I'll rely on careful reasoning. But wait — could I check if Unity is even running? Let me check the process. If Unity is running, it likely auto-refreshes when focused. The root will run the bridge later, which will trigger refresh.

Actually, the earlier `.meta` generation means Unity DID import, and the compile errors were captured in the log. Since the log time is 22:48:42, and my file creation was around then, that's consistent. The log may not have been flushed with the new compile because Unity auto-refresh might be waiting for focus. 

Let me check if Unity process is running and current time, then decide. Also, maybe I can look at the `Temp/` for compile output. Let me just check process + time.
dsh: reasoning:
Unity is running (PID 58216), and the current time is 22:51:06 while the log's last write was 22:48:42. Unity might not have reimported my edited file yet because it needs focus or auto-refresh interval. Unity's asset refresh happens when the editor regains focus or every ~x seconds if "Auto Refresh" is enabled. Since the `.meta` files were created, it did refresh at some point.

I should not issue editor requests. But there's a way to trigger a refresh legitimately without "issuing an editor request"? The task says "Do not issue editorrequests yourself" and "No ... Unity restart". Modifying files triggers refresh when Unity is focused. I can't force focus.

Alternatively, I can check the current compile state by looking at `Library/ScriptAssemblies` timestamps? Not conclusive.

I'll rely on careful reasoning. Let me do one more thorough pass for compile issues in all 5 files.

Let me re-read the validator's tail (lines 230-320) to verify the report class and Check method.
dsh: reasoning:
Looks good. Note `foreach (var transform in ...)` shadows `UnityEngine.Transform` type name with a local variable named `transform`. In C#, a local variable named `transform` inside a static method of a non-MonoBehaviour static class — `transform` is not a member here (static class has no `transform` property), so it's fine. But `root.GetComponentsInChildren<Transform>(true)` uses the type `Transform` before the loop variable is declared; in `foreach (var transform in ...)`, the loop variable `transform` is in scope in the body only. Using type `Transform` in the collection expression is fine. However, there's a subtle C# rule: within the foreach body, the name `transform` refers to the variable, so `transform.GetComponents<Component>()` refers to the variable (which is a Transform) — works. Good.

Now let me re-examine the `LadyLakePremiumStage` for the same shadowing? It has `private static void EnsureEventSystem()` no. Fine.

Now, potential error in `LadyLakePremiumStage`: `var canvas = GetComponentInChildren<Canvas>(true);` then later in `FindOrCreateHost` I use `canvas.transform`. Fine.

Now let me check whether Unity's compile error list had only validator errors. Let me search the entire log for `error CS` lines mentioning my other files (Builder/Bridge/Stage/Framing). Let me grep the whole log.
dsh: reasoning:
Important new error:

`Assets\Experiments\LadyLakePremium\Integration\Editor\LadyLakePremiumBuilder.cs(80,26): error CS0103: The name 'LadyLakePremiumValidator' does not exist in the current context`

Wait, line 80 is `var report = LadyLakePremiumValidator.Validate();` inside `ValidateAndWrite()`. Why would it not exist? Possibly because at the time of that compile, the validator file had errors (the `string[]` errors) and so the compiler couldn't resolve the type? Actually CS0103 "name does not exist" for a class in the same assembly can happen when the class declaration itself has errors? No, the class `LadyLakePremiumValidator` is a separate static class; it should exist even with errors in its methods. Hmm.

Wait, maybe the compiler error is because the validator file failed to compile entirely due to the `.Add` errors, so the type wasn't emitted, and the builder referencing it got CS0103. That's plausible: when a type's containing file has errors, the type may still be declared, but the compiler might not... Actually no, CS0103 for a type that exists but has errors would be unusual. More likely: the errors in the validator caused the compiler to not register the type? Hmm.

Actually, in Roslyn, if a class has errors in method bodies, the type still exists and references resolve. But here maybe the error is different: `LadyLakePremiumValidator` is in the same namespace `LegacyGwent.LadyLakePremium.Editor`. The builder is too. So it should resolve. Unless the validator class declaration itself failed due to the `checks` field type issue? No, `List<string>` vs `string[]` doesn't break the class.

Hold on — maybe the CS0103 is stale from an earlier compile when only the Builder existed and the Validator file wasn't yet created/imported. The log accumulates errors; these unique lines may span multiple compilations. The Builder CS0103 might be from the first compile (before validator was imported), and the validator errors from a later compile. Since I created files in order (Framing, Stage, Builder, then Validator), Unity may have compiled after the Builder was created but before the Validator — producing CS0103. Then after the Validator appeared, it reported the `.Add` errors.

So the CS0103 is likely stale. And the `.Add` errors are now fixed.

There are also two unrelated pre-existing errors:
- `GwentClientGameService.cs` ServerOperationType.SetEnemyDeck — pre-existing production issue? That's concerning: it means the project doesn't compile at all! If Assembly-CSharp has a compile error, then Assembly-CSharp-Editor can't compile either, and my scripts won't compile. Hmm. Let me check whether that error is current. `Assets\Code\GwentClientGameService.cs(221,42)`. That might be from another worker/root's in-progress edit, or a pre-existing broken state. Let me check if that file currently has the issue.

Also `LadyLakeCardPresentationBuilder.cs(74,32): LadyLakeLabBuilder does not contain BuildScene` — the old experiment; pre-existing.

If Assembly-CSharp has an error, my runtime stage in Assembly-CSharp won't compile, and editor scripts referencing it will also fail. But the log showed my validator errors, which means the editor assembly WAS compiling. If Assembly-CSharp failed, Assembly-CSharp-Editor wouldn't be attempted. Unless these errors are from different compile batches at different times.

Let me check the current content of `Assets/Code/GwentClientGameService.cs` line 221 and whether `SetEnemyDeck` exists in ServerOperationType. If that's a real current error, the whole project is broken and root must fix it — not my scope. Let me check quickly.

Actually, the log is a running log across the session; older errors may persist. The presence of my validator errors as the LAST compile suggests the editor assembly compiled (so Assembly-CSharp succeeded). If Assembly-CSharp had failed at that moment, the editor errors wouldn't appear. So the GwentClientGameService error is likely from an earlier compile (maybe root was mid-edit) and has since been fixed.

Let me verify the current state of `GwentClientGameService.cs:221` and `ServerOperationType`. Quick grep.
dsh: reasoning:
`ServerOperationType.SetEnemyDeck` is used but no definition found in the grep (the grep only found the usage lines and GameCodeService.cs:123 which is probably `SetEnemyDeckInfo`). So `ServerOperationType` enum might lack `SetEnemyDeck`. That would be a real compile error in Assembly-CSharp. But this is likely a concurrent worker/root edit in progress. If Assembly-CSharp doesn't compile, my runtime files won't compile. But that's outside my scope, and root will handle. However, it might block my verification.

Actually wait — maybe `ServerOperationType` is defined in a DLL or another file with a different pattern. Let me search for `enum ServerOperationType`. Let me grep. If it exists and lacks SetEnemyDeck, it's a genuine error, likely introduced by another worker or pre-existing. Either way, not mine to fix (I own Integration only).

Hmm, but the instruction says "Non-zero exits are reported..." and I should investigate failures. But this is a project-level compile issue outside my path. I'll note it in the report? Maybe. But it could be transient (another worker editing). Let me check `enum ServerOperationType`.
dsh: reasoning:
`enum ServerOperationType` not found in .cs files. It might be in a generated DLL or a `.cs` under a different pattern (e.g., `public enum ServerOperationType`). My grep pattern `enum ServerOperationType` should match `public enum ServerOperationType`. No matches. So `ServerOperationType` comes from a referenced DLL (e.g., Cynthia.Card.Common or a shared assembly). If that enum is defined in a DLL that root is rebuilding mid-session, the error could be transient (DLL not yet rebuilt).

Actually, the grep tool searches file contents; if it's in a DLL, no match. The `ServerOperationType` likely lives in a shared project (Cynthia.Card.Common) compiled to a DLL in Library/ScriptAssemblies or a plugin. If root is editing that shared project concurrently, the enum might be mid-change. Not my scope.

Similarly, `LadyLakeCardPresentationBuilder.cs(74)` is a pre-existing old experiment error (LadyLakeLabBuilder.BuildScene missing) — also not mine.

These indicate the project currently has other compile errors in flight, likely from concurrent workers/root. My job is to make my Integration code compile cleanly, which I've addressed.

Now, I'd like to confirm my code compiles. Since Unity is open but hasn't recompiled after my List fix, and I can't force it, let me reason once more and also check whether the log's `LadyLakePremiumBuilder.cs(80,26)` CS0103 could be a real, current error caused by the validator being in a *different* assembly. Wait — could the validator file be under `Integration/Editor/` and thus in Assembly-CSharp-Editor, while the builder is also under `Integration/Editor/` → same assembly. Yes, both editor. So the type should be resolvable once the validator compiles. The CS0103 was almost certainly because the validator file hadn't been imported yet when the builder was compiled (I wrote the builder before the validator).

To be safe, is there any scenario where CS0103 persists? If `LadyLakePremiumValidator` class is declared with an error such that the type isn't emitted. But we fixed the errors. So it should resolve.

Now, since Unity is open and auto-refresh may be off, root will trigger it. But I want to be confident. Let me look at whether Unity's auto-refresh is perhaps just slow and the log will update. Let me wait a bit more and check the log modification time and any new errors. If Unity is idle (not focused), it may not refresh.

Actually, there's a legitimate way to check compile status without issuing an editor command: Unity writes `Library/EditorInstance.json` etc. Not compile status.

Alternatively, I can use `dotnet`/`csc` to syntax-check? The project uses Unity's assemblies; I can't easily compile. But I could at least run a Roslyn parse via `csc` with `/t:library` and references? Too heavy and likely fails due to missing refs.

Given constraints, I'll rely on the compiler's earlier feedback: it found only those 4 errors in my files, all fixed. I'm reasonably confident.

But wait — let me reconsider the CS0103 more carefully. If it were stale, the later compile (with validator present) would have resolved it and the error wouldn't be "current". The log accumulates, so unique lines include stale. I'll assume stale.

However, there's one more thing I should verify: The earlier log list of files included `PremiumDelivery.cs` and `PremiumSourceAudit.cs` under `LadyLakePremium/Acceptance/Editor/`. Those are not mine (another worker/root created them). They didn't have errors in the unique list. Fine.

Now, one more consideration: The `.meta` files already exist, meaning Unity imported my scripts. The compile errors were detected. After my fix, Unity needs to recompile. If auto-refresh is off, root's `refresh`/`build` command will trigger `AssetDatabase.Refresh`? The bridge doesn't call refresh. `LadyLakePremiumBuilder.Build()` calls AssetDatabase operations that might trigger refresh implicitly? Not necessarily. But root can send `build`, and Unity will compile on next focus or on `AssetDatabase.Refresh`. Hmm, to be safe, maybe the bridge's `build` should call `AssetDatabase.Refresh()` first. That's not "issuing an editor request myself" — it's part of the bridge's build command, triggered by root. It would ensure a compile before building. But `AssetDatabase.Refresh` may trigger a domain reload (if scripts changed), aborting the current update callback. That's a known hazard: calling Refresh inside EditorApplication.update can cause the compile to happen after the callback; fine. But if a domain reload occurs, the command's result file write might be interrupted. Hmm.

Actually, since root will drive compilation anyway (the project must compile for scripts to load), I'll add a guard in the bridge: if `EditorApplication.isCompiling`, skip; and the `build` command naturally requires compiled scripts (the bridge itself only exists if compiled). If my fix isn't compiled, the bridge wouldn't have the new code. But root editing/refreshing will handle.

Let me add `AssetDatabase.Refresh()` at the start of the `build`? No — risk of domain reload. I'll leave it.

Now, let me also double check: the log showed `LadyLakePremiumBuilder.cs(80,26)` CS0103 — line 80 is `var report = LadyLakePremiumValidator.Validate();`. Wait, in my current builder, line 80 is inside `ValidateAndWrite`:
```
80:            var report = LadyLakePremiumValidator.Validate();
```
Yes. So the CS0103 confirms the validator wasn't present at that compile. Stale.

Now, let me consider: could there be an issue with the validator's class name colliding with something? No.

Now, let me think about whether `JsonUtility.ToJson(report, true)` can serialize `List<string>`. Yes.

Now, let me also reconsider the `LadyLakePremiumValidationReport` being `sealed` and `[Serializable]` — fine.

Let me now try to get Unity to recompile by checking if it does so on its own. Let me wait another 30-40 seconds and re-check the log. If no change, I'll accept.

Actually, maybe Unity's log only updates on significant events. Let me check the log's last lines to see if there's a "Refresh" or compile timestamp. Let me tail the log.
dsh: reasoning:
The log ends with the validator errors from 22:48:42 and hasn't updated. Unity is likely idle/unfocused. So I can't get a fresh compile.

Note: the log's tail includes tons of warnings from Assembly-CSharp, which means Assembly-CSharp compiled successfully at 22:48 (the GwentClientGameService error is stale). Good — the project's Assembly-CSharp compiles, and the editor assembly had only my validator errors.

Wait, but were the warnings from the same compile as the validator errors? The tail shows warnings then my errors at the very end — consistent with one compile batch that compiled Assembly-CSharp (warnings) then Assembly-CSharp-Editor (my errors). So Assembly-CSharp (including my runtime Stage and Framing) compiled cleanly! Great. And the editor Builder/Bridge compiled, with only the Validator `.Add` errors, plus the stale Builder CS0103 (which would disappear once Validator compiles).

Actually, if the Builder had CS0103 in the same batch as the Validator's CS1061, that would mean the compiler didn't see `LadyLakePremiumValidator` at all in that batch — consistent with... hmm, both files are in the same compilation. Why would the Builder not see the Validator type? Unless the Validator file had a **syntax/declaration** error that prevented the type from being declared. But `string[] Add` errors are semantic, not declaration. Hmm.

Wait, actually the CS0103 appeared in the *unique* list but maybe from an earlier compile. The tail (last compile) shows only the 4 CS1061 errors, NOT the CS0103. So the CS0103 is stale (from before the validator file existed). In the last compile, the Builder resolved the Validator fine. Confirmed: the tail's last errors are only the 4 CS1061. 

So after fixing those 4, my editor assembly should compile cleanly too.

Now, one more concern: those 4 errors mean the `LadyLakePremiumValidationReport` type DID exist (the error is about its field type `string[]`), so the Builder resolved `LadyLakePremiumValidator.Validate()` returning that type. Good.

So my code should now compile. 

Now, since I can't trigger a recompile, I'll rely on this. The root will trigger it.

Let me now do a final review for any remaining issues, then finalize the report/todos.

One thing: The report says `Integration/validation-report.json` is generated. Good.

Let me also double-check the `integration-report.md` doesn't have errors (it's markdown). Fine.

Let me update the report to mention the compiler-confirmed state? Not necessary.

Now, let me reconsider the `LadyLakePremiumStage` compile: Assembly-CSharp compiled (warnings only, no errors) at 22:48. That means `view.IsPresentationReady` and `view.RenderTarget` (internal) resolved fine — confirming same-assembly. 

Now, let me think about whether there were any warnings for my runtime files; not important.

Let me update the todo to completed and provide a final summary. But before that, let me make one more improvement: since Unity is open and will recompile, and the task says "Main root will use thisbridge forverification", the bridge's `build` command triggers `LadyLakePremiumBuilder.Build()`. But if the project has a stale compile (my fix not yet compiled), root's first `refresh`/focus will compile. The bridge doesn't offer a `refresh` command. Maybe I should add `refresh` to the bridge commands for root convenience. The task says "build/open/play/stop/capture optional". It says optional, so additional commands are fine. Adding `refresh` helps root trigger compilation. Let me add it.

Actually, adding `refresh` is useful and harmless (opt-in). Let me add `case "refresh": AssetDatabase.Refresh(); break;`.

But `AssetDatabase.Refresh()` inside `EditorApplication.update` may cause a domain reload if scripts changed → the subsequent `File.WriteAllText(ResultPath...)` might be interrupted. Hmm. That's a known hazard. If a reload happens, the bridge would re-run after reload but the request file is already deleted, so no re-execution; the result file may not be written. That's acceptable (root can check state). To be safe, I'll add `refresh` but write the result BEFORE refresh? Complex. I'll add it and accept.

Actually, the requirement explicitly lists only build/open/play/stop/capture. Adding refresh might be scope creep but helpful. I'll add it since root needs a way to force compile. Also `EditorApplication.isUpdating` guard.

Let me add `refresh`.

Also, I realize there might be an issue: the bridge deletes the request file BEFORE executing. If execution triggers a domain reload (e.g., build creating assets doesn't reload; refresh does), the command result may be lost. That's the standard pattern used by the old acceptance script (delete then execute). Fine.

Let me add refresh.
dsh: reasoning:
Now update the docs (report section 8 table + header comment) to include refresh. Let me edit the report table and the bridge doc comment.

Actually, the bridge XML comment lists commands; let me update it too. And the report.

Let me do both edits.
dsh: reasoning:
Now `case "refresh": AssetDatabase.Refresh();` — `AssetDatabase` is in `UnityEditor`, imported. Good.

Now, let me do a final check that Unity hasn't recompiled with new errors. Let me check the log once more (maybe it updated). If the log still shows the same time, skip.

Actually, let me try a different approach to detect a fresh compile: check the modification time of `Library/ScriptAssemblies/Assembly-CSharp-Editor.dll`. But that only changes after successful compile.

Let me check the log modification and ScriptAssemblies timestamps.
dsh: reasoning:
`Assembly-CSharp.dll` was written at 22:48:39 (successful, with my Stage/Framing included), and `Assembly-CSharp-Editor.dll` at 22:43:55 — the editor assembly did NOT get rebuilt at 22:48 because it had errors (the validator errors). So the editor assembly last successful build was 22:43:55, before my editor files were complete. That's consistent.

The CS0103 (Builder cannot see Validator) at 22:43:55: at that time the Builder existed but the Validator maybe existed too? I wrote Builder then Validator. 22:43:55 could be when only the Builder was present → CS0103. Then later the Validator appeared and errors became the 4 CS1061.

Since the editor assembly hasn't recompiled after my fix, I can't confirm. But logically, fixing the field types resolves the CS1061 and the CS0103 disappears (since the validator type now exists and is valid).

Wait — is it possible the CS0103 is NOT stale, i.e., the Builder still can't see the Validator? Both are in namespace `LegacyGwent.LadyLakePremium.Editor`, same folder's Editor subdir, same assembly. The only way Builder can't see Validator is if the Validator file failed to produce the type. The 4 errors are semantic, so the type exists. Therefore the CS0103 must be from an earlier compile. Additionally, the tail of the log (last compile output) showed only the 4 CS1061 errors, no CS0103. That confirms the last compile resolved the Builder. Good.

So my fix should make it compile.

However, I want to be more certain. Since Unity is open but idle, and I'm not allowed to issue editor requests myself, maybe root will handle. But I could check whether the editor auto-refreshes if I just wait longer. Let me wait ~40s and check `Assembly-CSharp-Editor.dll` timestamp. If Unity auto-refreshes when it regains focus, it won't while unfocused. Hmm.

Actually, the task says "Main root will use thisbridge forverification." So root will send `refresh`/`build`. I've done my part.

Let me now finalize. But first, let me reconsider whether there are any OTHER compile errors in the editor assembly that would appear on next compile — the last compile reported errors only in the Validator (4) and presumably would also report the Bridge/Builder if they had errors. The Bridge and Builder had no errors in the last compile (only Builder's stale CS0103). So they're fine.

Wait, was the Bridge included in the last compile? The first log listing included the Bridge. If it had errors, they'd show. None. Good.

Now, my recent edit to the Bridge (adding `refresh` + `AssetDatabase.Refresh()`) could introduce an error if `AssetDatabase` isn't accessible — it is (using UnityEditor). Fine.

Now, let me make sure the `LadyLakePremiumValidationReport` with `List<string>` fields won't break `JsonUtility.ToJson` — it won't.

But there's a subtlety: I changed the fields to `System.Collections.Generic.List<string>` while the file already has `using System.Collections.Generic;`. Either works.

Now, let me reconsider: Does Unity 2019's JsonUtility serialize `List<string>`? Yes, `JsonUtility` supports `List<T>` and arrays of serializable types. Confirmed.

Now, one more potential issue: `LadyLakePremiumValidationReport` is `sealed` and has a constructor; JsonUtility doesn't need a default constructor for serialization (it does for deserialization but we only ToJson). Fine.

Now let me update the todo list to completed and write a final summary.

Actually, before finalizing, let me reconsider one more time the "Model/existing camera creation entirely original runtime DynamicCardView" and whether my scene being Overlay (no camera) is acceptable for capture. The bridge `capture` uses ScreenCapture which requires the Game view. In batch-mode verification, ScreenCapture may produce a black image if no camera renders. But overlay UI IS rendered to the screen, and ScreenCapture captures the game view backbuffer, which includes overlay UI. Actually, in Unity, `ScreenCapture.CaptureScreenshot` captures the final rendered frame including overlay canvases. Yes.

But wait: if there are NO cameras in the scene, Unity's game view might show "No cameras rendering" and the overlay canvas... Overlay canvases render even without a camera (they're drawn by the UI system to the screen). Actually, with no camera, the screen isn't cleared and the UI still draws. Hmm, but the DynamicCardView's RT camera is disabled (`renderCamera.enabled=false`), so it doesn't render to screen. The overlay canvas draws. ScreenCapture should capture it. I think it works.

However, if the root's verification uses a camera-based capture (like the old acceptance `Capture(cam,...)`), there's no `Camera.main`. So root might struggle. The bridge's capture uses ScreenCapture, which is fine.

But to be safe for capture and to match the old wrapper, maybe I should include a dedicated UI camera in the scene (Screen Space - Camera) so that `Camera.main`/any camera exists and captures deterministically. Hmm. The requirement "Model/existingcamera creation entirely originalruntimeDynamicCardView" means don't create the CARD camera. A UI presentation camera is different.

Trade-off:
- Overlay: no camera; ScreenCapture works; root's camera-based capture finds none.
- Screen Space Camera: needs a camera; more moving parts; matches old wrapper.

The task explicitly says "old standalone wrapper only reference for correct UIlayout", which used Screen Space Camera. And root needs to "capture". A camera-based capture is more reliable for root. Let me reconsider: adding a UI camera also means `Camera.main` exists, and the old acceptance pattern would work.

But "Do NOT clone player/camera/drag code" — the old wrapper's presentation camera setup is camera code. Hmm. However, I think that instruction targets the DynamicCardView card camera and the drag/player, not a UI canvas camera. Still, to minimize risk of violating "do not clone camera code", I chose Overlay. 

I'll keep Overlay but ensure the bridge's `capture` uses ScreenCapture (it does). And I'll document that there is no scene camera by design and capture uses ScreenCapture. Root can also use `sample` for state verification.

Hmm, but if root's verification is a camera capture (as in the old acceptance), it'll fail. The task says "Main root will use thisbridge forverification" — so root uses my bridge's capture. Good.

Actually, let me hedge: add a lightweight `Camera` for the UI? The old wrapper's ConfigurePresentationCamera sets clearFlags, cullingMask UI layer only. My canvas is Overlay, so a camera wouldn't render it anyway (Overlay ignores cameras). If I add a camera just for capture, it would render nothing. So no.

Alternatively, switch to Screen Space - Camera and add a UI camera. Then `Camera.main` exists (tag MainCamera) and renders the canvas. Capture via bridge could use that camera. But ScreenCapture also works with Screen Space Camera. Hmm.

Let me weigh: The phrase "old standalone wrapper only reference for correct UIlayout" strongly suggests matching the old wrapper's UI layout, which used Screen Space Camera. But the old wrapper also cloned the camera. The integration task says don't clone camera code. Conflict. I'll interpret "UI layout" as the visual composition (backdrop, centered card, scale), not the canvas render mode. Overlay is a legitimate simplification and DynamicCardPresentation explicitly supports it.

I'll keep Overlay and clearly document. Root's bridge capture works.

Actually, wait. There's a subtle problem with Overlay + `ScreenCapture.CaptureScreenshot` in the Editor: it captures the Game View. But if the Game View resolution is small, fine. It works.

OK, keeping Overlay.

Now, let me also make sure the `capture` output directory default is under Integration. Yes.

Let me finalize. Update todos.

One more: Let me double check the report is comprehensive and the framing numbers are right. Let me recompute tan(17.5°) precisely: 
17.5° * π/180 = 0.3054326191 rad.
tan(0.3054326191): tan(0.3)=0.309336, tan(0.31)=0.320... let me compute: sin(0.3054326)=0.300817, cos=0.953684; tan=0.315426? Hmm let me be careful.

Actually, let me compute tan(17.5°): I'll use the identity. tan(17.5°) — known tan(15°)=0.267949, tan(18°)=0.324920. Linear interpolation for 17.5: 0.267949 + (2.5/3)*(0.324920-0.267949) = 0.267949 + 0.83333*0.056971 = 0.267949+0.047476=0.315425. Hmm, that gives 0.315425, not 0.315299.

Let me compute more precisely. tan(17.5°): 
sin(17.5°)=0.300706, cos(17.5°)=0.953717. tan = 0.300706/0.953717 = 0.315298? Let's divide: 0.953717*0.3153 = 0.300707. Yes! So tan=0.315299. Good, my value 0.31529879 is right. The linear interpolation was inaccurate. Good.

halfHeight = 11.5*0.31529879 = 3.625936. Yes.
full = 7.251872.
regionH = 0.98114324*7.251872 = ?
7.251872*0.98114324:
7.251872*0.98 = 7.1068346
7.251872*0.00114324 = 0.008291
sum = 7.115126. Yes ~7.1151.
regionW = 7.251872*0.68260696:
7.251872*0.68 = 4.931273
7.251872*0.00260696 = 0.018904
sum = 4.950177. Hmm, earlier I got 4.95066. Let me recompute: 0.68260696 = 0.68 + 0.00260696. 7.251872*0.00260696: 7.251872*0.0026 = 0.0188549; *0.00000696 = 0.0000505; total 0.0189054. Sum 4.931273+0.018905 = 4.950178. So regionW ≈ 4.95018, not 4.95066. Let me redo: 7.251872*0.68 = 4.93127296. Plus 0.0189054 = 4.9501784. So 4.9502.

Earlier I wrote 4.95066160 — that was wrong. Let me recompute dx from u:
u = 0.16602942 + 0.68260696/2 = 0.16602942 + 0.34130348 = 0.50733290. dx = (0.50733290-0.5)*7.251872 = 0.0073329*7.251872 = 0.053176. That's independent of regionW. So dx=0.053176 ≈ 0.053175. Good.

regionW = 0.68260696*7.251872 = 4.950178. My report says 4.95066160 — incorrect. Let me recompute carefully once more:
7.251872 * 0.68260696.
7.251872 * 0.6 = 4.3511232
7.251872 * 0.08 = 0.58014976
7.251872 * 0.002 = 0.014503744
7.251872 * 0.0006 = 0.0043511232
7.251872 * 0.00000696 = 0.000050473
Sum: 4.3511232+0.58014976=4.93127296; +0.014503744=4.945776704; +0.0043511232=4.950127827; +0.000050473=4.9501783.
So 4.95018. 

And regionH: 7.251872 * 0.98114324.
7.251872 * 0.9 = 6.5266848
7.251872 * 0.08 = 0.58014976
7.251872 * 0.001 = 0.007251872
7.251872 * 0.0001 = 0.0007251872
7.251872 * 0.00004 = 0.0002900749
7.251872 * 0.00000324 = 0.000023496
Sum: 6.5266848+0.58014976=7.10683456; +0.007251872=7.114086432; +0.0007251872=7.114811619; +0.0002900749=7.115101694; +0.000023496=7.11512519.
So regionH = 7.11513. Good.

dy = (v-0.5)*full, v = 0.0035620682 + 0.98114324/2 = 0.0035620682+0.49057162=0.4941336882. dy = -0.0058663118*7.251872 = -0.042540. Good.

So only regionW was wrong in the report (4.95066 vs 4.95018). Let me fix the report and the code comment in LadyLakePremiumFraming (I wrote 4.95066160 there too). Let me correct both.

Also the aspect: regionH/regionW = 7.11513/4.95018 = 1.43735. Still vs 713/497=1.43461. Fine.

And the horizontal crop: painting width 4.97 vs region 4.95018 → 4.97 > 4.95018 by 0.01982 → 0.4%. Good.

Let me fix the numbers:
- LadyLakePremiumFraming comment: `regionWidth = .68260696 * 7.25187235 = 4.95066160` → `4.95017834`.
- report: `regionWorldW = .68260696 * 7.25187235 = 4.95066160` → `4.95017834`.
- report section 4 text "(7.1151 world high / 4.9507 world wide)" → "4.9502".

Let me also double check the validator tolerance: `report.paintingWorldWidth <= report.artRegionWorldWidth + .05f` → 4.97 <= 4.95018+0.05 = 5.00018 → true. Good.

Let me apply fixes.
dsh: reasoning:
Now let me also update the validator's check text: it says "497-wide painting is within the ArtRegion width by height-fit (" + artRegionWorldWidth.ToString("F4") + " world wide; <=0.4% horizontal crop)" — fine.

Now, let me reconsider whether `regionWorldH` should be 7.11513; the validator prints F4 → 7.1151. Good.

Now, let me consider the final state. I should also verify the report's "0.4%" claim: (4.97-4.95018)/4.95018 = 0.40%. Good.

Now, one more thing: The `integration-report.md` says "Pivot.localPosition = (dx, dy - 2, 0)". With `DynamicCardFraming.AppearanceOffset.y = 2`, code returns `(dx, dy-2, 0)` = (0.053175, -2.042541, 0). Good.

Now let me update the todo to completed and provide a final message.

Actually, wait. Let me reconsider whether Unity will recompile my fix and whether there could be a NEW error from the report's `List<string>`. I'm confident.

But there's one more thing I want to verify: The `LadyLakePremiumValidationReport` `checks`/`failures` as `List<string>` — JsonUtility.ToJson can serialize `List<string>`? Let me double-check Unity docs: JsonUtility supports "primitive types, enums, strings, arrays and Lists of these, and serializable classes/structs". Yes, List<string> is supported.

Now, another thought: the task says "Supply useful static/editor validation report for prefab references/bones/clips". Our validator does. Good.

Now, let me also make sure the `ValidateAndWrite` writes `validation-report.json` to a path inside Integration. Yes.

Now, let me think about whether root might call `LadyLakePremiumBuilder.Build()` and it fails because the concurrent model/env builders don't exist yet. That's expected; root runs after workers finish.

Let me finalize. I'll also do a last quick read of the full report to ensure coherence, then finish.

Actually, let me not re-read everything; time. Let me just mark todos complete and write the summary.

Wait, one more potential compile issue in the builder: `EvironmentAudioPath` etc. all good. `LadyLakePremiumStage.ArtId` is `public const string` → accessible. `LadyLakePremiumStage.ReferenceResolution` public static readonly. `LadyLakePremiumStage.BackdropColor` public static readonly. Good.

Another potential issue: In `BuildScene`, `stage.card = cardInstance.GetComponent<ArtCard>();` — `cardInstance` is GameObject. Good.

Now, `PrefabUtility.InstantiatePrefab(artCardPrefab, host.transform)` returns Object; cast to GameObject. Good.

`cardRect = (RectTransform)cardInstance.transform;` — the ArtCard prefab root has a RectTransform. Good.

Now, `root.AddComponent<LadyLakePremiumStage>()` where `root` is GameObject. Good.

Now, `EditorSceneManager.MarkSceneDirty(scene)` — signature `MarkSceneDirty(Scene)`. Good.

`EditorSceneManager.SaveScene(scene, ScenePath)` returns bool. Good.

Now, `EditorSceneManager.NewScene(NewSceneSetup.EmptyScene, NewSceneMode.Additive)` returns Scene. Good.

All good.

One last thing: the bridge's `AssetDatabase.Refresh()` inside a switch case — `AssetDatabase` is `UnityEditor.AssetDatabase`. Good.

Let me mark the todos complete.
dsh: reasoning:
Let me do a final check: are there any files I created outside Integration? No. Let me verify with glob of LadyLakePremium excluding Integration and Documentation.

Also, let me double check the `Integration.meta` and `Runtime.meta`/`Editor.meta` exist (Unity generated). Good.

Let me do a final summary message. But first, I want to mention the Unity-reported compile errors I fixed and that other pre-existing/concurrent errors exist (GwentClientGameService, LadyLakeCardPresentationBuilder). Actually, `LadyLakeCardPresentationBuilder.cs` error `LadyLakeLabBuilder does not contain BuildScene` is in the old experiment (read-only). And `GwentClientGameService.cs` CS0117 — likely concurrent. I should mention these as observations but note they're outside my scope.

Hmm, actually the GwentClientGameService error and LadyLakeCardPresentationBuilder error might both be stale from earlier compiles. The last Assembly-CSharp build at 22:48 succeeded (dll written), so GwentClientGameService error is stale. The editor assembly last succeeded at 22:43:55, before the validator errors. The LadyLakeCardPresentationBuilder error is probably stale too (old experiment build issues). Either way, not mine.

Let me verify Assembly-CSharp.dll at 22:48:39 with no error indicates success despite the unique error list containing GwentClientGameService — yes, because the unique list spans the whole log. Good.

Now, final answer summary.

Actually, one more improvement worth doing: the report should mention the compiler-verification status honestly. But the report is about the integration deliverables; I can add a short "compile status" note. Given I fixed the only reported errors, and the runtime assembly compiled cleanly, let me add a brief note to the report so root knows. Actually, the report shouldn't claim verified compile if the editor assembly hasn't recompiled since the fix. Let me add an honest note in the report's unverified/status: "The runtime assembly compiled cleanly; the editor assembly's last successful compile predates the validator field-type fix, which resolves the only reported CS1061 errors. Root should `refresh` before `build`."

Hmm, that's useful. Let me add a small section 11 "Build/compile status".

Let me add it.
dsh: reasoning:
Now I'm done. Let me give the final summary. Let me also verify no files outside Integration were modified by me. I only used write/edit on Integration paths. Confirmed.

Let me produce the final answer, concise but covering what was delivered, the key decisions, the bundle precedence analysis, framing math, and root next steps.
Done. Here's what I implemented as the INTEGRATION worker — everything is confined to `Assets/Experiments/LadyLakePremium/Integration/**`.

## Delivered

| File | Purpose |
|---|---|
| `Integration/Runtime/LadyLakePremiumFraming.cs` | Exact framing math (public, shared by builder/validator/runtime) |
| `Integration/Runtime/LadyLakePremiumStage.cs` | Runtime scene stage → calls the **real** `DynamicCardView.Bind` |
| `Integration/Editor/LadyLakePremiumBuilder.cs` | `public static Build()` / `Open()` / `BuildAndOpen()` / `ValidateAndWrite()` |
| `Integration/Editor/LadyLakePremiumValidator.cs` | Static validation (`validation-report.json`) + explicit `unverifiedRuntime` |
| `Integration/Editor/LadyLakePremiumEditorBridge.cs` | Opt-in file bridge on `editor-request.txt` (no auto build/play) |
| `Integration/catalog-entry.json` | The `DynamicCardEntry` (`lady-lake-authored`, `c10000000`, FOV 35, distance −11.5, pivot `Pivot`, 12/12) |
| `Integration/editor-request.txt` | Comment-only placeholder (bridge ignores it) |
| `Integration/integration-report.md` | Full report incl. framing math and bundle analysis |

`Integration/Card.prefab` and `Integration/LadyLakePremium.unity` are generated by `Build()` because the model/environment prefabs are produced by the concurrent workers. `Build()` reflection-calls `LadyLakeModelBuilder.Build()` / `LadyLakeEnvironmentBuilder.Build()` and throws a named error if either (or its prefab) is absent — no placeholders.

## Key design points
- **Real production path**: stage instantiates the collection `ArtCard`, applies the original gold/neutral sprites, calls `DynamicCardPresentation.Configure`, then `DynamicCardView.Bind(CardImg, "c10000000", largePreview:true, wholeCard:CardBorder, presentationRoot:card.transform, portraitBorder:CardBorder, premium:true)`. No cloned player/camera/drag, no custom RT backend, no injected library entries.
- **Assembly**: `Card → Pivot → {FigureRig, Environment}` as nested prefab instances; `entry.pivot = "Pivot"`.
- **Framing**: `Pivot = (0.053175, −2.042541, 0)` = anchor `−2` compensation plus the small ArtRegion-centre correction so the 497×710 (world 7.10) painting fits the unchanged `ArtRegion` (region world height 7.1151). Verified against the shipped source convention (`56180101/Card.prefab` uses `Pivot (0,−2,0)`), documented in the report.
- **Opt-in bridge**: `build|open|play|stop|capture|validate|sample|status|refresh`, absolute paths, `editor-result.txt`/`editor-state.json`/`stage-sample.json`. It does nothing unless the request file holds a command. I issued no requests.

## Bundle precedence (documented, not acted on)
The editor cache `Library/DynamicCardsBundles/StandaloneWindows64/cards.bundle` **exists and is `.editor-ready`**, so `DynamicCardLibrary.LoadCatalog` never consults the AssetDatabase fallback (`if (bundle == null)`), and neither `c10000000` nor the new id is in `catalog.json` yet. Root must: merge `catalog-entry.json`, **relocate the prefab** to a path the bundle builder accepts (it rejects anything outside `Content/Latest` / `Content/Old/*`), rebuild packages, then re-enter Play. The cache was not moved or deleted.

## Compile feedback handled
Unity was live; its log showed `Assembly-CSharp` rebuilt cleanly with my runtime files, and only four `CS1061` errors in the validator (`string[]` + `.Add`) plus a stale `CS0103`. I switched `checks`/`failures` to `List<string>`; the report notes root should send `refresh` before `build` since the editor assembly hadn't recompiled again yet.
